base_seed,category,degenerate_clip,early_image_path,final_image_path,guidance,instruction,pair_id,perturb_sigma_0,perturb_sigma_1,perturb_timestep_0,perturb_timestep_1,perturbation_id,perturbation_sign,q_early_clip,q_final_clip,readout_sigma,readout_timestep,sample_id,sde_scale,steps,subgroup,timestep_mode
20260743,1_change_object_80,0,images/piebench_1_change_object_80_111000000001/first_only/early/pair_00_pos.jpg,images/piebench_1_change_object_80_111000000001/first_only/final/pair_00_pos.jpg,3.5,Change the cat into a tiger.,0,1.0,,1000.0,,pair_00_pos,1,0.848856508731842,1.0132166147232056,0.9660137891769409,966.0137939453125,piebench_1_change_object_80_111000000001,0.7,10,structural_discrete,first_only
20260743,1_change_object_80,0,images/piebench_1_change_object_80_111000000001/first_only/early/pair_00_neg.jpg,images/piebench_1_change_object_80_111000000001/first_only/final/pair_00_neg.jpg,3.5,Change the cat into a tiger.,0,1.0,,1000.0,,pair_00_neg,-1,0.8453950881958008,0.9363511800765991,0.9660137891769409,966.0137939453125,piebench_1_change_object_80_111000000001,0.7,10,structural_discrete,first_only
20260743,1_change_object_80,0,images/piebench_1_change_object_80_111000000001/first_only/early/pair_01_pos.jpg,images/piebench_1_change_object_80_111000000001/first_only/final/pair_01_pos.jpg,3.5,Change the cat into a tiger.,1,1.0,,1000.0,,pair_01_pos,1,0.8598431944847107,1.0208759307861328,0.9660137891769409,966.0137939453125,piebench_1_change_object_80_111000000001,0.7,10,structural_discrete,first_only
20260743,1_change_object_80,0,images/piebench_1_change_object_80_111000000001/first_only/early/pair_01_neg.jpg,images/piebench_1_change_object_80_111000000001/first_only/final/pair_01_neg.jpg,3.5,Change the cat into a tiger.,1,1.0,,1000.0,,pair_01_neg,-1,0.8155307769775391,0.9719323515892029,0.9660137891769409,966.0137939453125,piebench_1_change_object_80_111000000001,0.7,10,structural_discrete,first_only
20260743,1_change_object_80,0,images/piebench_1_change_object_80_111000000001/first_only/early/pair_02_pos.jpg,images/piebench_1_change_object_80_111000000001/first_only/final/pair_02_pos.jpg,3.5,Change the cat into a tiger.,2,1.0,,1000.0,,pair_02_pos,1,0.7481444478034973,0.9899893999099731,0.9660137891769409,966.0137939453125,piebench_1_change_object_80_111000000001,0.7,10,structural_discrete,first_only
20260743,1_change_object_80,0,images/piebench_1_change_object_80_111000000001/first_only/early/pair_02_neg.jpg,images/piebench_1_change_object_80_111000000001/first_only/final/pair_02_neg.jpg,3.5,Change the cat into a tiger.,2,1.0,,1000.0,,pair_02_neg,-1,0.8765323758125305,0.957672655582428,0.9660137891769409,966.0137939453125,piebench_1_change_object_80_111000000001,0.7,10,structural_discrete,first_only
20260743,1_change_object_80,0,images/piebench_1_change_object_80_111000000001/first_only/early/pair_03_pos.jpg,images/piebench_1_change_object_80_111000000001/first_only/final/pair_03_pos.jpg,3.5,Change the cat into a tiger.,3,1.0,,1000.0,,pair_03_pos,1,0.9321130514144897,0.9620089530944824,0.9660137891769409,966.0137939453125,piebench_1_change_object_80_111000000001,0.7,10,structural_discrete,first_only
20260743,1_change_object_80,0,images/piebench_1_change_object_80_111000000001/first_only/early/pair_03_neg.jpg,images/piebench_1_change_object_80_111000000001/first_only/final/pair_03_neg.jpg,3.5,Change the cat into a tiger.,3,1.0,,1000.0,,pair_03_neg,-1,0.8065086603164673,0.9644585847854614,0.9660137891769409,966.0137939453125,piebench_1_change_object_80_111000000001,0.7,10,structural_discrete,first_only
20260743,1_change_object_80,0,images/piebench_1_change_object_80_111000000001/first_only/early/pair_04_pos.jpg,images/piebench_1_change_object_80_111000000001/first_only/final/pair_04_pos.jpg,3.5,Change the cat into a tiger.,4,1.0,,1000.0,,pair_04_pos,1,0.8379635810852051,1.0252456665039062,0.9660137891769409,966.0137939453125,piebench_1_change_object_80_111000000001,0.7,10,structural_discrete,first_only
20260743,1_change_object_80,0,images/piebench_1_change_object_80_111000000001/first_only/early/pair_04_neg.jpg,images/piebench_1_change_object_80_111000000001/first_only/final/pair_04_neg.jpg,3.5,Change the cat into a tiger.,4,1.0,,1000.0,,pair_04_neg,-1,0.8714535236358643,0.977371096611023,0.9660137891769409,966.0137939453125,piebench_1_change_object_80_111000000001,0.7,10,structural_discrete,first_only
20260743,1_change_object_80,0,images/piebench_1_change_object_80_111000000001/first_only/early/pair_05_pos.jpg,images/piebench_1_change_object_80_111000000001/first_only/final/pair_05_pos.jpg,3.5,Change the cat into a tiger.,5,1.0,,1000.0,,pair_05_pos,1,0.8273115158081055,1.0672414302825928,0.9660137891769409,966.0137939453125,piebench_1_change_object_80_111000000001,0.7,10,structural_discrete,first_only
20260743,1_change_object_80,0,images/piebench_1_change_object_80_111000000001/first_only/early/pair_05_neg.jpg,images/piebench_1_change_object_80_111000000001/first_only/final/pair_05_neg.jpg,3.5,Change the cat into a tiger.,5,1.0,,1000.0,,pair_05_neg,-1,0.8894169926643372,0.971574604511261,0.9660137891769409,966.0137939453125,piebench_1_change_object_80_111000000001,0.7,10,structural_discrete,first_only
20260743,1_change_object_80,0,images/piebench_1_change_object_80_111000000001/first_only/early/pair_06_pos.jpg,images/piebench_1_change_object_80_111000000001/first_only/final/pair_06_pos.jpg,3.5,Change the cat into a tiger.,6,1.0,,1000.0,,pair_06_pos,1,0.8514525294303894,0.9896325469017029,0.9660137891769409,966.0137939453125,piebench_1_change_object_80_111000000001,0.7,10,structural_discrete,first_only
20260743,1_change_object_80,0,images/piebench_1_change_object_80_111000000001/first_only/early/pair_06_neg.jpg,images/piebench_1_change_object_80_111000000001/first_only/final/pair_06_neg.jpg,3.5,Change the cat into a tiger.,6,1.0,,1000.0,,pair_06_neg,-1,0.873521625995636,1.0013986825942993,0.9660137891769409,966.0137939453125,piebench_1_change_object_80_111000000001,0.7,10,structural_discrete,first_only
20260743,1_change_object_80,0,images/piebench_1_change_object_80_111000000001/first_only/early/pair_07_pos.jpg,images/piebench_1_change_object_80_111000000001/first_only/final/pair_07_pos.jpg,3.5,Change the cat into a tiger.,7,1.0,,1000.0,,pair_07_pos,1,0.8010973334312439,0.9052561521530151,0.9660137891769409,966.0137939453125,piebench_1_change_object_80_111000000001,0.7,10,structural_discrete,first_only
20260743,1_change_object_80,0,images/piebench_1_change_object_80_111000000001/first_only/early/pair_07_neg.jpg,images/piebench_1_change_object_80_111000000001/first_only/final/pair_07_neg.jpg,3.5,Change the cat into a tiger.,7,1.0,,1000.0,,pair_07_neg,-1,0.8596075773239136,1.0149880647659302,0.9660137891769409,966.0137939453125,piebench_1_change_object_80_111000000001,0.7,10,structural_discrete,first_only
20260743,1_change_object_80,0,images/piebench_1_change_object_80_111000000001/first_only/early/pair_08_pos.jpg,images/piebench_1_change_object_80_111000000001/first_only/final/pair_08_pos.jpg,3.5,Change the cat into a tiger.,8,1.0,,1000.0,,pair_08_pos,1,0.8138794302940369,0.9924202561378479,0.9660137891769409,966.0137939453125,piebench_1_change_object_80_111000000001,0.7,10,structural_discrete,first_only
20260743,1_change_object_80,0,images/piebench_1_change_object_80_111000000001/first_only/early/pair_08_neg.jpg,images/piebench_1_change_object_80_111000000001/first_only/final/pair_08_neg.jpg,3.5,Change the cat into a tiger.,8,1.0,,1000.0,,pair_08_neg,-1,0.8740623593330383,1.0060712099075317,0.9660137891769409,966.0137939453125,piebench_1_change_object_80_111000000001,0.7,10,structural_discrete,first_only
20260743,1_change_object_80,0,images/piebench_1_change_object_80_111000000001/first_only/early/pair_09_pos.jpg,images/piebench_1_change_object_80_111000000001/first_only/final/pair_09_pos.jpg,3.5,Change the cat into a tiger.,9,1.0,,1000.0,,pair_09_pos,1,0.7558504343032837,0.9304850101470947,0.9660137891769409,966.0137939453125,piebench_1_change_object_80_111000000001,0.7,10,structural_discrete,first_only
20260743,1_change_object_80,0,images/piebench_1_change_object_80_111000000001/first_only/early/pair_09_neg.jpg,images/piebench_1_change_object_80_111000000001/first_only/final/pair_09_neg.jpg,3.5,Change the cat into a tiger.,9,1.0,,1000.0,,pair_09_neg,-1,0.8732398748397827,1.015068531036377,0.9660137891769409,966.0137939453125,piebench_1_change_object_80_111000000001,0.7,10,structural_discrete,first_only
20260743,1_change_object_80,0,images/piebench_1_change_object_80_111000000001/first_only/early/pair_10_pos.jpg,images/piebench_1_change_object_80_111000000001/first_only/final/pair_10_pos.jpg,3.5,Change the cat into a tiger.,10,1.0,,1000.0,,pair_10_pos,1,0.8158848285675049,0.9602126479148865,0.9660137891769409,966.0137939453125,piebench_1_change_object_80_111000000001,0.7,10,structural_discrete,first_only
20260743,1_change_object_80,0,images/piebench_1_change_object_80_111000000001/first_only/early/pair_10_neg.jpg,images/piebench_1_change_object_80_111000000001/first_only/final/pair_10_neg.jpg,3.5,Change the cat into a tiger.,10,1.0,,1000.0,,pair_10_neg,-1,0.8966241478919983,1.0072325468063354,0.9660137891769409,966.0137939453125,piebench_1_change_object_80_111000000001,0.7,10,structural_discrete,first_only
20260743,1_change_object_80,0,images/piebench_1_change_object_80_111000000001/first_only/early/pair_11_pos.jpg,images/piebench_1_change_object_80_111000000001/first_only/final/pair_11_pos.jpg,3.5,Change the cat into a tiger.,11,1.0,,1000.0,,pair_11_pos,1,0.8072815537452698,0.988256573677063,0.9660137891769409,966.0137939453125,piebench_1_change_object_80_111000000001,0.7,10,structural_discrete,first_only
20260743,1_change_object_80,0,images/piebench_1_change_object_80_111000000001/first_only/early/pair_11_neg.jpg,images/piebench_1_change_object_80_111000000001/first_only/final/pair_11_neg.jpg,3.5,Change the cat into a tiger.,11,1.0,,1000.0,,pair_11_neg,-1,0.9565882682800293,1.0161666870117188,0.9660137891769409,966.0137939453125,piebench_1_change_object_80_111000000001,0.7,10,structural_discrete,first_only
20260743,1_change_object_80,0,images/piebench_1_change_object_80_111000000001/first_only/early/pair_12_pos.jpg,images/piebench_1_change_object_80_111000000001/first_only/final/pair_12_pos.jpg,3.5,Change the cat into a tiger.,12,1.0,,1000.0,,pair_12_pos,1,0.8317039012908936,0.9614487290382385,0.9660137891769409,966.0137939453125,piebench_1_change_object_80_111000000001,0.7,10,structural_discrete,first_only
20260743,1_change_object_80,0,images/piebench_1_change_object_80_111000000001/first_only/early/pair_12_neg.jpg,images/piebench_1_change_object_80_111000000001/first_only/final/pair_12_neg.jpg,3.5,Change the cat into a tiger.,12,1.0,,1000.0,,pair_12_neg,-1,0.8286513090133667,0.9831168055534363,0.9660137891769409,966.0137939453125,piebench_1_change_object_80_111000000001,0.7,10,structural_discrete,first_only
20260743,1_change_object_80,0,images/piebench_1_change_object_80_111000000001/first_only/early/pair_13_pos.jpg,images/piebench_1_change_object_80_111000000001/first_only/final/pair_13_pos.jpg,3.5,Change the cat into a tiger.,13,1.0,,1000.0,,pair_13_pos,1,0.7910829186439514,0.9588409662246704,0.9660137891769409,966.0137939453125,piebench_1_change_object_80_111000000001,0.7,10,structural_discrete,first_only
20260743,1_change_object_80,0,images/piebench_1_change_object_80_111000000001/first_only/early/pair_13_neg.jpg,images/piebench_1_change_object_80_111000000001/first_only/final/pair_13_neg.jpg,3.5,Change the cat into a tiger.,13,1.0,,1000.0,,pair_13_neg,-1,0.9617642760276794,0.9781762957572937,0.9660137891769409,966.0137939453125,piebench_1_change_object_80_111000000001,0.7,10,structural_discrete,first_only
20260743,1_change_object_80,0,images/piebench_1_change_object_80_111000000001/first_only/early/pair_14_pos.jpg,images/piebench_1_change_object_80_111000000001/first_only/final/pair_14_pos.jpg,3.5,Change the cat into a tiger.,14,1.0,,1000.0,,pair_14_pos,1,0.7928261160850525,0.9537064433097839,0.9660137891769409,966.0137939453125,piebench_1_change_object_80_111000000001,0.7,10,structural_discrete,first_only
20260743,1_change_object_80,0,images/piebench_1_change_object_80_111000000001/first_only/early/pair_14_neg.jpg,images/piebench_1_change_object_80_111000000001/first_only/final/pair_14_neg.jpg,3.5,Change the cat into a tiger.,14,1.0,,1000.0,,pair_14_neg,-1,0.8249044418334961,0.9792481064796448,0.9660137891769409,966.0137939453125,piebench_1_change_object_80_111000000001,0.7,10,structural_discrete,first_only
20260743,1_change_object_80,0,images/piebench_1_change_object_80_111000000001/first_only/early/pair_15_pos.jpg,images/piebench_1_change_object_80_111000000001/first_only/final/pair_15_pos.jpg,3.5,Change the cat into a tiger.,15,1.0,,1000.0,,pair_15_pos,1,0.8765495419502258,1.0118364095687866,0.9660137891769409,966.0137939453125,piebench_1_change_object_80_111000000001,0.7,10,structural_discrete,first_only
20260743,1_change_object_80,0,images/piebench_1_change_object_80_111000000001/first_only/early/pair_15_neg.jpg,images/piebench_1_change_object_80_111000000001/first_only/final/pair_15_neg.jpg,3.5,Change the cat into a tiger.,15,1.0,,1000.0,,pair_15_neg,-1,0.8640350103378296,0.960463285446167,0.9660137891769409,966.0137939453125,piebench_1_change_object_80_111000000001,0.7,10,structural_discrete,first_only
20260743,1_change_object_80,0,images/piebench_1_change_object_80_111000000001/first_two/early/pair_00_pos.jpg,images/piebench_1_change_object_80_111000000001/first_two/final/pair_00_pos.jpg,3.5,Change the cat into a tiger.,0,1.0,0.9660137891769409,1000.0,966.0137939453125,pair_00_pos,1,0.9106857776641846,1.0345425605773926,0.9266473650932312,926.6473388671875,piebench_1_change_object_80_111000000001,0.7,10,structural_discrete,first_two
20260743,1_change_object_80,0,images/piebench_1_change_object_80_111000000001/first_two/early/pair_00_neg.jpg,images/piebench_1_change_object_80_111000000001/first_two/final/pair_00_neg.jpg,3.5,Change the cat into a tiger.,0,1.0,0.9660137891769409,1000.0,966.0137939453125,pair_00_neg,-1,0.8721948266029358,0.9531660079956055,0.9266473650932312,926.6473388671875,piebench_1_change_object_80_111000000001,0.7,10,structural_discrete,first_two
20260743,1_change_object_80,0,images/piebench_1_change_object_80_111000000001/first_two/early/pair_01_pos.jpg,images/piebench_1_change_object_80_111000000001/first_two/final/pair_01_pos.jpg,3.5,Change the cat into a tiger.,1,1.0,0.9660137891769409,1000.0,966.0137939453125,pair_01_pos,1,0.8511292934417725,1.0252941846847534,0.9266473650932312,926.6473388671875,piebench_1_change_object_80_111000000001,0.7,10,structural_discrete,first_two
20260743,1_change_object_80,0,images/piebench_1_change_object_80_111000000001/first_two/early/pair_01_neg.jpg,images/piebench_1_change_object_80_111000000001/first_two/final/pair_01_neg.jpg,3.5,Change the cat into a tiger.,1,1.0,0.9660137891769409,1000.0,966.0137939453125,pair_01_neg,-1,0.8385747075080872,1.0154473781585693,0.9266473650932312,926.6473388671875,piebench_1_change_object_80_111000000001,0.7,10,structural_discrete,first_two
20260743,1_change_object_80,0,images/piebench_1_change_object_80_111000000001/first_two/early/pair_02_pos.jpg,images/piebench_1_change_object_80_111000000001/first_two/final/pair_02_pos.jpg,3.5,Change the cat into a tiger.,2,1.0,0.9660137891769409,1000.0,966.0137939453125,pair_02_pos,1,0.8666618466377258,1.020108699798584,0.9266473650932312,926.6473388671875,piebench_1_change_object_80_111000000001,0.7,10,structural_discrete,first_two
20260743,1_change_object_80,0,images/piebench_1_change_object_80_111000000001/first_two/early/pair_02_neg.jpg,images/piebench_1_change_object_80_111000000001/first_two/final/pair_02_neg.jpg,3.5,Change the cat into a tiger.,2,1.0,0.9660137891769409,1000.0,966.0137939453125,pair_02_neg,-1,0.8865346312522888,0.9358479380607605,0.9266473650932312,926.6473388671875,piebench_1_change_object_80_111000000001,0.7,10,structural_discrete,first_two
20260743,1_change_object_80,0,images/piebench_1_change_object_80_111000000001/first_two/early/pair_03_pos.jpg,images/piebench_1_change_object_80_111000000001/first_two/final/pair_03_pos.jpg,3.5,Change the cat into a tiger.,3,1.0,0.9660137891769409,1000.0,966.0137939453125,pair_03_pos,1,0.960294246673584,0.947404682636261,0.9266473650932312,926.6473388671875,piebench_1_change_object_80_111000000001,0.7,10,structural_discrete,first_two
20260743,1_change_object_80,0,images/piebench_1_change_object_80_111000000001/first_two/early/pair_03_neg.jpg,images/piebench_1_change_object_80_111000000001/first_two/final/pair_03_neg.jpg,3.5,Change the cat into a tiger.,3,1.0,0.9660137891769409,1000.0,966.0137939453125,pair_03_neg,-1,0.8847001194953918,1.0163887739181519,0.9266473650932312,926.6473388671875,piebench_1_change_object_80_111000000001,0.7,10,structural_discrete,first_two
20260743,1_change_object_80,0,images/piebench_1_change_object_80_111000000001/first_two/early/pair_04_pos.jpg,images/piebench_1_change_object_80_111000000001/first_two/final/pair_04_pos.jpg,3.5,Change the cat into a tiger.,4,1.0,0.9660137891769409,1000.0,966.0137939453125,pair_04_pos,1,0.9147160053253174,1.0254453420639038,0.9266473650932312,926.6473388671875,piebench_1_change_object_80_111000000001,0.7,10,structural_discrete,first_two
20260743,1_change_object_80,0,images/piebench_1_change_object_80_111000000001/first_two/early/pair_04_neg.jpg,images/piebench_1_change_object_80_111000000001/first_two/final/pair_04_neg.jpg,3.5,Change the cat into a tiger.,4,1.0,0.9660137891769409,1000.0,966.0137939453125,pair_04_neg,-1,0.903679370880127,0.9840704202651978,0.9266473650932312,926.6473388671875,piebench_1_change_object_80_111000000001,0.7,10,structural_discrete,first_two
20260743,1_change_object_80,0,images/piebench_1_change_object_80_111000000001/first_two/early/pair_05_pos.jpg,images/piebench_1_change_object_80_111000000001/first_two/final/pair_05_pos.jpg,3.5,Change the cat into a tiger.,5,1.0,0.9660137891769409,1000.0,966.0137939453125,pair_05_pos,1,0.8919498324394226,1.0565248727798462,0.9266473650932312,926.6473388671875,piebench_1_change_object_80_111000000001,0.7,10,structural_discrete,first_two
20260743,1_change_object_80,0,images/piebench_1_change_object_80_111000000001/first_two/early/pair_05_neg.jpg,images/piebench_1_change_object_80_111000000001/first_two/final/pair_05_neg.jpg,3.5,Change the cat into a tiger.,5,1.0,0.9660137891769409,1000.0,966.0137939453125,pair_05_neg,-1,0.8853737711906433,1.0133427381515503,0.9266473650932312,926.6473388671875,piebench_1_change_object_80_111000000001,0.7,10,structural_discrete,first_two
20260743,1_change_object_80,0,images/piebench_1_change_object_80_111000000001/first_two/early/pair_06_pos.jpg,images/piebench_1_change_object_80_111000000001/first_two/final/pair_06_pos.jpg,3.5,Change the cat into a tiger.,6,1.0,0.9660137891769409,1000.0,966.0137939453125,pair_06_pos,1,0.9192295074462891,0.9900162816047668,0.9266473650932312,926.6473388671875,piebench_1_change_object_80_111000000001,0.7,10,structural_discrete,first_two
20260743,1_change_object_80,0,images/piebench_1_change_object_80_111000000001/first_two/early/pair_06_neg.jpg,images/piebench_1_change_object_80_111000000001/first_two/final/pair_06_neg.jpg,3.5,Change the cat into a tiger.,6,1.0,0.9660137891769409,1000.0,966.0137939453125,pair_06_neg,-1,0.8797432780265808,1.0092309713363647,0.9266473650932312,926.6473388671875,piebench_1_change_object_80_111000000001,0.7,10,structural_discrete,first_two
20260743,1_change_object_80,0,images/piebench_1_change_object_80_111000000001/first_two/early/pair_07_pos.jpg,images/piebench_1_change_object_80_111000000001/first_two/final/pair_07_pos.jpg,3.5,Change the cat into a tiger.,7,1.0,0.9660137891769409,1000.0,966.0137939453125,pair_07_pos,1,0.9196377396583557,0.9119976758956909,0.9266473650932312,926.6473388671875,piebench_1_change_object_80_111000000001,0.7,10,structural_discrete,first_two
20260743,1_change_object_80,0,images/piebench_1_change_object_80_111000000001/first_two/early/pair_07_neg.jpg,images/piebench_1_change_object_80_111000000001/first_two/final/pair_07_neg.jpg,3.5,Change the cat into a tiger.,7,1.0,0.9660137891769409,1000.0,966.0137939453125,pair_07_neg,-1,0.899876594543457,1.003461480140686,0.9266473650932312,926.6473388671875,piebench_1_change_object_80_111000000001,0.7,10,structural_discrete,first_two
20260743,1_change_object_80,0,images/piebench_1_change_object_80_111000000001/first_two/early/pair_08_pos.jpg,images/piebench_1_change_object_80_111000000001/first_two/final/pair_08_pos.jpg,3.5,Change the cat into a tiger.,8,1.0,0.9660137891769409,1000.0,966.0137939453125,pair_08_pos,1,0.8001502752304077,0.9493842124938965,0.9266473650932312,926.6473388671875,piebench_1_change_object_80_111000000001,0.7,10,structural_discrete,first_two
20260743,1_change_object_80,0,images/piebench_1_change_object_80_111000000001/first_two/early/pair_08_neg.jpg,images/piebench_1_change_object_80_111000000001/first_two/final/pair_08_neg.jpg,3.5,Change the cat into a tiger.,8,1.0,0.9660137891769409,1000.0,966.0137939453125,pair_08_neg,-1,0.910495936870575,0.9456627368927002,0.9266473650932312,926.6473388671875,piebench_1_change_object_80_111000000001,0.7,10,structural_discrete,first_two
20260743,1_change_object_80,0,images/piebench_1_change_object_80_111000000001/first_two/early/pair_09_pos.jpg,images/piebench_1_change_object_80_111000000001/first_two/final/pair_09_pos.jpg,3.5,Change the cat into a tiger.,9,1.0,0.9660137891769409,1000.0,966.0137939453125,pair_09_pos,1,0.8375529050827026,0.9718140959739685,0.9266473650932312,926.6473388671875,piebench_1_change_object_80_111000000001,0.7,10,structural_discrete,first_two
20260743,1_change_object_80,0,images/piebench_1_change_object_80_111000000001/first_two/early/pair_09_neg.jpg,images/piebench_1_change_object_80_111000000001/first_two/final/pair_09_neg.jpg,3.5,Change the cat into a tiger.,9,1.0,0.9660137891769409,1000.0,966.0137939453125,pair_09_neg,-1,0.919787585735321,1.0497549772262573,0.9266473650932312,926.6473388671875,piebench_1_change_object_80_111000000001,0.7,10,structural_discrete,first_two
20260743,1_change_object_80,0,images/piebench_1_change_object_80_111000000001/first_two/early/pair_10_pos.jpg,images/piebench_1_change_object_80_111000000001/first_two/final/pair_10_pos.jpg,3.5,Change the cat into a tiger.,10,1.0,0.9660137891769409,1000.0,966.0137939453125,pair_10_pos,1,0.8673411011695862,0.9949336051940918,0.9266473650932312,926.6473388671875,piebench_1_change_object_80_111000000001,0.7,10,structural_discrete,first_two
20260743,1_change_object_80,0,images/piebench_1_change_object_80_111000000001/first_two/early/pair_10_neg.jpg,images/piebench_1_change_object_80_111000000001/first_two/final/pair_10_neg.jpg,3.5,Change the cat into a tiger.,10,1.0,0.9660137891769409,1000.0,966.0137939453125,pair_10_neg,-1,0.9529796242713928,1.0323593616485596,0.9266473650932312,926.6473388671875,piebench_1_change_object_80_111000000001,0.7,10,structural_discrete,first_two
20260743,1_change_object_80,0,images/piebench_1_change_object_80_111000000001/first_two/early/pair_11_pos.jpg,images/piebench_1_change_object_80_111000000001/first_two/final/pair_11_pos.jpg,3.5,Change the cat into a tiger.,11,1.0,0.9660137891769409,1000.0,966.0137939453125,pair_11_pos,1,0.8884696364402771,0.9850577116012573,0.9266473650932312,926.6473388671875,piebench_1_change_object_80_111000000001,0.7,10,structural_discrete,first_two
20260743,1_change_object_80,0,images/piebench_1_change_object_80_111000000001/first_two/early/pair_11_neg.jpg,images/piebench_1_change_object_80_111000000001/first_two/final/pair_11_neg.jpg,3.5,Change the cat into a tiger.,11,1.0,0.9660137891769409,1000.0,966.0137939453125,pair_11_neg,-1,0.8925837278366089,0.9946603775024414,0.9266473650932312,926.6473388671875,piebench_1_change_object_80_111000000001,0.7,10,structural_discrete,first_two
20260743,1_change_object_80,0,images/piebench_1_change_object_80_111000000001/first_two/early/pair_12_pos.jpg,images/piebench_1_change_object_80_111000000001/first_two/final/pair_12_pos.jpg,3.5,Change the cat into a tiger.,12,1.0,0.9660137891769409,1000.0,966.0137939453125,pair_12_pos,1,0.8658874034881592,0.9870821833610535,0.9266473650932312,926.6473388671875,piebench_1_change_object_80_111000000001,0.7,10,structural_discrete,first_two
20260743,1_change_object_80,0,images/piebench_1_change_object_80_111000000001/first_two/early/pair_12_neg.jpg,images/piebench_1_change_object_80_111000000001/first_two/final/pair_12_neg.jpg,3.5,Change the cat into a tiger.,12,1.0,0.9660137891769409,1000.0,966.0137939453125,pair_12_neg,-1,0.9287384152412415,1.025173306465149,0.9266473650932312,926.6473388671875,piebench_1_change_object_80_111000000001,0.7,10,structural_discrete,first_two
20260743,1_change_object_80,0,images/piebench_1_change_object_80_111000000001/first_two/early/pair_13_pos.jpg,images/piebench_1_change_object_80_111000000001/first_two/final/pair_13_pos.jpg,3.5,Change the cat into a tiger.,13,1.0,0.9660137891769409,1000.0,966.0137939453125,pair_13_pos,1,0.8691796660423279,0.9773684144020081,0.9266473650932312,926.6473388671875,piebench_1_change_object_80_111000000001,0.7,10,structural_discrete,first_two
20260743,1_change_object_80,0,images/piebench_1_change_object_80_111000000001/first_two/early/pair_13_neg.jpg,images/piebench_1_change_object_80_111000000001/first_two/final/pair_13_neg.jpg,3.5,Change the cat into a tiger.,13,1.0,0.9660137891769409,1000.0,966.0137939453125,pair_13_neg,-1,0.8880138397216797,1.012527585029602,0.9266473650932312,926.6473388671875,piebench_1_change_object_80_111000000001,0.7,10,structural_discrete,first_two
20260743,1_change_object_80,0,images/piebench_1_change_object_80_111000000001/first_two/early/pair_14_pos.jpg,images/piebench_1_change_object_80_111000000001/first_two/final/pair_14_pos.jpg,3.5,Change the cat into a tiger.,14,1.0,0.9660137891769409,1000.0,966.0137939453125,pair_14_pos,1,0.8699530959129333,1.037703514099121,0.9266473650932312,926.6473388671875,piebench_1_change_object_80_111000000001,0.7,10,structural_discrete,first_two
20260743,1_change_object_80,0,images/piebench_1_change_object_80_111000000001/first_two/early/pair_14_neg.jpg,images/piebench_1_change_object_80_111000000001/first_two/final/pair_14_neg.jpg,3.5,Change the cat into a tiger.,14,1.0,0.9660137891769409,1000.0,966.0137939453125,pair_14_neg,-1,0.9033656716346741,0.983712375164032,0.9266473650932312,926.6473388671875,piebench_1_change_object_80_111000000001,0.7,10,structural_discrete,first_two
20260743,1_change_object_80,0,images/piebench_1_change_object_80_111000000001/first_two/early/pair_15_pos.jpg,images/piebench_1_change_object_80_111000000001/first_two/final/pair_15_pos.jpg,3.5,Change the cat into a tiger.,15,1.0,0.9660137891769409,1000.0,966.0137939453125,pair_15_pos,1,0.9169410467147827,1.0188955068588257,0.9266473650932312,926.6473388671875,piebench_1_change_object_80_111000000001,0.7,10,structural_discrete,first_two
20260743,1_change_object_80,0,images/piebench_1_change_object_80_111000000001/first_two/early/pair_15_neg.jpg,images/piebench_1_change_object_80_111000000001/first_two/final/pair_15_neg.jpg,3.5,Change the cat into a tiger.,15,1.0,0.9660137891769409,1000.0,966.0137939453125,pair_15_neg,-1,0.8778781294822693,0.9852149486541748,0.9266473650932312,926.6473388671875,piebench_1_change_object_80_111000000001,0.7,10,structural_discrete,first_two
20260754,1_change_object_80,0,images/piebench_1_change_object_80_112000000002/first_only/early/pair_00_pos.jpg,images/piebench_1_change_object_80_112000000002/first_only/final/pair_00_pos.jpg,3.5,Change the boy into a girl.,0,1.0,,1000.0,,pair_00_pos,1,0.9496262669563293,0.8508280515670776,0.9660137891769409,966.0137939453125,piebench_1_change_object_80_112000000002,0.7,10,structural_discrete,first_only
20260754,1_change_object_80,0,images/piebench_1_change_object_80_112000000002/first_only/early/pair_00_neg.jpg,images/piebench_1_change_object_80_112000000002/first_only/final/pair_00_neg.jpg,3.5,Change the boy into a girl.,0,1.0,,1000.0,,pair_00_neg,-1,0.893225371837616,0.8008090853691101,0.9660137891769409,966.0137939453125,piebench_1_change_object_80_112000000002,0.7,10,structural_discrete,first_only
20260754,1_change_object_80,0,images/piebench_1_change_object_80_112000000002/first_only/early/pair_01_pos.jpg,images/piebench_1_change_object_80_112000000002/first_only/final/pair_01_pos.jpg,3.5,Change the boy into a girl.,1,1.0,,1000.0,,pair_01_pos,1,0.8863070011138916,0.8372581601142883,0.9660137891769409,966.0137939453125,piebench_1_change_object_80_112000000002,0.7,10,structural_discrete,first_only
20260754,1_change_object_80,0,images/piebench_1_change_object_80_112000000002/first_only/early/pair_01_neg.jpg,images/piebench_1_change_object_80_112000000002/first_only/final/pair_01_neg.jpg,3.5,Change the boy into a girl.,1,1.0,,1000.0,,pair_01_neg,-1,0.8481524586677551,0.96087247133255,0.9660137891769409,966.0137939453125,piebench_1_change_object_80_112000000002,0.7,10,structural_discrete,first_only
20260754,1_change_object_80,0,images/piebench_1_change_object_80_112000000002/first_only/early/pair_02_pos.jpg,images/piebench_1_change_object_80_112000000002/first_only/final/pair_02_pos.jpg,3.5,Change the boy into a girl.,2,1.0,,1000.0,,pair_02_pos,1,0.8821997046470642,0.8187253475189209,0.9660137891769409,966.0137939453125,piebench_1_change_object_80_112000000002,0.7,10,structural_discrete,first_only
20260754,1_change_object_80,0,images/piebench_1_change_object_80_112000000002/first_only/early/pair_02_neg.jpg,images/piebench_1_change_object_80_112000000002/first_only/final/pair_02_neg.jpg,3.5,Change the boy into a girl.,2,1.0,,1000.0,,pair_02_neg,-1,0.8876018524169922,0.6798927783966064,0.9660137891769409,966.0137939453125,piebench_1_change_object_80_112000000002,0.7,10,structural_discrete,first_only
20260754,1_change_object_80,0,images/piebench_1_change_object_80_112000000002/first_only/early/pair_03_pos.jpg,images/piebench_1_change_object_80_112000000002/first_only/final/pair_03_pos.jpg,3.5,Change the boy into a girl.,3,1.0,,1000.0,,pair_03_pos,1,0.9118579626083374,0.5295607447624207,0.9660137891769409,966.0137939453125,piebench_1_change_object_80_112000000002,0.7,10,structural_discrete,first_only
20260754,1_change_object_80,0,images/piebench_1_change_object_80_112000000002/first_only/early/pair_03_neg.jpg,images/piebench_1_change_object_80_112000000002/first_only/final/pair_03_neg.jpg,3.5,Change the boy into a girl.,3,1.0,,1000.0,,pair_03_neg,-1,0.8294018507003784,0.9018763899803162,0.9660137891769409,966.0137939453125,piebench_1_change_object_80_112000000002,0.7,10,structural_discrete,first_only
20260754,1_change_object_80,0,images/piebench_1_change_object_80_112000000002/first_only/early/pair_04_pos.jpg,images/piebench_1_change_object_80_112000000002/first_only/final/pair_04_pos.jpg,3.5,Change the boy into a girl.,4,1.0,,1000.0,,pair_04_pos,1,0.8844714760780334,0.86823970079422,0.9660137891769409,966.0137939453125,piebench_1_change_object_80_112000000002,0.7,10,structural_discrete,first_only
20260754,1_change_object_80,0,images/piebench_1_change_object_80_112000000002/first_only/early/pair_04_neg.jpg,images/piebench_1_change_object_80_112000000002/first_only/final/pair_04_neg.jpg,3.5,Change the boy into a girl.,4,1.0,,1000.0,,pair_04_neg,-1,0.9533056616783142,0.6587488651275635,0.9660137891769409,966.0137939453125,piebench_1_change_object_80_112000000002,0.7,10,structural_discrete,first_only
20260754,1_change_object_80,0,images/piebench_1_change_object_80_112000000002/first_only/early/pair_05_pos.jpg,images/piebench_1_change_object_80_112000000002/first_only/final/pair_05_pos.jpg,3.5,Change the boy into a girl.,5,1.0,,1000.0,,pair_05_pos,1,0.8896145224571228,0.8164058327674866,0.9660137891769409,966.0137939453125,piebench_1_change_object_80_112000000002,0.7,10,structural_discrete,first_only
20260754,1_change_object_80,0,images/piebench_1_change_object_80_112000000002/first_only/early/pair_05_neg.jpg,images/piebench_1_change_object_80_112000000002/first_only/final/pair_05_neg.jpg,3.5,Change the boy into a girl.,5,1.0,,1000.0,,pair_05_neg,-1,0.8288294672966003,0.8072580099105835,0.9660137891769409,966.0137939453125,piebench_1_change_object_80_112000000002,0.7,10,structural_discrete,first_only
20260754,1_change_object_80,0,images/piebench_1_change_object_80_112000000002/first_only/early/pair_06_pos.jpg,images/piebench_1_change_object_80_112000000002/first_only/final/pair_06_pos.jpg,3.5,Change the boy into a girl.,6,1.0,,1000.0,,pair_06_pos,1,0.8506084680557251,0.9824686050415039,0.9660137891769409,966.0137939453125,piebench_1_change_object_80_112000000002,0.7,10,structural_discrete,first_only
20260754,1_change_object_80,0,images/piebench_1_change_object_80_112000000002/first_only/early/pair_06_neg.jpg,images/piebench_1_change_object_80_112000000002/first_only/final/pair_06_neg.jpg,3.5,Change the boy into a girl.,6,1.0,,1000.0,,pair_06_neg,-1,0.9347590208053589,0.8532343506813049,0.9660137891769409,966.0137939453125,piebench_1_change_object_80_112000000002,0.7,10,structural_discrete,first_only
20260754,1_change_object_80,0,images/piebench_1_change_object_80_112000000002/first_only/early/pair_07_pos.jpg,images/piebench_1_change_object_80_112000000002/first_only/final/pair_07_pos.jpg,3.5,Change the boy into a girl.,7,1.0,,1000.0,,pair_07_pos,1,0.8889452219009399,0.8342704772949219,0.9660137891769409,966.0137939453125,piebench_1_change_object_80_112000000002,0.7,10,structural_discrete,first_only
20260754,1_change_object_80,0,images/piebench_1_change_object_80_112000000002/first_only/early/pair_07_neg.jpg,images/piebench_1_change_object_80_112000000002/first_only/final/pair_07_neg.jpg,3.5,Change the boy into a girl.,7,1.0,,1000.0,,pair_07_neg,-1,0.8923647999763489,0.680351197719574,0.9660137891769409,966.0137939453125,piebench_1_change_object_80_112000000002,0.7,10,structural_discrete,first_only
20260754,1_change_object_80,0,images/piebench_1_change_object_80_112000000002/first_only/early/pair_08_pos.jpg,images/piebench_1_change_object_80_112000000002/first_only/final/pair_08_pos.jpg,3.5,Change the boy into a girl.,8,1.0,,1000.0,,pair_08_pos,1,0.914983868598938,0.5356554985046387,0.9660137891769409,966.0137939453125,piebench_1_change_object_80_112000000002,0.7,10,structural_discrete,first_only
20260754,1_change_object_80,0,images/piebench_1_change_object_80_112000000002/first_only/early/pair_08_neg.jpg,images/piebench_1_change_object_80_112000000002/first_only/final/pair_08_neg.jpg,3.5,Change the boy into a girl.,8,1.0,,1000.0,,pair_08_neg,-1,0.9872639179229736,0.7942720651626587,0.9660137891769409,966.0137939453125,piebench_1_change_object_80_112000000002,0.7,10,structural_discrete,first_only
20260754,1_change_object_80,0,images/piebench_1_change_object_80_112000000002/first_only/early/pair_09_pos.jpg,images/piebench_1_change_object_80_112000000002/first_only/final/pair_09_pos.jpg,3.5,Change the boy into a girl.,9,1.0,,1000.0,,pair_09_pos,1,0.9061557054519653,0.9471567273139954,0.9660137891769409,966.0137939453125,piebench_1_change_object_80_112000000002,0.7,10,structural_discrete,first_only
20260754,1_change_object_80,0,images/piebench_1_change_object_80_112000000002/first_only/early/pair_09_neg.jpg,images/piebench_1_change_object_80_112000000002/first_only/final/pair_09_neg.jpg,3.5,Change the boy into a girl.,9,1.0,,1000.0,,pair_09_neg,-1,0.9202479124069214,0.6111568212509155,0.9660137891769409,966.0137939453125,piebench_1_change_object_80_112000000002,0.7,10,structural_discrete,first_only
20260754,1_change_object_80,0,images/piebench_1_change_object_80_112000000002/first_only/early/pair_10_pos.jpg,images/piebench_1_change_object_80_112000000002/first_only/final/pair_10_pos.jpg,3.5,Change the boy into a girl.,10,1.0,,1000.0,,pair_10_pos,1,0.9335976243019104,0.8356693983078003,0.9660137891769409,966.0137939453125,piebench_1_change_object_80_112000000002,0.7,10,structural_discrete,first_only
20260754,1_change_object_80,0,images/piebench_1_change_object_80_112000000002/first_only/early/pair_10_neg.jpg,images/piebench_1_change_object_80_112000000002/first_only/final/pair_10_neg.jpg,3.5,Change the boy into a girl.,10,1.0,,1000.0,,pair_10_neg,-1,0.8277661204338074,0.6937832236289978,0.9660137891769409,966.0137939453125,piebench_1_change_object_80_112000000002,0.7,10,structural_discrete,first_only
20260754,1_change_object_80,0,images/piebench_1_change_object_80_112000000002/first_only/early/pair_11_pos.jpg,images/piebench_1_change_object_80_112000000002/first_only/final/pair_11_pos.jpg,3.5,Change the boy into a girl.,11,1.0,,1000.0,,pair_11_pos,1,0.925573468208313,1.0363349914550781,0.9660137891769409,966.0137939453125,piebench_1_change_object_80_112000000002,0.7,10,structural_discrete,first_only
20260754,1_change_object_80,0,images/piebench_1_change_object_80_112000000002/first_only/early/pair_11_neg.jpg,images/piebench_1_change_object_80_112000000002/first_only/final/pair_11_neg.jpg,3.5,Change the boy into a girl.,11,1.0,,1000.0,,pair_11_neg,-1,0.7764487862586975,0.5060207843780518,0.9660137891769409,966.0137939453125,piebench_1_change_object_80_112000000002,0.7,10,structural_discrete,first_only
20260754,1_change_object_80,0,images/piebench_1_change_object_80_112000000002/first_only/early/pair_12_pos.jpg,images/piebench_1_change_object_80_112000000002/first_only/final/pair_12_pos.jpg,3.5,Change the boy into a girl.,12,1.0,,1000.0,,pair_12_pos,1,0.893587589263916,0.9190544486045837,0.9660137891769409,966.0137939453125,piebench_1_change_object_80_112000000002,0.7,10,structural_discrete,first_only
20260754,1_change_object_80,0,images/piebench_1_change_object_80_112000000002/first_only/early/pair_12_neg.jpg,images/piebench_1_change_object_80_112000000002/first_only/final/pair_12_neg.jpg,3.5,Change the boy into a girl.,12,1.0,,1000.0,,pair_12_neg,-1,0.8207404613494873,0.6218207478523254,0.9660137891769409,966.0137939453125,piebench_1_change_object_80_112000000002,0.7,10,structural_discrete,first_only
20260754,1_change_object_80,0,images/piebench_1_change_object_80_112000000002/first_only/early/pair_13_pos.jpg,images/piebench_1_change_object_80_112000000002/first_only/final/pair_13_pos.jpg,3.5,Change the boy into a girl.,13,1.0,,1000.0,,pair_13_pos,1,0.9017423987388611,0.8595029711723328,0.9660137891769409,966.0137939453125,piebench_1_change_object_80_112000000002,0.7,10,structural_discrete,first_only
20260754,1_change_object_80,0,images/piebench_1_change_object_80_112000000002/first_only/early/pair_13_neg.jpg,images/piebench_1_change_object_80_112000000002/first_only/final/pair_13_neg.jpg,3.5,Change the boy into a girl.,13,1.0,,1000.0,,pair_13_neg,-1,0.8726020455360413,0.558775007724762,0.9660137891769409,966.0137939453125,piebench_1_change_object_80_112000000002,0.7,10,structural_discrete,first_only
20260754,1_change_object_80,0,images/piebench_1_change_object_80_112000000002/first_only/early/pair_14_pos.jpg,images/piebench_1_change_object_80_112000000002/first_only/final/pair_14_pos.jpg,3.5,Change the boy into a girl.,14,1.0,,1000.0,,pair_14_pos,1,0.8531497716903687,0.5282062292098999,0.9660137891769409,966.0137939453125,piebench_1_change_object_80_112000000002,0.7,10,structural_discrete,first_only
20260754,1_change_object_80,0,images/piebench_1_change_object_80_112000000002/first_only/early/pair_14_neg.jpg,images/piebench_1_change_object_80_112000000002/first_only/final/pair_14_neg.jpg,3.5,Change the boy into a girl.,14,1.0,,1000.0,,pair_14_neg,-1,0.9336059093475342,0.9174238443374634,0.9660137891769409,966.0137939453125,piebench_1_change_object_80_112000000002,0.7,10,structural_discrete,first_only
20260754,1_change_object_80,0,images/piebench_1_change_object_80_112000000002/first_only/early/pair_15_pos.jpg,images/piebench_1_change_object_80_112000000002/first_only/final/pair_15_pos.jpg,3.5,Change the boy into a girl.,15,1.0,,1000.0,,pair_15_pos,1,0.938583493232727,0.8108994364738464,0.9660137891769409,966.0137939453125,piebench_1_change_object_80_112000000002,0.7,10,structural_discrete,first_only
20260754,1_change_object_80,0,images/piebench_1_change_object_80_112000000002/first_only/early/pair_15_neg.jpg,images/piebench_1_change_object_80_112000000002/first_only/final/pair_15_neg.jpg,3.5,Change the boy into a girl.,15,1.0,,1000.0,,pair_15_neg,-1,0.9663248658180237,0.5650414228439331,0.9660137891769409,966.0137939453125,piebench_1_change_object_80_112000000002,0.7,10,structural_discrete,first_only
20260754,1_change_object_80,0,images/piebench_1_change_object_80_112000000002/first_two/early/pair_00_pos.jpg,images/piebench_1_change_object_80_112000000002/first_two/final/pair_00_pos.jpg,3.5,Change the boy into a girl.,0,1.0,0.9660137891769409,1000.0,966.0137939453125,pair_00_pos,1,0.8529991507530212,0.9159794449806213,0.9266473650932312,926.6473388671875,piebench_1_change_object_80_112000000002,0.7,10,structural_discrete,first_two
20260754,1_change_object_80,0,images/piebench_1_change_object_80_112000000002/first_two/early/pair_00_neg.jpg,images/piebench_1_change_object_80_112000000002/first_two/final/pair_00_neg.jpg,3.5,Change the boy into a girl.,0,1.0,0.9660137891769409,1000.0,966.0137939453125,pair_00_neg,-1,0.7856638431549072,0.6483760476112366,0.9266473650932312,926.6473388671875,piebench_1_change_object_80_112000000002,0.7,10,structural_discrete,first_two
20260754,1_change_object_80,0,images/piebench_1_change_object_80_112000000002/first_two/early/pair_01_pos.jpg,images/piebench_1_change_object_80_112000000002/first_two/final/pair_01_pos.jpg,3.5,Change the boy into a girl.,1,1.0,0.9660137891769409,1000.0,966.0137939453125,pair_01_pos,1,0.6677194833755493,0.5671570897102356,0.9266473650932312,926.6473388671875,piebench_1_change_object_80_112000000002,0.7,10,structural_discrete,first_two
20260754,1_change_object_80,0,images/piebench_1_change_object_80_112000000002/first_two/early/pair_01_neg.jpg,images/piebench_1_change_object_80_112000000002/first_two/final/pair_01_neg.jpg,3.5,Change the boy into a girl.,1,1.0,0.9660137891769409,1000.0,966.0137939453125,pair_01_neg,-1,0.9624518752098083,1.0362746715545654,0.9266473650932312,926.6473388671875,piebench_1_change_object_80_112000000002,0.7,10,structural_discrete,first_two
20260754,1_change_object_80,0,images/piebench_1_change_object_80_112000000002/first_two/early/pair_02_pos.jpg,images/piebench_1_change_object_80_112000000002/first_two/final/pair_02_pos.jpg,3.5,Change the boy into a girl.,2,1.0,0.9660137891769409,1000.0,966.0137939453125,pair_02_pos,1,0.972815752029419,0.7800036668777466,0.9266473650932312,926.6473388671875,piebench_1_change_object_80_112000000002,0.7,10,structural_discrete,first_two
20260754,1_change_object_80,0,images/piebench_1_change_object_80_112000000002/first_two/early/pair_02_neg.jpg,images/piebench_1_change_object_80_112000000002/first_two/final/pair_02_neg.jpg,3.5,Change the boy into a girl.,2,1.0,0.9660137891769409,1000.0,966.0137939453125,pair_02_neg,-1,0.8808995485305786,0.870091438293457,0.9266473650932312,926.6473388671875,piebench_1_change_object_80_112000000002,0.7,10,structural_discrete,first_two
20260754,1_change_object_80,0,images/piebench_1_change_object_80_112000000002/first_two/early/pair_03_pos.jpg,images/piebench_1_change_object_80_112000000002/first_two/final/pair_03_pos.jpg,3.5,Change the boy into a girl.,3,1.0,0.9660137891769409,1000.0,966.0137939453125,pair_03_pos,1,0.7492957711219788,0.5397632718086243,0.9266473650932312,926.6473388671875,piebench_1_change_object_80_112000000002,0.7,10,structural_discrete,first_two
20260754,1_change_object_80,0,images/piebench_1_change_object_80_112000000002/first_two/early/pair_03_neg.jpg,images/piebench_1_change_object_80_112000000002/first_two/final/pair_03_neg.jpg,3.5,Change the boy into a girl.,3,1.0,0.9660137891769409,1000.0,966.0137939453125,pair_03_neg,-1,0.8711078763008118,0.7294194102287292,0.9266473650932312,926.6473388671875,piebench_1_change_object_80_112000000002,0.7,10,structural_discrete,first_two
20260754,1_change_object_80,0,images/piebench_1_change_object_80_112000000002/first_two/early/pair_04_pos.jpg,images/piebench_1_change_object_80_112000000002/first_two/final/pair_04_pos.jpg,3.5,Change the boy into a girl.,4,1.0,0.9660137891769409,1000.0,966.0137939453125,pair_04_pos,1,0.7741110324859619,0.6600715517997742,0.9266473650932312,926.6473388671875,piebench_1_change_object_80_112000000002,0.7,10,structural_discrete,first_two
20260754,1_change_object_80,0,images/piebench_1_change_object_80_112000000002/first_two/early/pair_04_neg.jpg,images/piebench_1_change_object_80_112000000002/first_two/final/pair_04_neg.jpg,3.5,Change the boy into a girl.,4,1.0,0.9660137891769409,1000.0,966.0137939453125,pair_04_neg,-1,0.8675587773323059,0.7354030013084412,0.9266473650932312,926.6473388671875,piebench_1_change_object_80_112000000002,0.7,10,structural_discrete,first_two
20260754,1_change_object_80,0,images/piebench_1_change_object_80_112000000002/first_two/early/pair_05_pos.jpg,images/piebench_1_change_object_80_112000000002/first_two/final/pair_05_pos.jpg,3.5,Change the boy into a girl.,5,1.0,0.9660137891769409,1000.0,966.0137939453125,pair_05_pos,1,0.8607207536697388,0.8492569923400879,0.9266473650932312,926.6473388671875,piebench_1_change_object_80_112000000002,0.7,10,structural_discrete,first_two
20260754,1_change_object_80,0,images/piebench_1_change_object_80_112000000002/first_two/early/pair_05_neg.jpg,images/piebench_1_change_object_80_112000000002/first_two/final/pair_05_neg.jpg,3.5,Change the boy into a girl.,5,1.0,0.9660137891769409,1000.0,966.0137939453125,pair_05_neg,-1,0.8294793963432312,0.7490792274475098,0.9266473650932312,926.6473388671875,piebench_1_change_object_80_112000000002,0.7,10,structural_discrete,first_two
20260754,1_change_object_80,0,images/piebench_1_change_object_80_112000000002/first_two/early/pair_06_pos.jpg,images/piebench_1_change_object_80_112000000002/first_two/final/pair_06_pos.jpg,3.5,Change the boy into a girl.,6,1.0,0.9660137891769409,1000.0,966.0137939453125,pair_06_pos,1,0.8592441082000732,0.922639012336731,0.9266473650932312,926.6473388671875,piebench_1_change_object_80_112000000002,0.7,10,structural_discrete,first_two
20260754,1_change_object_80,0,images/piebench_1_change_object_80_112000000002/first_two/early/pair_06_neg.jpg,images/piebench_1_change_object_80_112000000002/first_two/final/pair_06_neg.jpg,3.5,Change the boy into a girl.,6,1.0,0.9660137891769409,1000.0,966.0137939453125,pair_06_neg,-1,0.8545945882797241,0.7606566548347473,0.9266473650932312,926.6473388671875,piebench_1_change_object_80_112000000002,0.7,10,structural_discrete,first_two
20260754,1_change_object_80,0,images/piebench_1_change_object_80_112000000002/first_two/early/pair_07_pos.jpg,images/piebench_1_change_object_80_112000000002/first_two/final/pair_07_pos.jpg,3.5,Change the boy into a girl.,7,1.0,0.9660137891769409,1000.0,966.0137939453125,pair_07_pos,1,0.8360697627067566,0.7752573490142822,0.9266473650932312,926.6473388671875,piebench_1_change_object_80_112000000002,0.7,10,structural_discrete,first_two
20260754,1_change_object_80,0,images/piebench_1_change_object_80_112000000002/first_two/early/pair_07_neg.jpg,images/piebench_1_change_object_80_112000000002/first_two/final/pair_07_neg.jpg,3.5,Change the boy into a girl.,7,1.0,0.9660137891769409,1000.0,966.0137939453125,pair_07_neg,-1,0.7517048716545105,0.5863530039787292,0.9266473650932312,926.6473388671875,piebench_1_change_object_80_112000000002,0.7,10,structural_discrete,first_two
20260754,1_change_object_80,0,images/piebench_1_change_object_80_112000000002/first_two/early/pair_08_pos.jpg,images/piebench_1_change_object_80_112000000002/first_two/final/pair_08_pos.jpg,3.5,Change the boy into a girl.,8,1.0,0.9660137891769409,1000.0,966.0137939453125,pair_08_pos,1,0.7368054389953613,0.5113052129745483,0.9266473650932312,926.6473388671875,piebench_1_change_object_80_112000000002,0.7,10,structural_discrete,first_two
20260754,1_change_object_80,0,images/piebench_1_change_object_80_112000000002/first_two/early/pair_08_neg.jpg,images/piebench_1_change_object_80_112000000002/first_two/final/pair_08_neg.jpg,3.5,Change the boy into a girl.,8,1.0,0.9660137891769409,1000.0,966.0137939453125,pair_08_neg,-1,0.800020158290863,0.783748209476471,0.9266473650932312,926.6473388671875,piebench_1_change_object_80_112000000002,0.7,10,structural_discrete,first_two
20260754,1_change_object_80,0,images/piebench_1_change_object_80_112000000002/first_two/early/pair_09_pos.jpg,images/piebench_1_change_object_80_112000000002/first_two/final/pair_09_pos.jpg,3.5,Change the boy into a girl.,9,1.0,0.9660137891769409,1000.0,966.0137939453125,pair_09_pos,1,0.8499783277511597,0.9043137431144714,0.9266473650932312,926.6473388671875,piebench_1_change_object_80_112000000002,0.7,10,structural_discrete,first_two
20260754,1_change_object_80,0,images/piebench_1_change_object_80_112000000002/first_two/early/pair_09_neg.jpg,images/piebench_1_change_object_80_112000000002/first_two/final/pair_09_neg.jpg,3.5,Change the boy into a girl.,9,1.0,0.9660137891769409,1000.0,966.0137939453125,pair_09_neg,-1,0.8858316540718079,0.6692434549331665,0.9266473650932312,926.6473388671875,piebench_1_change_object_80_112000000002,0.7,10,structural_discrete,first_two
20260754,1_change_object_80,0,images/piebench_1_change_object_80_112000000002/first_two/early/pair_10_pos.jpg,images/piebench_1_change_object_80_112000000002/first_two/final/pair_10_pos.jpg,3.5,Change the boy into a girl.,10,1.0,0.9660137891769409,1000.0,966.0137939453125,pair_10_pos,1,0.8700766563415527,0.8383833169937134,0.9266473650932312,926.6473388671875,piebench_1_change_object_80_112000000002,0.7,10,structural_discrete,first_two
20260754,1_change_object_80,0,images/piebench_1_change_object_80_112000000002/first_two/early/pair_10_neg.jpg,images/piebench_1_change_object_80_112000000002/first_two/final/pair_10_neg.jpg,3.5,Change the boy into a girl.,10,1.0,0.9660137891769409,1000.0,966.0137939453125,pair_10_neg,-1,0.8305780291557312,0.7242538332939148,0.9266473650932312,926.6473388671875,piebench_1_change_object_80_112000000002,0.7,10,structural_discrete,first_two
20260754,1_change_object_80,0,images/piebench_1_change_object_80_112000000002/first_two/early/pair_11_pos.jpg,images/piebench_1_change_object_80_112000000002/first_two/final/pair_11_pos.jpg,3.5,Change the boy into a girl.,11,1.0,0.9660137891769409,1000.0,966.0137939453125,pair_11_pos,1,0.854316234588623,1.0664825439453125,0.9266473650932312,926.6473388671875,piebench_1_change_object_80_112000000002,0.7,10,structural_discrete,first_two
20260754,1_change_object_80,0,images/piebench_1_change_object_80_112000000002/first_two/early/pair_11_neg.jpg,images/piebench_1_change_object_80_112000000002/first_two/final/pair_11_neg.jpg,3.5,Change the boy into a girl.,11,1.0,0.9660137891769409,1000.0,966.0137939453125,pair_11_neg,-1,0.7721921801567078,0.5477172136306763,0.9266473650932312,926.6473388671875,piebench_1_change_object_80_112000000002,0.7,10,structural_discrete,first_two
20260754,1_change_object_80,0,images/piebench_1_change_object_80_112000000002/first_two/early/pair_12_pos.jpg,images/piebench_1_change_object_80_112000000002/first_two/final/pair_12_pos.jpg,3.5,Change the boy into a girl.,12,1.0,0.9660137891769409,1000.0,966.0137939453125,pair_12_pos,1,0.9014965295791626,0.9094414114952087,0.9266473650932312,926.6473388671875,piebench_1_change_object_80_112000000002,0.7,10,structural_discrete,first_two
20260754,1_change_object_80,0,images/piebench_1_change_object_80_112000000002/first_two/early/pair_12_neg.jpg,images/piebench_1_change_object_80_112000000002/first_two/final/pair_12_neg.jpg,3.5,Change the boy into a girl.,12,1.0,0.9660137891769409,1000.0,966.0137939453125,pair_12_neg,-1,0.7229522466659546,0.6209253668785095,0.9266473650932312,926.6473388671875,piebench_1_change_object_80_112000000002,0.7,10,structural_discrete,first_two
20260754,1_change_object_80,0,images/piebench_1_change_object_80_112000000002/first_two/early/pair_13_pos.jpg,images/piebench_1_change_object_80_112000000002/first_two/final/pair_13_pos.jpg,3.5,Change the boy into a girl.,13,1.0,0.9660137891769409,1000.0,966.0137939453125,pair_13_pos,1,0.8541256189346313,0.8622576594352722,0.9266473650932312,926.6473388671875,piebench_1_change_object_80_112000000002,0.7,10,structural_discrete,first_two
20260754,1_change_object_80,0,images/piebench_1_change_object_80_112000000002/first_two/early/pair_13_neg.jpg,images/piebench_1_change_object_80_112000000002/first_two/final/pair_13_neg.jpg,3.5,Change the boy into a girl.,13,1.0,0.9660137891769409,1000.0,966.0137939453125,pair_13_neg,-1,0.8370342254638672,0.5929111838340759,0.9266473650932312,926.6473388671875,piebench_1_change_object_80_112000000002,0.7,10,structural_discrete,first_two
20260754,1_change_object_80,0,images/piebench_1_change_object_80_112000000002/first_two/early/pair_14_pos.jpg,images/piebench_1_change_object_80_112000000002/first_two/final/pair_14_pos.jpg,3.5,Change the boy into a girl.,14,1.0,0.9660137891769409,1000.0,966.0137939453125,pair_14_pos,1,0.8051114678382874,0.5586557388305664,0.9266473650932312,926.6473388671875,piebench_1_change_object_80_112000000002,0.7,10,structural_discrete,first_two
20260754,1_change_object_80,0,images/piebench_1_change_object_80_112000000002/first_two/early/pair_14_neg.jpg,images/piebench_1_change_object_80_112000000002/first_two/final/pair_14_neg.jpg,3.5,Change the boy into a girl.,14,1.0,0.9660137891769409,1000.0,966.0137939453125,pair_14_neg,-1,0.9414430856704712,0.8301982283592224,0.9266473650932312,926.6473388671875,piebench_1_change_object_80_112000000002,0.7,10,structural_discrete,first_two
20260754,1_change_object_80,0,images/piebench_1_change_object_80_112000000002/first_two/early/pair_15_pos.jpg,images/piebench_1_change_object_80_112000000002/first_two/final/pair_15_pos.jpg,3.5,Change the boy into a girl.,15,1.0,0.9660137891769409,1000.0,966.0137939453125,pair_15_pos,1,0.9367092847824097,0.8598645329475403,0.9266473650932312,926.6473388671875,piebench_1_change_object_80_112000000002,0.7,10,structural_discrete,first_two
20260754,1_change_object_80,0,images/piebench_1_change_object_80_112000000002/first_two/early/pair_15_neg.jpg,images/piebench_1_change_object_80_112000000002/first_two/final/pair_15_neg.jpg,3.5,Change the boy into a girl.,15,1.0,0.9660137891769409,1000.0,966.0137939453125,pair_15_neg,-1,0.9025647640228271,0.695250391960144,0.9266473650932312,926.6473388671875,piebench_1_change_object_80_112000000002,0.7,10,structural_discrete,first_two
20260763,2_add_object_80,0,images/piebench_2_add_object_80_211000000001/first_only/early/pair_00_pos.jpg,images/piebench_2_add_object_80_211000000001/first_only/final/pair_00_pos.jpg,3.5,Add a gold chain around the cat's neck.,0,1.0,,1000.0,,pair_00_pos,1,0.3991669714450836,1.0534008741378784,0.9660137891769409,966.0137939453125,piebench_2_add_object_80_211000000001,0.7,10,structural_discrete,first_only
20260763,2_add_object_80,0,images/piebench_2_add_object_80_211000000001/first_only/early/pair_00_neg.jpg,images/piebench_2_add_object_80_211000000001/first_only/final/pair_00_neg.jpg,3.5,Add a gold chain around the cat's neck.,0,1.0,,1000.0,,pair_00_neg,-1,0.30274441838264465,0.962999701499939,0.9660137891769409,966.0137939453125,piebench_2_add_object_80_211000000001,0.7,10,structural_discrete,first_only
20260763,2_add_object_80,0,images/piebench_2_add_object_80_211000000001/first_only/early/pair_01_pos.jpg,images/piebench_2_add_object_80_211000000001/first_only/final/pair_01_pos.jpg,3.5,Add a gold chain around the cat's neck.,1,1.0,,1000.0,,pair_01_pos,1,0.28576114773750305,1.0452220439910889,0.9660137891769409,966.0137939453125,piebench_2_add_object_80_211000000001,0.7,10,structural_discrete,first_only
20260763,2_add_object_80,0,images/piebench_2_add_object_80_211000000001/first_only/early/pair_01_neg.jpg,images/piebench_2_add_object_80_211000000001/first_only/final/pair_01_neg.jpg,3.5,Add a gold chain around the cat's neck.,1,1.0,,1000.0,,pair_01_neg,-1,0.2858543395996094,0.9754316210746765,0.9660137891769409,966.0137939453125,piebench_2_add_object_80_211000000001,0.7,10,structural_discrete,first_only
20260763,2_add_object_80,0,images/piebench_2_add_object_80_211000000001/first_only/early/pair_02_pos.jpg,images/piebench_2_add_object_80_211000000001/first_only/final/pair_02_pos.jpg,3.5,Add a gold chain around the cat's neck.,2,1.0,,1000.0,,pair_02_pos,1,0.28336194157600403,0.9918275475502014,0.9660137891769409,966.0137939453125,piebench_2_add_object_80_211000000001,0.7,10,structural_discrete,first_only
20260763,2_add_object_80,0,images/piebench_2_add_object_80_211000000001/first_only/early/pair_02_neg.jpg,images/piebench_2_add_object_80_211000000001/first_only/final/pair_02_neg.jpg,3.5,Add a gold chain around the cat's neck.,2,1.0,,1000.0,,pair_02_neg,-1,0.2712332606315613,0.9536536335945129,0.9660137891769409,966.0137939453125,piebench_2_add_object_80_211000000001,0.7,10,structural_discrete,first_only
20260763,2_add_object_80,0,images/piebench_2_add_object_80_211000000001/first_only/early/pair_03_pos.jpg,images/piebench_2_add_object_80_211000000001/first_only/final/pair_03_pos.jpg,3.5,Add a gold chain around the cat's neck.,3,1.0,,1000.0,,pair_03_pos,1,0.33098891377449036,0.9181073307991028,0.9660137891769409,966.0137939453125,piebench_2_add_object_80_211000000001,0.7,10,structural_discrete,first_only
20260763,2_add_object_80,0,images/piebench_2_add_object_80_211000000001/first_only/early/pair_03_neg.jpg,images/piebench_2_add_object_80_211000000001/first_only/final/pair_03_neg.jpg,3.5,Add a gold chain around the cat's neck.,3,1.0,,1000.0,,pair_03_neg,-1,0.3196886479854584,0.9865134358406067,0.9660137891769409,966.0137939453125,piebench_2_add_object_80_211000000001,0.7,10,structural_discrete,first_only
20260763,2_add_object_80,0,images/piebench_2_add_object_80_211000000001/first_only/early/pair_04_pos.jpg,images/piebench_2_add_object_80_211000000001/first_only/final/pair_04_pos.jpg,3.5,Add a gold chain around the cat's neck.,4,1.0,,1000.0,,pair_04_pos,1,0.3569600284099579,0.9936454892158508,0.9660137891769409,966.0137939453125,piebench_2_add_object_80_211000000001,0.7,10,structural_discrete,first_only
20260763,2_add_object_80,0,images/piebench_2_add_object_80_211000000001/first_only/early/pair_04_neg.jpg,images/piebench_2_add_object_80_211000000001/first_only/final/pair_04_neg.jpg,3.5,Add a gold chain around the cat's neck.,4,1.0,,1000.0,,pair_04_neg,-1,0.25440001487731934,0.9710432887077332,0.9660137891769409,966.0137939453125,piebench_2_add_object_80_211000000001,0.7,10,structural_discrete,first_only
20260763,2_add_object_80,0,images/piebench_2_add_object_80_211000000001/first_only/early/pair_05_pos.jpg,images/piebench_2_add_object_80_211000000001/first_only/final/pair_05_pos.jpg,3.5,Add a gold chain around the cat's neck.,5,1.0,,1000.0,,pair_05_pos,1,0.3371354937553406,0.9791368842124939,0.9660137891769409,966.0137939453125,piebench_2_add_object_80_211000000001,0.7,10,structural_discrete,first_only
20260763,2_add_object_80,0,images/piebench_2_add_object_80_211000000001/first_only/early/pair_05_neg.jpg,images/piebench_2_add_object_80_211000000001/first_only/final/pair_05_neg.jpg,3.5,Add a gold chain around the cat's neck.,5,1.0,,1000.0,,pair_05_neg,-1,0.2642812728881836,0.9560647010803223,0.9660137891769409,966.0137939453125,piebench_2_add_object_80_211000000001,0.7,10,structural_discrete,first_only
20260763,2_add_object_80,0,images/piebench_2_add_object_80_211000000001/first_only/early/pair_06_pos.jpg,images/piebench_2_add_object_80_211000000001/first_only/final/pair_06_pos.jpg,3.5,Add a gold chain around the cat's neck.,6,1.0,,1000.0,,pair_06_pos,1,0.33198684453964233,0.9179695844650269,0.9660137891769409,966.0137939453125,piebench_2_add_object_80_211000000001,0.7,10,structural_discrete,first_only
20260763,2_add_object_80,0,images/piebench_2_add_object_80_211000000001/first_only/early/pair_06_neg.jpg,images/piebench_2_add_object_80_211000000001/first_only/final/pair_06_neg.jpg,3.5,Add a gold chain around the cat's neck.,6,1.0,,1000.0,,pair_06_neg,-1,0.2643064260482788,0.9794416427612305,0.9660137891769409,966.0137939453125,piebench_2_add_object_80_211000000001,0.7,10,structural_discrete,first_only
20260763,2_add_object_80,0,images/piebench_2_add_object_80_211000000001/first_only/early/pair_07_pos.jpg,images/piebench_2_add_object_80_211000000001/first_only/final/pair_07_pos.jpg,3.5,Add a gold chain around the cat's neck.,7,1.0,,1000.0,,pair_07_pos,1,0.2631774842739105,0.9779643416404724,0.9660137891769409,966.0137939453125,piebench_2_add_object_80_211000000001,0.7,10,structural_discrete,first_only
20260763,2_add_object_80,0,images/piebench_2_add_object_80_211000000001/first_only/early/pair_07_neg.jpg,images/piebench_2_add_object_80_211000000001/first_only/final/pair_07_neg.jpg,3.5,Add a gold chain around the cat's neck.,7,1.0,,1000.0,,pair_07_neg,-1,0.23234151303768158,0.9600032567977905,0.9660137891769409,966.0137939453125,piebench_2_add_object_80_211000000001,0.7,10,structural_discrete,first_only
20260763,2_add_object_80,0,images/piebench_2_add_object_80_211000000001/first_only/early/pair_08_pos.jpg,images/piebench_2_add_object_80_211000000001/first_only/final/pair_08_pos.jpg,3.5,Add a gold chain around the cat's neck.,8,1.0,,1000.0,,pair_08_pos,1,0.3154606223106384,1.0044735670089722,0.9660137891769409,966.0137939453125,piebench_2_add_object_80_211000000001,0.7,10,structural_discrete,first_only
20260763,2_add_object_80,0,images/piebench_2_add_object_80_211000000001/first_only/early/pair_08_neg.jpg,images/piebench_2_add_object_80_211000000001/first_only/final/pair_08_neg.jpg,3.5,Add a gold chain around the cat's neck.,8,1.0,,1000.0,,pair_08_neg,-1,0.4544195830821991,0.9572629332542419,0.9660137891769409,966.0137939453125,piebench_2_add_object_80_211000000001,0.7,10,structural_discrete,first_only
20260763,2_add_object_80,0,images/piebench_2_add_object_80_211000000001/first_only/early/pair_09_pos.jpg,images/piebench_2_add_object_80_211000000001/first_only/final/pair_09_pos.jpg,3.5,Add a gold chain around the cat's neck.,9,1.0,,1000.0,,pair_09_pos,1,0.29580792784690857,0.3728262484073639,0.9660137891769409,966.0137939453125,piebench_2_add_object_80_211000000001,0.7,10,structural_discrete,first_only
20260763,2_add_object_80,0,images/piebench_2_add_object_80_211000000001/first_only/early/pair_09_neg.jpg,images/piebench_2_add_object_80_211000000001/first_only/final/pair_09_neg.jpg,3.5,Add a gold chain around the cat's neck.,9,1.0,,1000.0,,pair_09_neg,-1,0.3249495029449463,1.012580156326294,0.9660137891769409,966.0137939453125,piebench_2_add_object_80_211000000001,0.7,10,structural_discrete,first_only
20260763,2_add_object_80,0,images/piebench_2_add_object_80_211000000001/first_only/early/pair_10_pos.jpg,images/piebench_2_add_object_80_211000000001/first_only/final/pair_10_pos.jpg,3.5,Add a gold chain around the cat's neck.,10,1.0,,1000.0,,pair_10_pos,1,0.30451732873916626,1.0350490808486938,0.9660137891769409,966.0137939453125,piebench_2_add_object_80_211000000001,0.7,10,structural_discrete,first_only
20260763,2_add_object_80,0,images/piebench_2_add_object_80_211000000001/first_only/early/pair_10_neg.jpg,images/piebench_2_add_object_80_211000000001/first_only/final/pair_10_neg.jpg,3.5,Add a gold chain around the cat's neck.,10,1.0,,1000.0,,pair_10_neg,-1,0.2936840057373047,0.6504531502723694,0.9660137891769409,966.0137939453125,piebench_2_add_object_80_211000000001,0.7,10,structural_discrete,first_only
20260763,2_add_object_80,0,images/piebench_2_add_object_80_211000000001/first_only/early/pair_11_pos.jpg,images/piebench_2_add_object_80_211000000001/first_only/final/pair_11_pos.jpg,3.5,Add a gold chain around the cat's neck.,11,1.0,,1000.0,,pair_11_pos,1,0.39276322722435,1.059492588043213,0.9660137891769409,966.0137939453125,piebench_2_add_object_80_211000000001,0.7,10,structural_discrete,first_only
20260763,2_add_object_80,0,images/piebench_2_add_object_80_211000000001/first_only/early/pair_11_neg.jpg,images/piebench_2_add_object_80_211000000001/first_only/final/pair_11_neg.jpg,3.5,Add a gold chain around the cat's neck.,11,1.0,,1000.0,,pair_11_neg,-1,0.2659050524234772,0.9051336646080017,0.9660137891769409,966.0137939453125,piebench_2_add_object_80_211000000001,0.7,10,structural_discrete,first_only
20260763,2_add_object_80,0,images/piebench_2_add_object_80_211000000001/first_only/early/pair_12_pos.jpg,images/piebench_2_add_object_80_211000000001/first_only/final/pair_12_pos.jpg,3.5,Add a gold chain around the cat's neck.,12,1.0,,1000.0,,pair_12_pos,1,0.3795284330844879,0.9262273907661438,0.9660137891769409,966.0137939453125,piebench_2_add_object_80_211000000001,0.7,10,structural_discrete,first_only
20260763,2_add_object_80,0,images/piebench_2_add_object_80_211000000001/first_only/early/pair_12_neg.jpg,images/piebench_2_add_object_80_211000000001/first_only/final/pair_12_neg.jpg,3.5,Add a gold chain around the cat's neck.,12,1.0,,1000.0,,pair_12_neg,-1,0.33326560258865356,1.012919306755066,0.9660137891769409,966.0137939453125,piebench_2_add_object_80_211000000001,0.7,10,structural_discrete,first_only
20260763,2_add_object_80,0,images/piebench_2_add_object_80_211000000001/first_only/early/pair_13_pos.jpg,images/piebench_2_add_object_80_211000000001/first_only/final/pair_13_pos.jpg,3.5,Add a gold chain around the cat's neck.,13,1.0,,1000.0,,pair_13_pos,1,0.40918272733688354,1.0432024002075195,0.9660137891769409,966.0137939453125,piebench_2_add_object_80_211000000001,0.7,10,structural_discrete,first_only
20260763,2_add_object_80,0,images/piebench_2_add_object_80_211000000001/first_only/early/pair_13_neg.jpg,images/piebench_2_add_object_80_211000000001/first_only/final/pair_13_neg.jpg,3.5,Add a gold chain around the cat's neck.,13,1.0,,1000.0,,pair_13_neg,-1,0.24007850885391235,1.0245081186294556,0.9660137891769409,966.0137939453125,piebench_2_add_object_80_211000000001,0.7,10,structural_discrete,first_only
20260763,2_add_object_80,0,images/piebench_2_add_object_80_211000000001/first_only/early/pair_14_pos.jpg,images/piebench_2_add_object_80_211000000001/first_only/final/pair_14_pos.jpg,3.5,Add a gold chain around the cat's neck.,14,1.0,,1000.0,,pair_14_pos,1,0.4635986089706421,1.035528302192688,0.9660137891769409,966.0137939453125,piebench_2_add_object_80_211000000001,0.7,10,structural_discrete,first_only
20260763,2_add_object_80,0,images/piebench_2_add_object_80_211000000001/first_only/early/pair_14_neg.jpg,images/piebench_2_add_object_80_211000000001/first_only/final/pair_14_neg.jpg,3.5,Add a gold chain around the cat's neck.,14,1.0,,1000.0,,pair_14_neg,-1,0.2749772071838379,0.9996349811553955,0.9660137891769409,966.0137939453125,piebench_2_add_object_80_211000000001,0.7,10,structural_discrete,first_only
20260763,2_add_object_80,0,images/piebench_2_add_object_80_211000000001/first_only/early/pair_15_pos.jpg,images/piebench_2_add_object_80_211000000001/first_only/final/pair_15_pos.jpg,3.5,Add a gold chain around the cat's neck.,15,1.0,,1000.0,,pair_15_pos,1,0.23661267757415771,0.6153919696807861,0.9660137891769409,966.0137939453125,piebench_2_add_object_80_211000000001,0.7,10,structural_discrete,first_only
20260763,2_add_object_80,0,images/piebench_2_add_object_80_211000000001/first_only/early/pair_15_neg.jpg,images/piebench_2_add_object_80_211000000001/first_only/final/pair_15_neg.jpg,3.5,Add a gold chain around the cat's neck.,15,1.0,,1000.0,,pair_15_neg,-1,0.3052283227443695,1.0419390201568604,0.9660137891769409,966.0137939453125,piebench_2_add_object_80_211000000001,0.7,10,structural_discrete,first_only
20260763,2_add_object_80,0,images/piebench_2_add_object_80_211000000001/first_two/early/pair_00_pos.jpg,images/piebench_2_add_object_80_211000000001/first_two/final/pair_00_pos.jpg,3.5,Add a gold chain around the cat's neck.,0,1.0,0.9660137891769409,1000.0,966.0137939453125,pair_00_pos,1,0.8378662467002869,1.033007025718689,0.9266473650932312,926.6473388671875,piebench_2_add_object_80_211000000001,0.7,10,structural_discrete,first_two
20260763,2_add_object_80,0,images/piebench_2_add_object_80_211000000001/first_two/early/pair_00_neg.jpg,images/piebench_2_add_object_80_211000000001/first_two/final/pair_00_neg.jpg,3.5,Add a gold chain around the cat's neck.,0,1.0,0.9660137891769409,1000.0,966.0137939453125,pair_00_neg,-1,0.46649789810180664,0.8871167302131653,0.9266473650932312,926.6473388671875,piebench_2_add_object_80_211000000001,0.7,10,structural_discrete,first_two
20260763,2_add_object_80,0,images/piebench_2_add_object_80_211000000001/first_two/early/pair_01_pos.jpg,images/piebench_2_add_object_80_211000000001/first_two/final/pair_01_pos.jpg,3.5,Add a gold chain around the cat's neck.,1,1.0,0.9660137891769409,1000.0,966.0137939453125,pair_01_pos,1,0.7976316213607788,1.046988844871521,0.9266473650932312,926.6473388671875,piebench_2_add_object_80_211000000001,0.7,10,structural_discrete,first_two
20260763,2_add_object_80,0,images/piebench_2_add_object_80_211000000001/first_two/early/pair_01_neg.jpg,images/piebench_2_add_object_80_211000000001/first_two/final/pair_01_neg.jpg,3.5,Add a gold chain around the cat's neck.,1,1.0,0.9660137891769409,1000.0,966.0137939453125,pair_01_neg,-1,0.5145179033279419,0.9611070156097412,0.9266473650932312,926.6473388671875,piebench_2_add_object_80_211000000001,0.7,10,structural_discrete,first_two
20260763,2_add_object_80,0,images/piebench_2_add_object_80_211000000001/first_two/early/pair_02_pos.jpg,images/piebench_2_add_object_80_211000000001/first_two/final/pair_02_pos.jpg,3.5,Add a gold chain around the cat's neck.,2,1.0,0.9660137891769409,1000.0,966.0137939453125,pair_02_pos,1,0.434420645236969,0.9842159748077393,0.9266473650932312,926.6473388671875,piebench_2_add_object_80_211000000001,0.7,10,structural_discrete,first_two
20260763,2_add_object_80,0,images/piebench_2_add_object_80_211000000001/first_two/early/pair_02_neg.jpg,images/piebench_2_add_object_80_211000000001/first_two/final/pair_02_neg.jpg,3.5,Add a gold chain around the cat's neck.,2,1.0,0.9660137891769409,1000.0,966.0137939453125,pair_02_neg,-1,0.47620171308517456,0.38562628626823425,0.9266473650932312,926.6473388671875,piebench_2_add_object_80_211000000001,0.7,10,structural_discrete,first_two
20260763,2_add_object_80,0,images/piebench_2_add_object_80_211000000001/first_two/early/pair_03_pos.jpg,images/piebench_2_add_object_80_211000000001/first_two/final/pair_03_pos.jpg,3.5,Add a gold chain around the cat's neck.,3,1.0,0.9660137891769409,1000.0,966.0137939453125,pair_03_pos,1,0.5652979612350464,0.9397699236869812,0.9266473650932312,926.6473388671875,piebench_2_add_object_80_211000000001,0.7,10,structural_discrete,first_two
20260763,2_add_object_80,0,images/piebench_2_add_object_80_211000000001/first_two/early/pair_03_neg.jpg,images/piebench_2_add_object_80_211000000001/first_two/final/pair_03_neg.jpg,3.5,Add a gold chain around the cat's neck.,3,1.0,0.9660137891769409,1000.0,966.0137939453125,pair_03_neg,-1,0.46623149514198303,0.9985052943229675,0.9266473650932312,926.6473388671875,piebench_2_add_object_80_211000000001,0.7,10,structural_discrete,first_two
20260763,2_add_object_80,0,images/piebench_2_add_object_80_211000000001/first_two/early/pair_04_pos.jpg,images/piebench_2_add_object_80_211000000001/first_two/final/pair_04_pos.jpg,3.5,Add a gold chain around the cat's neck.,4,1.0,0.9660137891769409,1000.0,966.0137939453125,pair_04_pos,1,0.48034143447875977,1.024258017539978,0.9266473650932312,926.6473388671875,piebench_2_add_object_80_211000000001,0.7,10,structural_discrete,first_two
20260763,2_add_object_80,0,images/piebench_2_add_object_80_211000000001/first_two/early/pair_04_neg.jpg,images/piebench_2_add_object_80_211000000001/first_two/final/pair_04_neg.jpg,3.5,Add a gold chain around the cat's neck.,4,1.0,0.9660137891769409,1000.0,966.0137939453125,pair_04_neg,-1,0.46958717703819275,0.9449650049209595,0.9266473650932312,926.6473388671875,piebench_2_add_object_80_211000000001,0.7,10,structural_discrete,first_two
20260763,2_add_object_80,0,images/piebench_2_add_object_80_211000000001/first_two/early/pair_05_pos.jpg,images/piebench_2_add_object_80_211000000001/first_two/final/pair_05_pos.jpg,3.5,Add a gold chain around the cat's neck.,5,1.0,0.9660137891769409,1000.0,966.0137939453125,pair_05_pos,1,0.7994176745414734,1.047230839729309,0.9266473650932312,926.6473388671875,piebench_2_add_object_80_211000000001,0.7,10,structural_discrete,first_two
20260763,2_add_object_80,0,images/piebench_2_add_object_80_211000000001/first_two/early/pair_05_neg.jpg,images/piebench_2_add_object_80_211000000001/first_two/final/pair_05_neg.jpg,3.5,Add a gold chain around the cat's neck.,5,1.0,0.9660137891769409,1000.0,966.0137939453125,pair_05_neg,-1,0.5188707113265991,0.9575008153915405,0.9266473650932312,926.6473388671875,piebench_2_add_object_80_211000000001,0.7,10,structural_discrete,first_two
20260763,2_add_object_80,0,images/piebench_2_add_object_80_211000000001/first_two/early/pair_06_pos.jpg,images/piebench_2_add_object_80_211000000001/first_two/final/pair_06_pos.jpg,3.5,Add a gold chain around the cat's neck.,6,1.0,0.9660137891769409,1000.0,966.0137939453125,pair_06_pos,1,0.5816451907157898,0.9306147694587708,0.9266473650932312,926.6473388671875,piebench_2_add_object_80_211000000001,0.7,10,structural_discrete,first_two
20260763,2_add_object_80,0,images/piebench_2_add_object_80_211000000001/first_two/early/pair_06_neg.jpg,images/piebench_2_add_object_80_211000000001/first_two/final/pair_06_neg.jpg,3.5,Add a gold chain around the cat's neck.,6,1.0,0.9660137891769409,1000.0,966.0137939453125,pair_06_neg,-1,0.3449057638645172,0.5147832632064819,0.9266473650932312,926.6473388671875,piebench_2_add_object_80_211000000001,0.7,10,structural_discrete,first_two
20260763,2_add_object_80,0,images/piebench_2_add_object_80_211000000001/first_two/early/pair_07_pos.jpg,images/piebench_2_add_object_80_211000000001/first_two/final/pair_07_pos.jpg,3.5,Add a gold chain around the cat's neck.,7,1.0,0.9660137891769409,1000.0,966.0137939453125,pair_07_pos,1,0.3964572846889496,0.9460176229476929,0.9266473650932312,926.6473388671875,piebench_2_add_object_80_211000000001,0.7,10,structural_discrete,first_two
20260763,2_add_object_80,0,images/piebench_2_add_object_80_211000000001/first_two/early/pair_07_neg.jpg,images/piebench_2_add_object_80_211000000001/first_two/final/pair_07_neg.jpg,3.5,Add a gold chain around the cat's neck.,7,1.0,0.9660137891769409,1000.0,966.0137939453125,pair_07_neg,-1,0.6620907783508301,0.9846513271331787,0.9266473650932312,926.6473388671875,piebench_2_add_object_80_211000000001,0.7,10,structural_discrete,first_two
20260763,2_add_object_80,0,images/piebench_2_add_object_80_211000000001/first_two/early/pair_08_pos.jpg,images/piebench_2_add_object_80_211000000001/first_two/final/pair_08_pos.jpg,3.5,Add a gold chain around the cat's neck.,8,1.0,0.9660137891769409,1000.0,966.0137939453125,pair_08_pos,1,0.7404695749282837,0.9748760461807251,0.9266473650932312,926.6473388671875,piebench_2_add_object_80_211000000001,0.7,10,structural_discrete,first_two
20260763,2_add_object_80,0,images/piebench_2_add_object_80_211000000001/first_two/early/pair_08_neg.jpg,images/piebench_2_add_object_80_211000000001/first_two/final/pair_08_neg.jpg,3.5,Add a gold chain around the cat's neck.,8,1.0,0.9660137891769409,1000.0,966.0137939453125,pair_08_neg,-1,0.5143833160400391,0.9097641110420227,0.9266473650932312,926.6473388671875,piebench_2_add_object_80_211000000001,0.7,10,structural_discrete,first_two
20260763,2_add_object_80,0,images/piebench_2_add_object_80_211000000001/first_two/early/pair_09_pos.jpg,images/piebench_2_add_object_80_211000000001/first_two/final/pair_09_pos.jpg,3.5,Add a gold chain around the cat's neck.,9,1.0,0.9660137891769409,1000.0,966.0137939453125,pair_09_pos,1,0.720744788646698,1.0117852687835693,0.9266473650932312,926.6473388671875,piebench_2_add_object_80_211000000001,0.7,10,structural_discrete,first_two
20260763,2_add_object_80,0,images/piebench_2_add_object_80_211000000001/first_two/early/pair_09_neg.jpg,images/piebench_2_add_object_80_211000000001/first_two/final/pair_09_neg.jpg,3.5,Add a gold chain around the cat's neck.,9,1.0,0.9660137891769409,1000.0,966.0137939453125,pair_09_neg,-1,0.4966326057910919,0.3475569188594818,0.9266473650932312,926.6473388671875,piebench_2_add_object_80_211000000001,0.7,10,structural_discrete,first_two
20260763,2_add_object_80,0,images/piebench_2_add_object_80_211000000001/first_two/early/pair_10_pos.jpg,images/piebench_2_add_object_80_211000000001/first_two/final/pair_10_pos.jpg,3.5,Add a gold chain around the cat's neck.,10,1.0,0.9660137891769409,1000.0,966.0137939453125,pair_10_pos,1,0.63689124584198,1.032551884651184,0.9266473650932312,926.6473388671875,piebench_2_add_object_80_211000000001,0.7,10,structural_discrete,first_two
20260763,2_add_object_80,0,images/piebench_2_add_object_80_211000000001/first_two/early/pair_10_neg.jpg,images/piebench_2_add_object_80_211000000001/first_two/final/pair_10_neg.jpg,3.5,Add a gold chain around the cat's neck.,10,1.0,0.9660137891769409,1000.0,966.0137939453125,pair_10_neg,-1,0.5483152866363525,0.9918990135192871,0.9266473650932312,926.6473388671875,piebench_2_add_object_80_211000000001,0.7,10,structural_discrete,first_two
20260763,2_add_object_80,0,images/piebench_2_add_object_80_211000000001/first_two/early/pair_11_pos.jpg,images/piebench_2_add_object_80_211000000001/first_two/final/pair_11_pos.jpg,3.5,Add a gold chain around the cat's neck.,11,1.0,0.9660137891769409,1000.0,966.0137939453125,pair_11_pos,1,0.48976749181747437,0.6105440258979797,0.9266473650932312,926.6473388671875,piebench_2_add_object_80_211000000001,0.7,10,structural_discrete,first_two
20260763,2_add_object_80,0,images/piebench_2_add_object_80_211000000001/first_two/early/pair_11_neg.jpg,images/piebench_2_add_object_80_211000000001/first_two/final/pair_11_neg.jpg,3.5,Add a gold chain around the cat's neck.,11,1.0,0.9660137891769409,1000.0,966.0137939453125,pair_11_neg,-1,0.7754256725311279,0.9427627325057983,0.9266473650932312,926.6473388671875,piebench_2_add_object_80_211000000001,0.7,10,structural_discrete,first_two
20260763,2_add_object_80,0,images/piebench_2_add_object_80_211000000001/first_two/early/pair_12_pos.jpg,images/piebench_2_add_object_80_211000000001/first_two/final/pair_12_pos.jpg,3.5,Add a gold chain around the cat's neck.,12,1.0,0.9660137891769409,1000.0,966.0137939453125,pair_12_pos,1,0.5323912501335144,0.7511096000671387,0.9266473650932312,926.6473388671875,piebench_2_add_object_80_211000000001,0.7,10,structural_discrete,first_two
20260763,2_add_object_80,0,images/piebench_2_add_object_80_211000000001/first_two/early/pair_12_neg.jpg,images/piebench_2_add_object_80_211000000001/first_two/final/pair_12_neg.jpg,3.5,Add a gold chain around the cat's neck.,12,1.0,0.9660137891769409,1000.0,966.0137939453125,pair_12_neg,-1,0.6848816871643066,1.0049309730529785,0.9266473650932312,926.6473388671875,piebench_2_add_object_80_211000000001,0.7,10,structural_discrete,first_two
20260763,2_add_object_80,0,images/piebench_2_add_object_80_211000000001/first_two/early/pair_13_pos.jpg,images/piebench_2_add_object_80_211000000001/first_two/final/pair_13_pos.jpg,3.5,Add a gold chain around the cat's neck.,13,1.0,0.9660137891769409,1000.0,966.0137939453125,pair_13_pos,1,0.6885828971862793,0.9960079789161682,0.9266473650932312,926.6473388671875,piebench_2_add_object_80_211000000001,0.7,10,structural_discrete,first_two
20260763,2_add_object_80,0,images/piebench_2_add_object_80_211000000001/first_two/early/pair_13_neg.jpg,images/piebench_2_add_object_80_211000000001/first_two/final/pair_13_neg.jpg,3.5,Add a gold chain around the cat's neck.,13,1.0,0.9660137891769409,1000.0,966.0137939453125,pair_13_neg,-1,0.8338045477867126,0.990478515625,0.9266473650932312,926.6473388671875,piebench_2_add_object_80_211000000001,0.7,10,structural_discrete,first_two
20260763,2_add_object_80,0,images/piebench_2_add_object_80_211000000001/first_two/early/pair_14_pos.jpg,images/piebench_2_add_object_80_211000000001/first_two/final/pair_14_pos.jpg,3.5,Add a gold chain around the cat's neck.,14,1.0,0.9660137891769409,1000.0,966.0137939453125,pair_14_pos,1,0.7090615034103394,0.9741163849830627,0.9266473650932312,926.6473388671875,piebench_2_add_object_80_211000000001,0.7,10,structural_discrete,first_two
20260763,2_add_object_80,0,images/piebench_2_add_object_80_211000000001/first_two/early/pair_14_neg.jpg,images/piebench_2_add_object_80_211000000001/first_two/final/pair_14_neg.jpg,3.5,Add a gold chain around the cat's neck.,14,1.0,0.9660137891769409,1000.0,966.0137939453125,pair_14_neg,-1,0.3943661153316498,0.8835161924362183,0.9266473650932312,926.6473388671875,piebench_2_add_object_80_211000000001,0.7,10,structural_discrete,first_two
20260763,2_add_object_80,0,images/piebench_2_add_object_80_211000000001/first_two/early/pair_15_pos.jpg,images/piebench_2_add_object_80_211000000001/first_two/final/pair_15_pos.jpg,3.5,Add a gold chain around the cat's neck.,15,1.0,0.9660137891769409,1000.0,966.0137939453125,pair_15_pos,1,0.43178319931030273,0.375489205121994,0.9266473650932312,926.6473388671875,piebench_2_add_object_80_211000000001,0.7,10,structural_discrete,first_two
20260763,2_add_object_80,0,images/piebench_2_add_object_80_211000000001/first_two/early/pair_15_neg.jpg,images/piebench_2_add_object_80_211000000001/first_two/final/pair_15_neg.jpg,3.5,Add a gold chain around the cat's neck.,15,1.0,0.9660137891769409,1000.0,966.0137939453125,pair_15_neg,-1,0.7996770143508911,1.0229347944259644,0.9266473650932312,926.6473388671875,piebench_2_add_object_80_211000000001,0.7,10,structural_discrete,first_two
20260781,2_add_object_80,0,images/piebench_2_add_object_80_212000000009/first_only/early/pair_00_pos.jpg,images/piebench_2_add_object_80_212000000009/first_only/final/pair_00_pos.jpg,3.5,Add a large necklace around the man's neck.,0,1.0,,1000.0,,pair_00_pos,1,0.530799925327301,0.6769676208496094,0.9660137891769409,966.0137939453125,piebench_2_add_object_80_212000000009,0.7,10,structural_discrete,first_only
20260781,2_add_object_80,0,images/piebench_2_add_object_80_212000000009/first_only/early/pair_00_neg.jpg,images/piebench_2_add_object_80_212000000009/first_only/final/pair_00_neg.jpg,3.5,Add a large necklace around the man's neck.,0,1.0,,1000.0,,pair_00_neg,-1,0.5163076519966125,0.8628564476966858,0.9660137891769409,966.0137939453125,piebench_2_add_object_80_212000000009,0.7,10,structural_discrete,first_only
20260781,2_add_object_80,0,images/piebench_2_add_object_80_212000000009/first_only/early/pair_01_pos.jpg,images/piebench_2_add_object_80_212000000009/first_only/final/pair_01_pos.jpg,3.5,Add a large necklace around the man's neck.,1,1.0,,1000.0,,pair_01_pos,1,0.5827415585517883,0.9861934185028076,0.9660137891769409,966.0137939453125,piebench_2_add_object_80_212000000009,0.7,10,structural_discrete,first_only
20260781,2_add_object_80,0,images/piebench_2_add_object_80_212000000009/first_only/early/pair_01_neg.jpg,images/piebench_2_add_object_80_212000000009/first_only/final/pair_01_neg.jpg,3.5,Add a large necklace around the man's neck.,1,1.0,,1000.0,,pair_01_neg,-1,0.44798028469085693,0.8958576917648315,0.9660137891769409,966.0137939453125,piebench_2_add_object_80_212000000009,0.7,10,structural_discrete,first_only
20260781,2_add_object_80,0,images/piebench_2_add_object_80_212000000009/first_only/early/pair_02_pos.jpg,images/piebench_2_add_object_80_212000000009/first_only/final/pair_02_pos.jpg,3.5,Add a large necklace around the man's neck.,2,1.0,,1000.0,,pair_02_pos,1,0.43102070689201355,0.7129942178726196,0.9660137891769409,966.0137939453125,piebench_2_add_object_80_212000000009,0.7,10,structural_discrete,first_only
20260781,2_add_object_80,0,images/piebench_2_add_object_80_212000000009/first_only/early/pair_02_neg.jpg,images/piebench_2_add_object_80_212000000009/first_only/final/pair_02_neg.jpg,3.5,Add a large necklace around the man's neck.,2,1.0,,1000.0,,pair_02_neg,-1,0.4976353645324707,0.770412802696228,0.9660137891769409,966.0137939453125,piebench_2_add_object_80_212000000009,0.7,10,structural_discrete,first_only
20260781,2_add_object_80,0,images/piebench_2_add_object_80_212000000009/first_only/early/pair_03_pos.jpg,images/piebench_2_add_object_80_212000000009/first_only/final/pair_03_pos.jpg,3.5,Add a large necklace around the man's neck.,3,1.0,,1000.0,,pair_03_pos,1,0.41281405091285706,0.8254551291465759,0.9660137891769409,966.0137939453125,piebench_2_add_object_80_212000000009,0.7,10,structural_discrete,first_only
20260781,2_add_object_80,0,images/piebench_2_add_object_80_212000000009/first_only/early/pair_03_neg.jpg,images/piebench_2_add_object_80_212000000009/first_only/final/pair_03_neg.jpg,3.5,Add a large necklace around the man's neck.,3,1.0,,1000.0,,pair_03_neg,-1,0.3811793327331543,0.8630571961402893,0.9660137891769409,966.0137939453125,piebench_2_add_object_80_212000000009,0.7,10,structural_discrete,first_only
20260781,2_add_object_80,0,images/piebench_2_add_object_80_212000000009/first_only/early/pair_04_pos.jpg,images/piebench_2_add_object_80_212000000009/first_only/final/pair_04_pos.jpg,3.5,Add a large necklace around the man's neck.,4,1.0,,1000.0,,pair_04_pos,1,0.36087486147880554,0.876735270023346,0.9660137891769409,966.0137939453125,piebench_2_add_object_80_212000000009,0.7,10,structural_discrete,first_only
20260781,2_add_object_80,0,images/piebench_2_add_object_80_212000000009/first_only/early/pair_04_neg.jpg,images/piebench_2_add_object_80_212000000009/first_only/final/pair_04_neg.jpg,3.5,Add a large necklace around the man's neck.,4,1.0,,1000.0,,pair_04_neg,-1,0.5341932773590088,0.7305128574371338,0.9660137891769409,966.0137939453125,piebench_2_add_object_80_212000000009,0.7,10,structural_discrete,first_only
20260781,2_add_object_80,0,images/piebench_2_add_object_80_212000000009/first_only/early/pair_05_pos.jpg,images/piebench_2_add_object_80_212000000009/first_only/final/pair_05_pos.jpg,3.5,Add a large necklace around the man's neck.,5,1.0,,1000.0,,pair_05_pos,1,0.471259742975235,0.7932958006858826,0.9660137891769409,966.0137939453125,piebench_2_add_object_80_212000000009,0.7,10,structural_discrete,first_only
20260781,2_add_object_80,0,images/piebench_2_add_object_80_212000000009/first_only/early/pair_05_neg.jpg,images/piebench_2_add_object_80_212000000009/first_only/final/pair_05_neg.jpg,3.5,Add a large necklace around the man's neck.,5,1.0,,1000.0,,pair_05_neg,-1,0.4079419672489166,0.7592458724975586,0.9660137891769409,966.0137939453125,piebench_2_add_object_80_212000000009,0.7,10,structural_discrete,first_only
20260781,2_add_object_80,0,images/piebench_2_add_object_80_212000000009/first_only/early/pair_06_pos.jpg,images/piebench_2_add_object_80_212000000009/first_only/final/pair_06_pos.jpg,3.5,Add a large necklace around the man's neck.,6,1.0,,1000.0,,pair_06_pos,1,0.35058555006980896,0.9857699871063232,0.9660137891769409,966.0137939453125,piebench_2_add_object_80_212000000009,0.7,10,structural_discrete,first_only
20260781,2_add_object_80,0,images/piebench_2_add_object_80_212000000009/first_only/early/pair_06_neg.jpg,images/piebench_2_add_object_80_212000000009/first_only/final/pair_06_neg.jpg,3.5,Add a large necklace around the man's neck.,6,1.0,,1000.0,,pair_06_neg,-1,0.4721921980381012,0.8322523832321167,0.9660137891769409,966.0137939453125,piebench_2_add_object_80_212000000009,0.7,10,structural_discrete,first_only
20260781,2_add_object_80,0,images/piebench_2_add_object_80_212000000009/first_only/early/pair_07_pos.jpg,images/piebench_2_add_object_80_212000000009/first_only/final/pair_07_pos.jpg,3.5,Add a large necklace around the man's neck.,7,1.0,,1000.0,,pair_07_pos,1,0.46290016174316406,0.8094867467880249,0.9660137891769409,966.0137939453125,piebench_2_add_object_80_212000000009,0.7,10,structural_discrete,first_only
20260781,2_add_object_80,0,images/piebench_2_add_object_80_212000000009/first_only/early/pair_07_neg.jpg,images/piebench_2_add_object_80_212000000009/first_only/final/pair_07_neg.jpg,3.5,Add a large necklace around the man's neck.,7,1.0,,1000.0,,pair_07_neg,-1,0.6320562362670898,0.7545328736305237,0.9660137891769409,966.0137939453125,piebench_2_add_object_80_212000000009,0.7,10,structural_discrete,first_only
20260781,2_add_object_80,0,images/piebench_2_add_object_80_212000000009/first_only/early/pair_08_pos.jpg,images/piebench_2_add_object_80_212000000009/first_only/final/pair_08_pos.jpg,3.5,Add a large necklace around the man's neck.,8,1.0,,1000.0,,pair_08_pos,1,0.5222870707511902,0.7657939195632935,0.9660137891769409,966.0137939453125,piebench_2_add_object_80_212000000009,0.7,10,structural_discrete,first_only
20260781,2_add_object_80,0,images/piebench_2_add_object_80_212000000009/first_only/early/pair_08_neg.jpg,images/piebench_2_add_object_80_212000000009/first_only/final/pair_08_neg.jpg,3.5,Add a large necklace around the man's neck.,8,1.0,,1000.0,,pair_08_neg,-1,0.4479060173034668,0.9668524265289307,0.9660137891769409,966.0137939453125,piebench_2_add_object_80_212000000009,0.7,10,structural_discrete,first_only
20260781,2_add_object_80,0,images/piebench_2_add_object_80_212000000009/first_only/early/pair_09_pos.jpg,images/piebench_2_add_object_80_212000000009/first_only/final/pair_09_pos.jpg,3.5,Add a large necklace around the man's neck.,9,1.0,,1000.0,,pair_09_pos,1,0.358794629573822,0.7371314167976379,0.9660137891769409,966.0137939453125,piebench_2_add_object_80_212000000009,0.7,10,structural_discrete,first_only
20260781,2_add_object_80,0,images/piebench_2_add_object_80_212000000009/first_only/early/pair_09_neg.jpg,images/piebench_2_add_object_80_212000000009/first_only/final/pair_09_neg.jpg,3.5,Add a large necklace around the man's neck.,9,1.0,,1000.0,,pair_09_neg,-1,0.5886035561561584,0.7333971261978149,0.9660137891769409,966.0137939453125,piebench_2_add_object_80_212000000009,0.7,10,structural_discrete,first_only
20260781,2_add_object_80,0,images/piebench_2_add_object_80_212000000009/first_only/early/pair_10_pos.jpg,images/piebench_2_add_object_80_212000000009/first_only/final/pair_10_pos.jpg,3.5,Add a large necklace around the man's neck.,10,1.0,,1000.0,,pair_10_pos,1,0.5490889549255371,0.9306128621101379,0.9660137891769409,966.0137939453125,piebench_2_add_object_80_212000000009,0.7,10,structural_discrete,first_only
20260781,2_add_object_80,0,images/piebench_2_add_object_80_212000000009/first_only/early/pair_10_neg.jpg,images/piebench_2_add_object_80_212000000009/first_only/final/pair_10_neg.jpg,3.5,Add a large necklace around the man's neck.,10,1.0,,1000.0,,pair_10_neg,-1,0.5964303016662598,0.6679545640945435,0.9660137891769409,966.0137939453125,piebench_2_add_object_80_212000000009,0.7,10,structural_discrete,first_only
20260781,2_add_object_80,0,images/piebench_2_add_object_80_212000000009/first_only/early/pair_11_pos.jpg,images/piebench_2_add_object_80_212000000009/first_only/final/pair_11_pos.jpg,3.5,Add a large necklace around the man's neck.,11,1.0,,1000.0,,pair_11_pos,1,0.3614094853401184,0.7614625096321106,0.9660137891769409,966.0137939453125,piebench_2_add_object_80_212000000009,0.7,10,structural_discrete,first_only
20260781,2_add_object_80,0,images/piebench_2_add_object_80_212000000009/first_only/early/pair_11_neg.jpg,images/piebench_2_add_object_80_212000000009/first_only/final/pair_11_neg.jpg,3.5,Add a large necklace around the man's neck.,11,1.0,,1000.0,,pair_11_neg,-1,0.5014506578445435,0.5800594091415405,0.9660137891769409,966.0137939453125,piebench_2_add_object_80_212000000009,0.7,10,structural_discrete,first_only
20260781,2_add_object_80,0,images/piebench_2_add_object_80_212000000009/first_only/early/pair_12_pos.jpg,images/piebench_2_add_object_80_212000000009/first_only/final/pair_12_pos.jpg,3.5,Add a large necklace around the man's neck.,12,1.0,,1000.0,,pair_12_pos,1,0.48967239260673523,0.9686814546585083,0.9660137891769409,966.0137939453125,piebench_2_add_object_80_212000000009,0.7,10,structural_discrete,first_only
20260781,2_add_object_80,0,images/piebench_2_add_object_80_212000000009/first_only/early/pair_12_neg.jpg,images/piebench_2_add_object_80_212000000009/first_only/final/pair_12_neg.jpg,3.5,Add a large necklace around the man's neck.,12,1.0,,1000.0,,pair_12_neg,-1,0.41849032044410706,0.8642459511756897,0.9660137891769409,966.0137939453125,piebench_2_add_object_80_212000000009,0.7,10,structural_discrete,first_only
20260781,2_add_object_80,0,images/piebench_2_add_object_80_212000000009/first_only/early/pair_13_pos.jpg,images/piebench_2_add_object_80_212000000009/first_only/final/pair_13_pos.jpg,3.5,Add a large necklace around the man's neck.,13,1.0,,1000.0,,pair_13_pos,1,0.5759487748146057,0.9226701855659485,0.9660137891769409,966.0137939453125,piebench_2_add_object_80_212000000009,0.7,10,structural_discrete,first_only
20260781,2_add_object_80,0,images/piebench_2_add_object_80_212000000009/first_only/early/pair_13_neg.jpg,images/piebench_2_add_object_80_212000000009/first_only/final/pair_13_neg.jpg,3.5,Add a large necklace around the man's neck.,13,1.0,,1000.0,,pair_13_neg,-1,0.6163710951805115,0.7949621081352234,0.9660137891769409,966.0137939453125,piebench_2_add_object_80_212000000009,0.7,10,structural_discrete,first_only
20260781,2_add_object_80,0,images/piebench_2_add_object_80_212000000009/first_only/early/pair_14_pos.jpg,images/piebench_2_add_object_80_212000000009/first_only/final/pair_14_pos.jpg,3.5,Add a large necklace around the man's neck.,14,1.0,,1000.0,,pair_14_pos,1,0.6008843779563904,0.7387090921401978,0.9660137891769409,966.0137939453125,piebench_2_add_object_80_212000000009,0.7,10,structural_discrete,first_only
20260781,2_add_object_80,0,images/piebench_2_add_object_80_212000000009/first_only/early/pair_14_neg.jpg,images/piebench_2_add_object_80_212000000009/first_only/final/pair_14_neg.jpg,3.5,Add a large necklace around the man's neck.,14,1.0,,1000.0,,pair_14_neg,-1,0.464110791683197,0.9602778553962708,0.9660137891769409,966.0137939453125,piebench_2_add_object_80_212000000009,0.7,10,structural_discrete,first_only
20260781,2_add_object_80,0,images/piebench_2_add_object_80_212000000009/first_only/early/pair_15_pos.jpg,images/piebench_2_add_object_80_212000000009/first_only/final/pair_15_pos.jpg,3.5,Add a large necklace around the man's neck.,15,1.0,,1000.0,,pair_15_pos,1,0.48109763860702515,0.6149409413337708,0.9660137891769409,966.0137939453125,piebench_2_add_object_80_212000000009,0.7,10,structural_discrete,first_only
20260781,2_add_object_80,0,images/piebench_2_add_object_80_212000000009/first_only/early/pair_15_neg.jpg,images/piebench_2_add_object_80_212000000009/first_only/final/pair_15_neg.jpg,3.5,Add a large necklace around the man's neck.,15,1.0,,1000.0,,pair_15_neg,-1,0.411923885345459,0.8565506935119629,0.9660137891769409,966.0137939453125,piebench_2_add_object_80_212000000009,0.7,10,structural_discrete,first_only
20260781,2_add_object_80,0,images/piebench_2_add_object_80_212000000009/first_two/early/pair_00_pos.jpg,images/piebench_2_add_object_80_212000000009/first_two/final/pair_00_pos.jpg,3.5,Add a large necklace around the man's neck.,0,1.0,0.9660137891769409,1000.0,966.0137939453125,pair_00_pos,1,0.5754730105400085,0.7249367237091064,0.9266473650932312,926.6473388671875,piebench_2_add_object_80_212000000009,0.7,10,structural_discrete,first_two
20260781,2_add_object_80,0,images/piebench_2_add_object_80_212000000009/first_two/early/pair_00_neg.jpg,images/piebench_2_add_object_80_212000000009/first_two/final/pair_00_neg.jpg,3.5,Add a large necklace around the man's neck.,0,1.0,0.9660137891769409,1000.0,966.0137939453125,pair_00_neg,-1,0.49305459856987,0.8768818974494934,0.9266473650932312,926.6473388671875,piebench_2_add_object_80_212000000009,0.7,10,structural_discrete,first_two
20260781,2_add_object_80,0,images/piebench_2_add_object_80_212000000009/first_two/early/pair_01_pos.jpg,images/piebench_2_add_object_80_212000000009/first_two/final/pair_01_pos.jpg,3.5,Add a large necklace around the man's neck.,1,1.0,0.9660137891769409,1000.0,966.0137939453125,pair_01_pos,1,0.533162534236908,0.7635839581489563,0.9266473650932312,926.6473388671875,piebench_2_add_object_80_212000000009,0.7,10,structural_discrete,first_two
20260781,2_add_object_80,0,images/piebench_2_add_object_80_212000000009/first_two/early/pair_01_neg.jpg,images/piebench_2_add_object_80_212000000009/first_two/final/pair_01_neg.jpg,3.5,Add a large necklace around the man's neck.,1,1.0,0.9660137891769409,1000.0,966.0137939453125,pair_01_neg,-1,0.5324168801307678,0.9047302007675171,0.9266473650932312,926.6473388671875,piebench_2_add_object_80_212000000009,0.7,10,structural_discrete,first_two
20260781,2_add_object_80,0,images/piebench_2_add_object_80_212000000009/first_two/early/pair_02_pos.jpg,images/piebench_2_add_object_80_212000000009/first_two/final/pair_02_pos.jpg,3.5,Add a large necklace around the man's neck.,2,1.0,0.9660137891769409,1000.0,966.0137939453125,pair_02_pos,1,0.4592213034629822,0.8170636296272278,0.9266473650932312,926.6473388671875,piebench_2_add_object_80_212000000009,0.7,10,structural_discrete,first_two
20260781,2_add_object_80,0,images/piebench_2_add_object_80_212000000009/first_two/early/pair_02_neg.jpg,images/piebench_2_add_object_80_212000000009/first_two/final/pair_02_neg.jpg,3.5,Add a large necklace around the man's neck.,2,1.0,0.9660137891769409,1000.0,966.0137939453125,pair_02_neg,-1,0.6964632868766785,0.99497389793396,0.9266473650932312,926.6473388671875,piebench_2_add_object_80_212000000009,0.7,10,structural_discrete,first_two
20260781,2_add_object_80,0,images/piebench_2_add_object_80_212000000009/first_two/early/pair_03_pos.jpg,images/piebench_2_add_object_80_212000000009/first_two/final/pair_03_pos.jpg,3.5,Add a large necklace around the man's neck.,3,1.0,0.9660137891769409,1000.0,966.0137939453125,pair_03_pos,1,0.42902347445487976,0.7564075589179993,0.9266473650932312,926.6473388671875,piebench_2_add_object_80_212000000009,0.7,10,structural_discrete,first_two
20260781,2_add_object_80,0,images/piebench_2_add_object_80_212000000009/first_two/early/pair_03_neg.jpg,images/piebench_2_add_object_80_212000000009/first_two/final/pair_03_neg.jpg,3.5,Add a large necklace around the man's neck.,3,1.0,0.9660137891769409,1000.0,966.0137939453125,pair_03_neg,-1,0.6892402172088623,0.952919065952301,0.9266473650932312,926.6473388671875,piebench_2_add_object_80_212000000009,0.7,10,structural_discrete,first_two
20260781,2_add_object_80,0,images/piebench_2_add_object_80_212000000009/first_two/early/pair_04_pos.jpg,images/piebench_2_add_object_80_212000000009/first_two/final/pair_04_pos.jpg,3.5,Add a large necklace around the man's neck.,4,1.0,0.9660137891769409,1000.0,966.0137939453125,pair_04_pos,1,0.5153728127479553,0.8063445687294006,0.9266473650932312,926.6473388671875,piebench_2_add_object_80_212000000009,0.7,10,structural_discrete,first_two
20260781,2_add_object_80,0,images/piebench_2_add_object_80_212000000009/first_two/early/pair_04_neg.jpg,images/piebench_2_add_object_80_212000000009/first_two/final/pair_04_neg.jpg,3.5,Add a large necklace around the man's neck.,4,1.0,0.9660137891769409,1000.0,966.0137939453125,pair_04_neg,-1,0.6256282329559326,0.7439633011817932,0.9266473650932312,926.6473388671875,piebench_2_add_object_80_212000000009,0.7,10,structural_discrete,first_two
20260781,2_add_object_80,0,images/piebench_2_add_object_80_212000000009/first_two/early/pair_05_pos.jpg,images/piebench_2_add_object_80_212000000009/first_two/final/pair_05_pos.jpg,3.5,Add a large necklace around the man's neck.,5,1.0,0.9660137891769409,1000.0,966.0137939453125,pair_05_pos,1,0.643478512763977,0.8013854622840881,0.9266473650932312,926.6473388671875,piebench_2_add_object_80_212000000009,0.7,10,structural_discrete,first_two
20260781,2_add_object_80,0,images/piebench_2_add_object_80_212000000009/first_two/early/pair_05_neg.jpg,images/piebench_2_add_object_80_212000000009/first_two/final/pair_05_neg.jpg,3.5,Add a large necklace around the man's neck.,5,1.0,0.9660137891769409,1000.0,966.0137939453125,pair_05_neg,-1,0.5707736015319824,0.857629120349884,0.9266473650932312,926.6473388671875,piebench_2_add_object_80_212000000009,0.7,10,structural_discrete,first_two
20260781,2_add_object_80,0,images/piebench_2_add_object_80_212000000009/first_two/early/pair_06_pos.jpg,images/piebench_2_add_object_80_212000000009/first_two/final/pair_06_pos.jpg,3.5,Add a large necklace around the man's neck.,6,1.0,0.9660137891769409,1000.0,966.0137939453125,pair_06_pos,1,0.6088374257087708,0.913853108882904,0.9266473650932312,926.6473388671875,piebench_2_add_object_80_212000000009,0.7,10,structural_discrete,first_two
20260781,2_add_object_80,0,images/piebench_2_add_object_80_212000000009/first_two/early/pair_06_neg.jpg,images/piebench_2_add_object_80_212000000009/first_two/final/pair_06_neg.jpg,3.5,Add a large necklace around the man's neck.,6,1.0,0.9660137891769409,1000.0,966.0137939453125,pair_06_neg,-1,0.4596402049064636,0.6930789351463318,0.9266473650932312,926.6473388671875,piebench_2_add_object_80_212000000009,0.7,10,structural_discrete,first_two
20260781,2_add_object_80,0,images/piebench_2_add_object_80_212000000009/first_two/early/pair_07_pos.jpg,images/piebench_2_add_object_80_212000000009/first_two/final/pair_07_pos.jpg,3.5,Add a large necklace around the man's neck.,7,1.0,0.9660137891769409,1000.0,966.0137939453125,pair_07_pos,1,0.6389556527137756,0.9762988090515137,0.9266473650932312,926.6473388671875,piebench_2_add_object_80_212000000009,0.7,10,structural_discrete,first_two
20260781,2_add_object_80,0,images/piebench_2_add_object_80_212000000009/first_two/early/pair_07_neg.jpg,images/piebench_2_add_object_80_212000000009/first_two/final/pair_07_neg.jpg,3.5,Add a large necklace around the man's neck.,7,1.0,0.9660137891769409,1000.0,966.0137939453125,pair_07_neg,-1,0.4228162169456482,0.7114555239677429,0.9266473650932312,926.6473388671875,piebench_2_add_object_80_212000000009,0.7,10,structural_discrete,first_two
20260781,2_add_object_80,0,images/piebench_2_add_object_80_212000000009/first_two/early/pair_08_pos.jpg,images/piebench_2_add_object_80_212000000009/first_two/final/pair_08_pos.jpg,3.5,Add a large necklace around the man's neck.,8,1.0,0.9660137891769409,1000.0,966.0137939453125,pair_08_pos,1,0.4561728835105896,0.6724720597267151,0.9266473650932312,926.6473388671875,piebench_2_add_object_80_212000000009,0.7,10,structural_discrete,first_two
20260781,2_add_object_80,0,images/piebench_2_add_object_80_212000000009/first_two/early/pair_08_neg.jpg,images/piebench_2_add_object_80_212000000009/first_two/final/pair_08_neg.jpg,3.5,Add a large necklace around the man's neck.,8,1.0,0.9660137891769409,1000.0,966.0137939453125,pair_08_neg,-1,0.6775765419006348,0.9502103924751282,0.9266473650932312,926.6473388671875,piebench_2_add_object_80_212000000009,0.7,10,structural_discrete,first_two
20260781,2_add_object_80,0,images/piebench_2_add_object_80_212000000009/first_two/early/pair_09_pos.jpg,images/piebench_2_add_object_80_212000000009/first_two/final/pair_09_pos.jpg,3.5,Add a large necklace around the man's neck.,9,1.0,0.9660137891769409,1000.0,966.0137939453125,pair_09_pos,1,0.40848270058631897,0.721785306930542,0.9266473650932312,926.6473388671875,piebench_2_add_object_80_212000000009,0.7,10,structural_discrete,first_two
20260781,2_add_object_80,0,images/piebench_2_add_object_80_212000000009/first_two/early/pair_09_neg.jpg,images/piebench_2_add_object_80_212000000009/first_two/final/pair_09_neg.jpg,3.5,Add a large necklace around the man's neck.,9,1.0,0.9660137891769409,1000.0,966.0137939453125,pair_09_neg,-1,0.5520376563072205,0.7911635637283325,0.9266473650932312,926.6473388671875,piebench_2_add_object_80_212000000009,0.7,10,structural_discrete,first_two
20260781,2_add_object_80,0,images/piebench_2_add_object_80_212000000009/first_two/early/pair_10_pos.jpg,images/piebench_2_add_object_80_212000000009/first_two/final/pair_10_pos.jpg,3.5,Add a large necklace around the man's neck.,10,1.0,0.9660137891769409,1000.0,966.0137939453125,pair_10_pos,1,0.40649375319480896,0.6251894235610962,0.9266473650932312,926.6473388671875,piebench_2_add_object_80_212000000009,0.7,10,structural_discrete,first_two
20260781,2_add_object_80,0,images/piebench_2_add_object_80_212000000009/first_two/early/pair_10_neg.jpg,images/piebench_2_add_object_80_212000000009/first_two/final/pair_10_neg.jpg,3.5,Add a large necklace around the man's neck.,10,1.0,0.9660137891769409,1000.0,966.0137939453125,pair_10_neg,-1,0.6281233429908752,0.9825201034545898,0.9266473650932312,926.6473388671875,piebench_2_add_object_80_212000000009,0.7,10,structural_discrete,first_two
20260781,2_add_object_80,0,images/piebench_2_add_object_80_212000000009/first_two/early/pair_11_pos.jpg,images/piebench_2_add_object_80_212000000009/first_two/final/pair_11_pos.jpg,3.5,Add a large necklace around the man's neck.,11,1.0,0.9660137891769409,1000.0,966.0137939453125,pair_11_pos,1,0.560533344745636,0.8131439685821533,0.9266473650932312,926.6473388671875,piebench_2_add_object_80_212000000009,0.7,10,structural_discrete,first_two
20260781,2_add_object_80,0,images/piebench_2_add_object_80_212000000009/first_two/early/pair_11_neg.jpg,images/piebench_2_add_object_80_212000000009/first_two/final/pair_11_neg.jpg,3.5,Add a large necklace around the man's neck.,11,1.0,0.9660137891769409,1000.0,966.0137939453125,pair_11_neg,-1,0.4499114155769348,0.5718845129013062,0.9266473650932312,926.6473388671875,piebench_2_add_object_80_212000000009,0.7,10,structural_discrete,first_two
20260781,2_add_object_80,0,images/piebench_2_add_object_80_212000000009/first_two/early/pair_12_pos.jpg,images/piebench_2_add_object_80_212000000009/first_two/final/pair_12_pos.jpg,3.5,Add a large necklace around the man's neck.,12,1.0,0.9660137891769409,1000.0,966.0137939453125,pair_12_pos,1,0.5606353282928467,0.8657271862030029,0.9266473650932312,926.6473388671875,piebench_2_add_object_80_212000000009,0.7,10,structural_discrete,first_two
20260781,2_add_object_80,0,images/piebench_2_add_object_80_212000000009/first_two/early/pair_12_neg.jpg,images/piebench_2_add_object_80_212000000009/first_two/final/pair_12_neg.jpg,3.5,Add a large necklace around the man's neck.,12,1.0,0.9660137891769409,1000.0,966.0137939453125,pair_12_neg,-1,0.4956700801849365,0.93404620885849,0.9266473650932312,926.6473388671875,piebench_2_add_object_80_212000000009,0.7,10,structural_discrete,first_two
20260781,2_add_object_80,0,images/piebench_2_add_object_80_212000000009/first_two/early/pair_13_pos.jpg,images/piebench_2_add_object_80_212000000009/first_two/final/pair_13_pos.jpg,3.5,Add a large necklace around the man's neck.,13,1.0,0.9660137891769409,1000.0,966.0137939453125,pair_13_pos,1,0.6735467910766602,0.9885803461074829,0.9266473650932312,926.6473388671875,piebench_2_add_object_80_212000000009,0.7,10,structural_discrete,first_two
20260781,2_add_object_80,0,images/piebench_2_add_object_80_212000000009/first_two/early/pair_13_neg.jpg,images/piebench_2_add_object_80_212000000009/first_two/final/pair_13_neg.jpg,3.5,Add a large necklace around the man's neck.,13,1.0,0.9660137891769409,1000.0,966.0137939453125,pair_13_neg,-1,0.41094955801963806,0.7895581126213074,0.9266473650932312,926.6473388671875,piebench_2_add_object_80_212000000009,0.7,10,structural_discrete,first_two
20260781,2_add_object_80,0,images/piebench_2_add_object_80_212000000009/first_two/early/pair_14_pos.jpg,images/piebench_2_add_object_80_212000000009/first_two/final/pair_14_pos.jpg,3.5,Add a large necklace around the man's neck.,14,1.0,0.9660137891769409,1000.0,966.0137939453125,pair_14_pos,1,0.5656403303146362,0.6931432485580444,0.9266473650932312,926.6473388671875,piebench_2_add_object_80_212000000009,0.7,10,structural_discrete,first_two
20260781,2_add_object_80,0,images/piebench_2_add_object_80_212000000009/first_two/early/pair_14_neg.jpg,images/piebench_2_add_object_80_212000000009/first_two/final/pair_14_neg.jpg,3.5,Add a large necklace around the man's neck.,14,1.0,0.9660137891769409,1000.0,966.0137939453125,pair_14_neg,-1,0.39794081449508667,0.6500837802886963,0.9266473650932312,926.6473388671875,piebench_2_add_object_80_212000000009,0.7,10,structural_discrete,first_two
20260781,2_add_object_80,0,images/piebench_2_add_object_80_212000000009/first_two/early/pair_15_pos.jpg,images/piebench_2_add_object_80_212000000009/first_two/final/pair_15_pos.jpg,3.5,Add a large necklace around the man's neck.,15,1.0,0.9660137891769409,1000.0,966.0137939453125,pair_15_pos,1,0.46333637833595276,0.6252197623252869,0.9266473650932312,926.6473388671875,piebench_2_add_object_80_212000000009,0.7,10,structural_discrete,first_two
20260781,2_add_object_80,0,images/piebench_2_add_object_80_212000000009/first_two/early/pair_15_neg.jpg,images/piebench_2_add_object_80_212000000009/first_two/final/pair_15_neg.jpg,3.5,Add a large necklace around the man's neck.,15,1.0,0.9660137891769409,1000.0,966.0137939453125,pair_15_neg,-1,0.5482423305511475,1.0090364217758179,0.9266473650932312,926.6473388671875,piebench_2_add_object_80_212000000009,0.7,10,structural_discrete,first_two
20260783,3_delete_object_80,0,images/piebench_3_delete_object_80_311000000001/first_only/early/pair_00_pos.jpg,images/piebench_3_delete_object_80_311000000001/first_only/final/pair_00_pos.jpg,3.5,Remove the headphones from the cat.,0,1.0,,1000.0,,pair_00_pos,1,0.8313639760017395,0.8731681108474731,0.9660137891769409,966.0137939453125,piebench_3_delete_object_80_311000000001,0.7,10,structural_discrete,first_only
20260783,3_delete_object_80,0,images/piebench_3_delete_object_80_311000000001/first_only/early/pair_00_neg.jpg,images/piebench_3_delete_object_80_311000000001/first_only/final/pair_00_neg.jpg,3.5,Remove the headphones from the cat.,0,1.0,,1000.0,,pair_00_neg,-1,0.5249075293540955,0.49463391304016113,0.9660137891769409,966.0137939453125,piebench_3_delete_object_80_311000000001,0.7,10,structural_discrete,first_only
20260783,3_delete_object_80,0,images/piebench_3_delete_object_80_311000000001/first_only/early/pair_01_pos.jpg,images/piebench_3_delete_object_80_311000000001/first_only/final/pair_01_pos.jpg,3.5,Remove the headphones from the cat.,1,1.0,,1000.0,,pair_01_pos,1,0.7557886242866516,0.5808014273643494,0.9660137891769409,966.0137939453125,piebench_3_delete_object_80_311000000001,0.7,10,structural_discrete,first_only
20260783,3_delete_object_80,0,images/piebench_3_delete_object_80_311000000001/first_only/early/pair_01_neg.jpg,images/piebench_3_delete_object_80_311000000001/first_only/final/pair_01_neg.jpg,3.5,Remove the headphones from the cat.,1,1.0,,1000.0,,pair_01_neg,-1,0.6996613144874573,0.5474297404289246,0.9660137891769409,966.0137939453125,piebench_3_delete_object_80_311000000001,0.7,10,structural_discrete,first_only
20260783,3_delete_object_80,0,images/piebench_3_delete_object_80_311000000001/first_only/early/pair_02_pos.jpg,images/piebench_3_delete_object_80_311000000001/first_only/final/pair_02_pos.jpg,3.5,Remove the headphones from the cat.,2,1.0,,1000.0,,pair_02_pos,1,0.6290144920349121,0.5161697268486023,0.9660137891769409,966.0137939453125,piebench_3_delete_object_80_311000000001,0.7,10,structural_discrete,first_only
20260783,3_delete_object_80,0,images/piebench_3_delete_object_80_311000000001/first_only/early/pair_02_neg.jpg,images/piebench_3_delete_object_80_311000000001/first_only/final/pair_02_neg.jpg,3.5,Remove the headphones from the cat.,2,1.0,,1000.0,,pair_02_neg,-1,0.7654030919075012,0.8921861052513123,0.9660137891769409,966.0137939453125,piebench_3_delete_object_80_311000000001,0.7,10,structural_discrete,first_only
20260783,3_delete_object_80,0,images/piebench_3_delete_object_80_311000000001/first_only/early/pair_03_pos.jpg,images/piebench_3_delete_object_80_311000000001/first_only/final/pair_03_pos.jpg,3.5,Remove the headphones from the cat.,3,1.0,,1000.0,,pair_03_pos,1,0.7293044924736023,0.8236799240112305,0.9660137891769409,966.0137939453125,piebench_3_delete_object_80_311000000001,0.7,10,structural_discrete,first_only
20260783,3_delete_object_80,0,images/piebench_3_delete_object_80_311000000001/first_only/early/pair_03_neg.jpg,images/piebench_3_delete_object_80_311000000001/first_only/final/pair_03_neg.jpg,3.5,Remove the headphones from the cat.,3,1.0,,1000.0,,pair_03_neg,-1,0.6799235939979553,0.5102055072784424,0.9660137891769409,966.0137939453125,piebench_3_delete_object_80_311000000001,0.7,10,structural_discrete,first_only
20260783,3_delete_object_80,0,images/piebench_3_delete_object_80_311000000001/first_only/early/pair_04_pos.jpg,images/piebench_3_delete_object_80_311000000001/first_only/final/pair_04_pos.jpg,3.5,Remove the headphones from the cat.,4,1.0,,1000.0,,pair_04_pos,1,0.8044122457504272,0.6144195795059204,0.9660137891769409,966.0137939453125,piebench_3_delete_object_80_311000000001,0.7,10,structural_discrete,first_only
20260783,3_delete_object_80,0,images/piebench_3_delete_object_80_311000000001/first_only/early/pair_04_neg.jpg,images/piebench_3_delete_object_80_311000000001/first_only/final/pair_04_neg.jpg,3.5,Remove the headphones from the cat.,4,1.0,,1000.0,,pair_04_neg,-1,0.7221896648406982,0.5671632289886475,0.9660137891769409,966.0137939453125,piebench_3_delete_object_80_311000000001,0.7,10,structural_discrete,first_only
20260783,3_delete_object_80,0,images/piebench_3_delete_object_80_311000000001/first_only/early/pair_05_pos.jpg,images/piebench_3_delete_object_80_311000000001/first_only/final/pair_05_pos.jpg,3.5,Remove the headphones from the cat.,5,1.0,,1000.0,,pair_05_pos,1,0.7695445418357849,0.580039918422699,0.9660137891769409,966.0137939453125,piebench_3_delete_object_80_311000000001,0.7,10,structural_discrete,first_only
20260783,3_delete_object_80,0,images/piebench_3_delete_object_80_311000000001/first_only/early/pair_05_neg.jpg,images/piebench_3_delete_object_80_311000000001/first_only/final/pair_05_neg.jpg,3.5,Remove the headphones from the cat.,5,1.0,,1000.0,,pair_05_neg,-1,0.8037890195846558,0.7868309020996094,0.9660137891769409,966.0137939453125,piebench_3_delete_object_80_311000000001,0.7,10,structural_discrete,first_only
20260783,3_delete_object_80,0,images/piebench_3_delete_object_80_311000000001/first_only/early/pair_06_pos.jpg,images/piebench_3_delete_object_80_311000000001/first_only/final/pair_06_pos.jpg,3.5,Remove the headphones from the cat.,6,1.0,,1000.0,,pair_06_pos,1,0.7287312746047974,0.6303361058235168,0.9660137891769409,966.0137939453125,piebench_3_delete_object_80_311000000001,0.7,10,structural_discrete,first_only
20260783,3_delete_object_80,0,images/piebench_3_delete_object_80_311000000001/first_only/early/pair_06_neg.jpg,images/piebench_3_delete_object_80_311000000001/first_only/final/pair_06_neg.jpg,3.5,Remove the headphones from the cat.,6,1.0,,1000.0,,pair_06_neg,-1,0.6914520263671875,0.5172592997550964,0.9660137891769409,966.0137939453125,piebench_3_delete_object_80_311000000001,0.7,10,structural_discrete,first_only
20260783,3_delete_object_80,0,images/piebench_3_delete_object_80_311000000001/first_only/early/pair_07_pos.jpg,images/piebench_3_delete_object_80_311000000001/first_only/final/pair_07_pos.jpg,3.5,Remove the headphones from the cat.,7,1.0,,1000.0,,pair_07_pos,1,0.6658050417900085,0.6254487037658691,0.9660137891769409,966.0137939453125,piebench_3_delete_object_80_311000000001,0.7,10,structural_discrete,first_only
20260783,3_delete_object_80,0,images/piebench_3_delete_object_80_311000000001/first_only/early/pair_07_neg.jpg,images/piebench_3_delete_object_80_311000000001/first_only/final/pair_07_neg.jpg,3.5,Remove the headphones from the cat.,7,1.0,,1000.0,,pair_07_neg,-1,0.7111442685127258,0.8836737275123596,0.9660137891769409,966.0137939453125,piebench_3_delete_object_80_311000000001,0.7,10,structural_discrete,first_only
20260783,3_delete_object_80,0,images/piebench_3_delete_object_80_311000000001/first_only/early/pair_08_pos.jpg,images/piebench_3_delete_object_80_311000000001/first_only/final/pair_08_pos.jpg,3.5,Remove the headphones from the cat.,8,1.0,,1000.0,,pair_08_pos,1,0.7221704721450806,0.5347514152526855,0.9660137891769409,966.0137939453125,piebench_3_delete_object_80_311000000001,0.7,10,structural_discrete,first_only
20260783,3_delete_object_80,0,images/piebench_3_delete_object_80_311000000001/first_only/early/pair_08_neg.jpg,images/piebench_3_delete_object_80_311000000001/first_only/final/pair_08_neg.jpg,3.5,Remove the headphones from the cat.,8,1.0,,1000.0,,pair_08_neg,-1,0.749833345413208,0.5975852012634277,0.9660137891769409,966.0137939453125,piebench_3_delete_object_80_311000000001,0.7,10,structural_discrete,first_only
20260783,3_delete_object_80,0,images/piebench_3_delete_object_80_311000000001/first_only/early/pair_09_pos.jpg,images/piebench_3_delete_object_80_311000000001/first_only/final/pair_09_pos.jpg,3.5,Remove the headphones from the cat.,9,1.0,,1000.0,,pair_09_pos,1,0.743652880191803,0.6858803629875183,0.9660137891769409,966.0137939453125,piebench_3_delete_object_80_311000000001,0.7,10,structural_discrete,first_only
20260783,3_delete_object_80,0,images/piebench_3_delete_object_80_311000000001/first_only/early/pair_09_neg.jpg,images/piebench_3_delete_object_80_311000000001/first_only/final/pair_09_neg.jpg,3.5,Remove the headphones from the cat.,9,1.0,,1000.0,,pair_09_neg,-1,0.6883846521377563,0.556479811668396,0.9660137891769409,966.0137939453125,piebench_3_delete_object_80_311000000001,0.7,10,structural_discrete,first_only
20260783,3_delete_object_80,0,images/piebench_3_delete_object_80_311000000001/first_only/early/pair_10_pos.jpg,images/piebench_3_delete_object_80_311000000001/first_only/final/pair_10_pos.jpg,3.5,Remove the headphones from the cat.,10,1.0,,1000.0,,pair_10_pos,1,0.668850839138031,0.7450817227363586,0.9660137891769409,966.0137939453125,piebench_3_delete_object_80_311000000001,0.7,10,structural_discrete,first_only
20260783,3_delete_object_80,0,images/piebench_3_delete_object_80_311000000001/first_only/early/pair_10_neg.jpg,images/piebench_3_delete_object_80_311000000001/first_only/final/pair_10_neg.jpg,3.5,Remove the headphones from the cat.,10,1.0,,1000.0,,pair_10_neg,-1,0.68658846616745,0.5061770081520081,0.9660137891769409,966.0137939453125,piebench_3_delete_object_80_311000000001,0.7,10,structural_discrete,first_only
20260783,3_delete_object_80,0,images/piebench_3_delete_object_80_311000000001/first_only/early/pair_11_pos.jpg,images/piebench_3_delete_object_80_311000000001/first_only/final/pair_11_pos.jpg,3.5,Remove the headphones from the cat.,11,1.0,,1000.0,,pair_11_pos,1,0.6261278390884399,0.46659573912620544,0.9660137891769409,966.0137939453125,piebench_3_delete_object_80_311000000001,0.7,10,structural_discrete,first_only
20260783,3_delete_object_80,0,images/piebench_3_delete_object_80_311000000001/first_only/early/pair_11_neg.jpg,images/piebench_3_delete_object_80_311000000001/first_only/final/pair_11_neg.jpg,3.5,Remove the headphones from the cat.,11,1.0,,1000.0,,pair_11_neg,-1,0.7774580717086792,0.7708541750907898,0.9660137891769409,966.0137939453125,piebench_3_delete_object_80_311000000001,0.7,10,structural_discrete,first_only
20260783,3_delete_object_80,0,images/piebench_3_delete_object_80_311000000001/first_only/early/pair_12_pos.jpg,images/piebench_3_delete_object_80_311000000001/first_only/final/pair_12_pos.jpg,3.5,Remove the headphones from the cat.,12,1.0,,1000.0,,pair_12_pos,1,0.7266353964805603,0.5308882594108582,0.9660137891769409,966.0137939453125,piebench_3_delete_object_80_311000000001,0.7,10,structural_discrete,first_only
20260783,3_delete_object_80,0,images/piebench_3_delete_object_80_311000000001/first_only/early/pair_12_neg.jpg,images/piebench_3_delete_object_80_311000000001/first_only/final/pair_12_neg.jpg,3.5,Remove the headphones from the cat.,12,1.0,,1000.0,,pair_12_neg,-1,0.7289676070213318,0.7933350801467896,0.9660137891769409,966.0137939453125,piebench_3_delete_object_80_311000000001,0.7,10,structural_discrete,first_only
20260783,3_delete_object_80,0,images/piebench_3_delete_object_80_311000000001/first_only/early/pair_13_pos.jpg,images/piebench_3_delete_object_80_311000000001/first_only/final/pair_13_pos.jpg,3.5,Remove the headphones from the cat.,13,1.0,,1000.0,,pair_13_pos,1,0.7048662900924683,0.5053524374961853,0.9660137891769409,966.0137939453125,piebench_3_delete_object_80_311000000001,0.7,10,structural_discrete,first_only
20260783,3_delete_object_80,0,images/piebench_3_delete_object_80_311000000001/first_only/early/pair_13_neg.jpg,images/piebench_3_delete_object_80_311000000001/first_only/final/pair_13_neg.jpg,3.5,Remove the headphones from the cat.,13,1.0,,1000.0,,pair_13_neg,-1,0.6411594748497009,0.591246485710144,0.9660137891769409,966.0137939453125,piebench_3_delete_object_80_311000000001,0.7,10,structural_discrete,first_only
20260783,3_delete_object_80,0,images/piebench_3_delete_object_80_311000000001/first_only/early/pair_14_pos.jpg,images/piebench_3_delete_object_80_311000000001/first_only/final/pair_14_pos.jpg,3.5,Remove the headphones from the cat.,14,1.0,,1000.0,,pair_14_pos,1,0.7109829187393188,0.514435887336731,0.9660137891769409,966.0137939453125,piebench_3_delete_object_80_311000000001,0.7,10,structural_discrete,first_only
20260783,3_delete_object_80,0,images/piebench_3_delete_object_80_311000000001/first_only/early/pair_14_neg.jpg,images/piebench_3_delete_object_80_311000000001/first_only/final/pair_14_neg.jpg,3.5,Remove the headphones from the cat.,14,1.0,,1000.0,,pair_14_neg,-1,0.7502707242965698,0.6642529368400574,0.9660137891769409,966.0137939453125,piebench_3_delete_object_80_311000000001,0.7,10,structural_discrete,first_only
20260783,3_delete_object_80,0,images/piebench_3_delete_object_80_311000000001/first_only/early/pair_15_pos.jpg,images/piebench_3_delete_object_80_311000000001/first_only/final/pair_15_pos.jpg,3.5,Remove the headphones from the cat.,15,1.0,,1000.0,,pair_15_pos,1,0.6656506657600403,0.4998021721839905,0.9660137891769409,966.0137939453125,piebench_3_delete_object_80_311000000001,0.7,10,structural_discrete,first_only
20260783,3_delete_object_80,0,images/piebench_3_delete_object_80_311000000001/first_only/early/pair_15_neg.jpg,images/piebench_3_delete_object_80_311000000001/first_only/final/pair_15_neg.jpg,3.5,Remove the headphones from the cat.,15,1.0,,1000.0,,pair_15_neg,-1,0.7999202609062195,0.803905725479126,0.9660137891769409,966.0137939453125,piebench_3_delete_object_80_311000000001,0.7,10,structural_discrete,first_only
20260783,3_delete_object_80,0,images/piebench_3_delete_object_80_311000000001/first_two/early/pair_00_pos.jpg,images/piebench_3_delete_object_80_311000000001/first_two/final/pair_00_pos.jpg,3.5,Remove the headphones from the cat.,0,1.0,0.9660137891769409,1000.0,966.0137939453125,pair_00_pos,1,0.8305256962776184,1.0191404819488525,0.9266473650932312,926.6473388671875,piebench_3_delete_object_80_311000000001,0.7,10,structural_discrete,first_two
20260783,3_delete_object_80,0,images/piebench_3_delete_object_80_311000000001/first_two/early/pair_00_neg.jpg,images/piebench_3_delete_object_80_311000000001/first_two/final/pair_00_neg.jpg,3.5,Remove the headphones from the cat.,0,1.0,0.9660137891769409,1000.0,966.0137939453125,pair_00_neg,-1,0.4569624066352844,0.4056391716003418,0.9266473650932312,926.6473388671875,piebench_3_delete_object_80_311000000001,0.7,10,structural_discrete,first_two
20260783,3_delete_object_80,0,images/piebench_3_delete_object_80_311000000001/first_two/early/pair_01_pos.jpg,images/piebench_3_delete_object_80_311000000001/first_two/final/pair_01_pos.jpg,3.5,Remove the headphones from the cat.,1,1.0,0.9660137891769409,1000.0,966.0137939453125,pair_01_pos,1,0.7591630220413208,0.5993177890777588,0.9266473650932312,926.6473388671875,piebench_3_delete_object_80_311000000001,0.7,10,structural_discrete,first_two
20260783,3_delete_object_80,0,images/piebench_3_delete_object_80_311000000001/first_two/early/pair_01_neg.jpg,images/piebench_3_delete_object_80_311000000001/first_two/final/pair_01_neg.jpg,3.5,Remove the headphones from the cat.,1,1.0,0.9660137891769409,1000.0,966.0137939453125,pair_01_neg,-1,0.5647883415222168,0.4332120716571808,0.9266473650932312,926.6473388671875,piebench_3_delete_object_80_311000000001,0.7,10,structural_discrete,first_two
20260783,3_delete_object_80,0,images/piebench_3_delete_object_80_311000000001/first_two/early/pair_02_pos.jpg,images/piebench_3_delete_object_80_311000000001/first_two/final/pair_02_pos.jpg,3.5,Remove the headphones from the cat.,2,1.0,0.9660137891769409,1000.0,966.0137939453125,pair_02_pos,1,0.6073788404464722,0.5334842801094055,0.9266473650932312,926.6473388671875,piebench_3_delete_object_80_311000000001,0.7,10,structural_discrete,first_two
20260783,3_delete_object_80,0,images/piebench_3_delete_object_80_311000000001/first_two/early/pair_02_neg.jpg,images/piebench_3_delete_object_80_311000000001/first_two/final/pair_02_neg.jpg,3.5,Remove the headphones from the cat.,2,1.0,0.9660137891769409,1000.0,966.0137939453125,pair_02_neg,-1,0.7653555870056152,0.6376948952674866,0.9266473650932312,926.6473388671875,piebench_3_delete_object_80_311000000001,0.7,10,structural_discrete,first_two
20260783,3_delete_object_80,0,images/piebench_3_delete_object_80_311000000001/first_two/early/pair_03_pos.jpg,images/piebench_3_delete_object_80_311000000001/first_two/final/pair_03_pos.jpg,3.5,Remove the headphones from the cat.,3,1.0,0.9660137891769409,1000.0,966.0137939453125,pair_03_pos,1,0.6672307252883911,0.8317169547080994,0.9266473650932312,926.6473388671875,piebench_3_delete_object_80_311000000001,0.7,10,structural_discrete,first_two
20260783,3_delete_object_80,0,images/piebench_3_delete_object_80_311000000001/first_two/early/pair_03_neg.jpg,images/piebench_3_delete_object_80_311000000001/first_two/final/pair_03_neg.jpg,3.5,Remove the headphones from the cat.,3,1.0,0.9660137891769409,1000.0,966.0137939453125,pair_03_neg,-1,0.6016160845756531,0.4859822392463684,0.9266473650932312,926.6473388671875,piebench_3_delete_object_80_311000000001,0.7,10,structural_discrete,first_two
20260783,3_delete_object_80,0,images/piebench_3_delete_object_80_311000000001/first_two/early/pair_04_pos.jpg,images/piebench_3_delete_object_80_311000000001/first_two/final/pair_04_pos.jpg,3.5,Remove the headphones from the cat.,4,1.0,0.9660137891769409,1000.0,966.0137939453125,pair_04_pos,1,0.7654899954795837,0.6123564839363098,0.9266473650932312,926.6473388671875,piebench_3_delete_object_80_311000000001,0.7,10,structural_discrete,first_two
20260783,3_delete_object_80,0,images/piebench_3_delete_object_80_311000000001/first_two/early/pair_04_neg.jpg,images/piebench_3_delete_object_80_311000000001/first_two/final/pair_04_neg.jpg,3.5,Remove the headphones from the cat.,4,1.0,0.9660137891769409,1000.0,966.0137939453125,pair_04_neg,-1,0.6817981004714966,0.581461489200592,0.9266473650932312,926.6473388671875,piebench_3_delete_object_80_311000000001,0.7,10,structural_discrete,first_two
20260783,3_delete_object_80,0,images/piebench_3_delete_object_80_311000000001/first_two/early/pair_05_pos.jpg,images/piebench_3_delete_object_80_311000000001/first_two/final/pair_05_pos.jpg,3.5,Remove the headphones from the cat.,5,1.0,0.9660137891769409,1000.0,966.0137939453125,pair_05_pos,1,0.7381163835525513,0.4695946276187897,0.9266473650932312,926.6473388671875,piebench_3_delete_object_80_311000000001,0.7,10,structural_discrete,first_two
20260783,3_delete_object_80,0,images/piebench_3_delete_object_80_311000000001/first_two/early/pair_05_neg.jpg,images/piebench_3_delete_object_80_311000000001/first_two/final/pair_05_neg.jpg,3.5,Remove the headphones from the cat.,5,1.0,0.9660137891769409,1000.0,966.0137939453125,pair_05_neg,-1,0.8555464744567871,0.7023165822029114,0.9266473650932312,926.6473388671875,piebench_3_delete_object_80_311000000001,0.7,10,structural_discrete,first_two
20260783,3_delete_object_80,0,images/piebench_3_delete_object_80_311000000001/first_two/early/pair_06_pos.jpg,images/piebench_3_delete_object_80_311000000001/first_two/final/pair_06_pos.jpg,3.5,Remove the headphones from the cat.,6,1.0,0.9660137891769409,1000.0,966.0137939453125,pair_06_pos,1,0.791054904460907,0.7044400572776794,0.9266473650932312,926.6473388671875,piebench_3_delete_object_80_311000000001,0.7,10,structural_discrete,first_two
20260783,3_delete_object_80,0,images/piebench_3_delete_object_80_311000000001/first_two/early/pair_06_neg.jpg,images/piebench_3_delete_object_80_311000000001/first_two/final/pair_06_neg.jpg,3.5,Remove the headphones from the cat.,6,1.0,0.9660137891769409,1000.0,966.0137939453125,pair_06_neg,-1,0.576714038848877,0.49262484908103943,0.9266473650932312,926.6473388671875,piebench_3_delete_object_80_311000000001,0.7,10,structural_discrete,first_two
20260783,3_delete_object_80,0,images/piebench_3_delete_object_80_311000000001/first_two/early/pair_07_pos.jpg,images/piebench_3_delete_object_80_311000000001/first_two/final/pair_07_pos.jpg,3.5,Remove the headphones from the cat.,7,1.0,0.9660137891769409,1000.0,966.0137939453125,pair_07_pos,1,0.6366101503372192,0.5077812075614929,0.9266473650932312,926.6473388671875,piebench_3_delete_object_80_311000000001,0.7,10,structural_discrete,first_two
20260783,3_delete_object_80,0,images/piebench_3_delete_object_80_311000000001/first_two/early/pair_07_neg.jpg,images/piebench_3_delete_object_80_311000000001/first_two/final/pair_07_neg.jpg,3.5,Remove the headphones from the cat.,7,1.0,0.9660137891769409,1000.0,966.0137939453125,pair_07_neg,-1,0.7478420734405518,0.8883830904960632,0.9266473650932312,926.6473388671875,piebench_3_delete_object_80_311000000001,0.7,10,structural_discrete,first_two
20260783,3_delete_object_80,0,images/piebench_3_delete_object_80_311000000001/first_two/early/pair_08_pos.jpg,images/piebench_3_delete_object_80_311000000001/first_two/final/pair_08_pos.jpg,3.5,Remove the headphones from the cat.,8,1.0,0.9660137891769409,1000.0,966.0137939453125,pair_08_pos,1,0.6637110710144043,0.5587481260299683,0.9266473650932312,926.6473388671875,piebench_3_delete_object_80_311000000001,0.7,10,structural_discrete,first_two
20260783,3_delete_object_80,0,images/piebench_3_delete_object_80_311000000001/first_two/early/pair_08_neg.jpg,images/piebench_3_delete_object_80_311000000001/first_two/final/pair_08_neg.jpg,3.5,Remove the headphones from the cat.,8,1.0,0.9660137891769409,1000.0,966.0137939453125,pair_08_neg,-1,0.599366307258606,0.5974045991897583,0.9266473650932312,926.6473388671875,piebench_3_delete_object_80_311000000001,0.7,10,structural_discrete,first_two
20260783,3_delete_object_80,0,images/piebench_3_delete_object_80_311000000001/first_two/early/pair_09_pos.jpg,images/piebench_3_delete_object_80_311000000001/first_two/final/pair_09_pos.jpg,3.5,Remove the headphones from the cat.,9,1.0,0.9660137891769409,1000.0,966.0137939453125,pair_09_pos,1,0.6918861865997314,0.582696259021759,0.9266473650932312,926.6473388671875,piebench_3_delete_object_80_311000000001,0.7,10,structural_discrete,first_two
20260783,3_delete_object_80,0,images/piebench_3_delete_object_80_311000000001/first_two/early/pair_09_neg.jpg,images/piebench_3_delete_object_80_311000000001/first_two/final/pair_09_neg.jpg,3.5,Remove the headphones from the cat.,9,1.0,0.9660137891769409,1000.0,966.0137939453125,pair_09_neg,-1,0.5455619096755981,0.5467678904533386,0.9266473650932312,926.6473388671875,piebench_3_delete_object_80_311000000001,0.7,10,structural_discrete,first_two
20260783,3_delete_object_80,0,images/piebench_3_delete_object_80_311000000001/first_two/early/pair_10_pos.jpg,images/piebench_3_delete_object_80_311000000001/first_two/final/pair_10_pos.jpg,3.5,Remove the headphones from the cat.,10,1.0,0.9660137891769409,1000.0,966.0137939453125,pair_10_pos,1,0.6622968316078186,0.8401929140090942,0.9266473650932312,926.6473388671875,piebench_3_delete_object_80_311000000001,0.7,10,structural_discrete,first_two
20260783,3_delete_object_80,0,images/piebench_3_delete_object_80_311000000001/first_two/early/pair_10_neg.jpg,images/piebench_3_delete_object_80_311000000001/first_two/final/pair_10_neg.jpg,3.5,Remove the headphones from the cat.,10,1.0,0.9660137891769409,1000.0,966.0137939453125,pair_10_neg,-1,0.6839088797569275,0.4785683751106262,0.9266473650932312,926.6473388671875,piebench_3_delete_object_80_311000000001,0.7,10,structural_discrete,first_two
20260783,3_delete_object_80,0,images/piebench_3_delete_object_80_311000000001/first_two/early/pair_11_pos.jpg,images/piebench_3_delete_object_80_311000000001/first_two/final/pair_11_pos.jpg,3.5,Remove the headphones from the cat.,11,1.0,0.9660137891769409,1000.0,966.0137939453125,pair_11_pos,1,0.595124363899231,0.48489129543304443,0.9266473650932312,926.6473388671875,piebench_3_delete_object_80_311000000001,0.7,10,structural_discrete,first_two
20260783,3_delete_object_80,0,images/piebench_3_delete_object_80_311000000001/first_two/early/pair_11_neg.jpg,images/piebench_3_delete_object_80_311000000001/first_two/final/pair_11_neg.jpg,3.5,Remove the headphones from the cat.,11,1.0,0.9660137891769409,1000.0,966.0137939453125,pair_11_neg,-1,0.751404881477356,0.9966995716094971,0.9266473650932312,926.6473388671875,piebench_3_delete_object_80_311000000001,0.7,10,structural_discrete,first_two
20260783,3_delete_object_80,0,images/piebench_3_delete_object_80_311000000001/first_two/early/pair_12_pos.jpg,images/piebench_3_delete_object_80_311000000001/first_two/final/pair_12_pos.jpg,3.5,Remove the headphones from the cat.,12,1.0,0.9660137891769409,1000.0,966.0137939453125,pair_12_pos,1,0.6834846138954163,0.5751497149467468,0.9266473650932312,926.6473388671875,piebench_3_delete_object_80_311000000001,0.7,10,structural_discrete,first_two
20260783,3_delete_object_80,0,images/piebench_3_delete_object_80_311000000001/first_two/early/pair_12_neg.jpg,images/piebench_3_delete_object_80_311000000001/first_two/final/pair_12_neg.jpg,3.5,Remove the headphones from the cat.,12,1.0,0.9660137891769409,1000.0,966.0137939453125,pair_12_neg,-1,0.7126749157905579,0.6237747073173523,0.9266473650932312,926.6473388671875,piebench_3_delete_object_80_311000000001,0.7,10,structural_discrete,first_two
20260783,3_delete_object_80,0,images/piebench_3_delete_object_80_311000000001/first_two/early/pair_13_pos.jpg,images/piebench_3_delete_object_80_311000000001/first_two/final/pair_13_pos.jpg,3.5,Remove the headphones from the cat.,13,1.0,0.9660137891769409,1000.0,966.0137939453125,pair_13_pos,1,0.6570971608161926,0.5625813007354736,0.9266473650932312,926.6473388671875,piebench_3_delete_object_80_311000000001,0.7,10,structural_discrete,first_two
20260783,3_delete_object_80,0,images/piebench_3_delete_object_80_311000000001/first_two/early/pair_13_neg.jpg,images/piebench_3_delete_object_80_311000000001/first_two/final/pair_13_neg.jpg,3.5,Remove the headphones from the cat.,13,1.0,0.9660137891769409,1000.0,966.0137939453125,pair_13_neg,-1,0.5101723074913025,0.5495830178260803,0.9266473650932312,926.6473388671875,piebench_3_delete_object_80_311000000001,0.7,10,structural_discrete,first_two
20260783,3_delete_object_80,0,images/piebench_3_delete_object_80_311000000001/first_two/early/pair_14_pos.jpg,images/piebench_3_delete_object_80_311000000001/first_two/final/pair_14_pos.jpg,3.5,Remove the headphones from the cat.,14,1.0,0.9660137891769409,1000.0,966.0137939453125,pair_14_pos,1,0.6500963568687439,0.4223909378051758,0.9266473650932312,926.6473388671875,piebench_3_delete_object_80_311000000001,0.7,10,structural_discrete,first_two
20260783,3_delete_object_80,0,images/piebench_3_delete_object_80_311000000001/first_two/early/pair_14_neg.jpg,images/piebench_3_delete_object_80_311000000001/first_two/final/pair_14_neg.jpg,3.5,Remove the headphones from the cat.,14,1.0,0.9660137891769409,1000.0,966.0137939453125,pair_14_neg,-1,0.7301382422447205,0.6075392365455627,0.9266473650932312,926.6473388671875,piebench_3_delete_object_80_311000000001,0.7,10,structural_discrete,first_two
20260783,3_delete_object_80,0,images/piebench_3_delete_object_80_311000000001/first_two/early/pair_15_pos.jpg,images/piebench_3_delete_object_80_311000000001/first_two/final/pair_15_pos.jpg,3.5,Remove the headphones from the cat.,15,1.0,0.9660137891769409,1000.0,966.0137939453125,pair_15_pos,1,0.5958794355392456,0.48027804493904114,0.9266473650932312,926.6473388671875,piebench_3_delete_object_80_311000000001,0.7,10,structural_discrete,first_two
20260783,3_delete_object_80,0,images/piebench_3_delete_object_80_311000000001/first_two/early/pair_15_neg.jpg,images/piebench_3_delete_object_80_311000000001/first_two/final/pair_15_neg.jpg,3.5,Remove the headphones from the cat.,15,1.0,0.9660137891769409,1000.0,966.0137939453125,pair_15_neg,-1,0.8441048860549927,0.9320216178894043,0.9266473650932312,926.6473388671875,piebench_3_delete_object_80_311000000001,0.7,10,structural_discrete,first_two
20260789,3_delete_object_80,0,images/piebench_3_delete_object_80_311000000007/first_only/early/pair_00_pos.jpg,images/piebench_3_delete_object_80_311000000007/first_only/final/pair_00_pos.jpg,3.5,Remove the trees from the background.,0,1.0,,1000.0,,pair_00_pos,1,0.8996821045875549,0.7340229749679565,0.9660137891769409,966.0137939453125,piebench_3_delete_object_80_311000000007,0.7,10,structural_discrete,first_only
20260789,3_delete_object_80,0,images/piebench_3_delete_object_80_311000000007/first_only/early/pair_00_neg.jpg,images/piebench_3_delete_object_80_311000000007/first_only/final/pair_00_neg.jpg,3.5,Remove the trees from the background.,0,1.0,,1000.0,,pair_00_neg,-1,0.9913167357444763,1.0147655010223389,0.9660137891769409,966.0137939453125,piebench_3_delete_object_80_311000000007,0.7,10,structural_discrete,first_only
20260789,3_delete_object_80,0,images/piebench_3_delete_object_80_311000000007/first_only/early/pair_01_pos.jpg,images/piebench_3_delete_object_80_311000000007/first_only/final/pair_01_pos.jpg,3.5,Remove the trees from the background.,1,1.0,,1000.0,,pair_01_pos,1,0.9985848069190979,0.8619821071624756,0.9660137891769409,966.0137939453125,piebench_3_delete_object_80_311000000007,0.7,10,structural_discrete,first_only
20260789,3_delete_object_80,0,images/piebench_3_delete_object_80_311000000007/first_only/early/pair_01_neg.jpg,images/piebench_3_delete_object_80_311000000007/first_only/final/pair_01_neg.jpg,3.5,Remove the trees from the background.,1,1.0,,1000.0,,pair_01_neg,-1,1.0051883459091187,0.966803252696991,0.9660137891769409,966.0137939453125,piebench_3_delete_object_80_311000000007,0.7,10,structural_discrete,first_only
20260789,3_delete_object_80,0,images/piebench_3_delete_object_80_311000000007/first_only/early/pair_02_pos.jpg,images/piebench_3_delete_object_80_311000000007/first_only/final/pair_02_pos.jpg,3.5,Remove the trees from the background.,2,1.0,,1000.0,,pair_02_pos,1,0.9798842668533325,1.0255764722824097,0.9660137891769409,966.0137939453125,piebench_3_delete_object_80_311000000007,0.7,10,structural_discrete,first_only
20260789,3_delete_object_80,0,images/piebench_3_delete_object_80_311000000007/first_only/early/pair_02_neg.jpg,images/piebench_3_delete_object_80_311000000007/first_only/final/pair_02_neg.jpg,3.5,Remove the trees from the background.,2,1.0,,1000.0,,pair_02_neg,-1,1.0084482431411743,0.9681923389434814,0.9660137891769409,966.0137939453125,piebench_3_delete_object_80_311000000007,0.7,10,structural_discrete,first_only
20260789,3_delete_object_80,0,images/piebench_3_delete_object_80_311000000007/first_only/early/pair_03_pos.jpg,images/piebench_3_delete_object_80_311000000007/first_only/final/pair_03_pos.jpg,3.5,Remove the trees from the background.,3,1.0,,1000.0,,pair_03_pos,1,0.995103657245636,0.8494740724563599,0.9660137891769409,966.0137939453125,piebench_3_delete_object_80_311000000007,0.7,10,structural_discrete,first_only
20260789,3_delete_object_80,0,images/piebench_3_delete_object_80_311000000007/first_only/early/pair_03_neg.jpg,images/piebench_3_delete_object_80_311000000007/first_only/final/pair_03_neg.jpg,3.5,Remove the trees from the background.,3,1.0,,1000.0,,pair_03_neg,-1,1.0235649347305298,1.0000951290130615,0.9660137891769409,966.0137939453125,piebench_3_delete_object_80_311000000007,0.7,10,structural_discrete,first_only
20260789,3_delete_object_80,0,images/piebench_3_delete_object_80_311000000007/first_only/early/pair_04_pos.jpg,images/piebench_3_delete_object_80_311000000007/first_only/final/pair_04_pos.jpg,3.5,Remove the trees from the background.,4,1.0,,1000.0,,pair_04_pos,1,0.8848875164985657,1.0656622648239136,0.9660137891769409,966.0137939453125,piebench_3_delete_object_80_311000000007,0.7,10,structural_discrete,first_only
20260789,3_delete_object_80,0,images/piebench_3_delete_object_80_311000000007/first_only/early/pair_04_neg.jpg,images/piebench_3_delete_object_80_311000000007/first_only/final/pair_04_neg.jpg,3.5,Remove the trees from the background.,4,1.0,,1000.0,,pair_04_neg,-1,0.993459939956665,0.906193733215332,0.9660137891769409,966.0137939453125,piebench_3_delete_object_80_311000000007,0.7,10,structural_discrete,first_only
20260789,3_delete_object_80,0,images/piebench_3_delete_object_80_311000000007/first_only/early/pair_05_pos.jpg,images/piebench_3_delete_object_80_311000000007/first_only/final/pair_05_pos.jpg,3.5,Remove the trees from the background.,5,1.0,,1000.0,,pair_05_pos,1,0.9765349626541138,0.9805995225906372,0.9660137891769409,966.0137939453125,piebench_3_delete_object_80_311000000007,0.7,10,structural_discrete,first_only
20260789,3_delete_object_80,0,images/piebench_3_delete_object_80_311000000007/first_only/early/pair_05_neg.jpg,images/piebench_3_delete_object_80_311000000007/first_only/final/pair_05_neg.jpg,3.5,Remove the trees from the background.,5,1.0,,1000.0,,pair_05_neg,-1,0.9838022589683533,0.8223885297775269,0.9660137891769409,966.0137939453125,piebench_3_delete_object_80_311000000007,0.7,10,structural_discrete,first_only
20260789,3_delete_object_80,0,images/piebench_3_delete_object_80_311000000007/first_only/early/pair_06_pos.jpg,images/piebench_3_delete_object_80_311000000007/first_only/final/pair_06_pos.jpg,3.5,Remove the trees from the background.,6,1.0,,1000.0,,pair_06_pos,1,0.9809089303016663,0.9966245293617249,0.9660137891769409,966.0137939453125,piebench_3_delete_object_80_311000000007,0.7,10,structural_discrete,first_only
20260789,3_delete_object_80,0,images/piebench_3_delete_object_80_311000000007/first_only/early/pair_06_neg.jpg,images/piebench_3_delete_object_80_311000000007/first_only/final/pair_06_neg.jpg,3.5,Remove the trees from the background.,6,1.0,,1000.0,,pair_06_neg,-1,1.0072741508483887,0.9906153082847595,0.9660137891769409,966.0137939453125,piebench_3_delete_object_80_311000000007,0.7,10,structural_discrete,first_only
20260789,3_delete_object_80,0,images/piebench_3_delete_object_80_311000000007/first_only/early/pair_07_pos.jpg,images/piebench_3_delete_object_80_311000000007/first_only/final/pair_07_pos.jpg,3.5,Remove the trees from the background.,7,1.0,,1000.0,,pair_07_pos,1,0.983771562576294,0.9299191832542419,0.9660137891769409,966.0137939453125,piebench_3_delete_object_80_311000000007,0.7,10,structural_discrete,first_only
20260789,3_delete_object_80,0,images/piebench_3_delete_object_80_311000000007/first_only/early/pair_07_neg.jpg,images/piebench_3_delete_object_80_311000000007/first_only/final/pair_07_neg.jpg,3.5,Remove the trees from the background.,7,1.0,,1000.0,,pair_07_neg,-1,0.9996245503425598,0.9862983822822571,0.9660137891769409,966.0137939453125,piebench_3_delete_object_80_311000000007,0.7,10,structural_discrete,first_only
20260789,3_delete_object_80,0,images/piebench_3_delete_object_80_311000000007/first_only/early/pair_08_pos.jpg,images/piebench_3_delete_object_80_311000000007/first_only/final/pair_08_pos.jpg,3.5,Remove the trees from the background.,8,1.0,,1000.0,,pair_08_pos,1,0.9970842003822327,0.972561240196228,0.9660137891769409,966.0137939453125,piebench_3_delete_object_80_311000000007,0.7,10,structural_discrete,first_only
20260789,3_delete_object_80,0,images/piebench_3_delete_object_80_311000000007/first_only/early/pair_08_neg.jpg,images/piebench_3_delete_object_80_311000000007/first_only/final/pair_08_neg.jpg,3.5,Remove the trees from the background.,8,1.0,,1000.0,,pair_08_neg,-1,1.005151391029358,1.021974802017212,0.9660137891769409,966.0137939453125,piebench_3_delete_object_80_311000000007,0.7,10,structural_discrete,first_only
20260789,3_delete_object_80,0,images/piebench_3_delete_object_80_311000000007/first_only/early/pair_09_pos.jpg,images/piebench_3_delete_object_80_311000000007/first_only/final/pair_09_pos.jpg,3.5,Remove the trees from the background.,9,1.0,,1000.0,,pair_09_pos,1,0.9560770988464355,1.0322506427764893,0.9660137891769409,966.0137939453125,piebench_3_delete_object_80_311000000007,0.7,10,structural_discrete,first_only
20260789,3_delete_object_80,0,images/piebench_3_delete_object_80_311000000007/first_only/early/pair_09_neg.jpg,images/piebench_3_delete_object_80_311000000007/first_only/final/pair_09_neg.jpg,3.5,Remove the trees from the background.,9,1.0,,1000.0,,pair_09_neg,-1,0.9884063601493835,0.9257718920707703,0.9660137891769409,966.0137939453125,piebench_3_delete_object_80_311000000007,0.7,10,structural_discrete,first_only
20260789,3_delete_object_80,0,images/piebench_3_delete_object_80_311000000007/first_only/early/pair_10_pos.jpg,images/piebench_3_delete_object_80_311000000007/first_only/final/pair_10_pos.jpg,3.5,Remove the trees from the background.,10,1.0,,1000.0,,pair_10_pos,1,0.9983688592910767,0.971625566482544,0.9660137891769409,966.0137939453125,piebench_3_delete_object_80_311000000007,0.7,10,structural_discrete,first_only
20260789,3_delete_object_80,0,images/piebench_3_delete_object_80_311000000007/first_only/early/pair_10_neg.jpg,images/piebench_3_delete_object_80_311000000007/first_only/final/pair_10_neg.jpg,3.5,Remove the trees from the background.,10,1.0,,1000.0,,pair_10_neg,-1,1.024314045906067,1.0187280178070068,0.9660137891769409,966.0137939453125,piebench_3_delete_object_80_311000000007,0.7,10,structural_discrete,first_only
20260789,3_delete_object_80,0,images/piebench_3_delete_object_80_311000000007/first_only/early/pair_11_pos.jpg,images/piebench_3_delete_object_80_311000000007/first_only/final/pair_11_pos.jpg,3.5,Remove the trees from the background.,11,1.0,,1000.0,,pair_11_pos,1,0.9728429913520813,0.9557955861091614,0.9660137891769409,966.0137939453125,piebench_3_delete_object_80_311000000007,0.7,10,structural_discrete,first_only
20260789,3_delete_object_80,0,images/piebench_3_delete_object_80_311000000007/first_only/early/pair_11_neg.jpg,images/piebench_3_delete_object_80_311000000007/first_only/final/pair_11_neg.jpg,3.5,Remove the trees from the background.,11,1.0,,1000.0,,pair_11_neg,-1,0.9926779270172119,0.9419191479682922,0.9660137891769409,966.0137939453125,piebench_3_delete_object_80_311000000007,0.7,10,structural_discrete,first_only
20260789,3_delete_object_80,0,images/piebench_3_delete_object_80_311000000007/first_only/early/pair_12_pos.jpg,images/piebench_3_delete_object_80_311000000007/first_only/final/pair_12_pos.jpg,3.5,Remove the trees from the background.,12,1.0,,1000.0,,pair_12_pos,1,0.978585422039032,0.9963288903236389,0.9660137891769409,966.0137939453125,piebench_3_delete_object_80_311000000007,0.7,10,structural_discrete,first_only
20260789,3_delete_object_80,0,images/piebench_3_delete_object_80_311000000007/first_only/early/pair_12_neg.jpg,images/piebench_3_delete_object_80_311000000007/first_only/final/pair_12_neg.jpg,3.5,Remove the trees from the background.,12,1.0,,1000.0,,pair_12_neg,-1,0.9874316453933716,0.9364498257637024,0.9660137891769409,966.0137939453125,piebench_3_delete_object_80_311000000007,0.7,10,structural_discrete,first_only
20260789,3_delete_object_80,0,images/piebench_3_delete_object_80_311000000007/first_only/early/pair_13_pos.jpg,images/piebench_3_delete_object_80_311000000007/first_only/final/pair_13_pos.jpg,3.5,Remove the trees from the background.,13,1.0,,1000.0,,pair_13_pos,1,1.0391767024993896,0.9664741158485413,0.9660137891769409,966.0137939453125,piebench_3_delete_object_80_311000000007,0.7,10,structural_discrete,first_only
20260789,3_delete_object_80,0,images/piebench_3_delete_object_80_311000000007/first_only/early/pair_13_neg.jpg,images/piebench_3_delete_object_80_311000000007/first_only/final/pair_13_neg.jpg,3.5,Remove the trees from the background.,13,1.0,,1000.0,,pair_13_neg,-1,0.9183661937713623,1.0200611352920532,0.9660137891769409,966.0137939453125,piebench_3_delete_object_80_311000000007,0.7,10,structural_discrete,first_only
20260789,3_delete_object_80,0,images/piebench_3_delete_object_80_311000000007/first_only/early/pair_14_pos.jpg,images/piebench_3_delete_object_80_311000000007/first_only/final/pair_14_pos.jpg,3.5,Remove the trees from the background.,14,1.0,,1000.0,,pair_14_pos,1,1.0016050338745117,1.005089282989502,0.9660137891769409,966.0137939453125,piebench_3_delete_object_80_311000000007,0.7,10,structural_discrete,first_only
20260789,3_delete_object_80,0,images/piebench_3_delete_object_80_311000000007/first_only/early/pair_14_neg.jpg,images/piebench_3_delete_object_80_311000000007/first_only/final/pair_14_neg.jpg,3.5,Remove the trees from the background.,14,1.0,,1000.0,,pair_14_neg,-1,0.986991822719574,0.805175244808197,0.9660137891769409,966.0137939453125,piebench_3_delete_object_80_311000000007,0.7,10,structural_discrete,first_only
20260789,3_delete_object_80,0,images/piebench_3_delete_object_80_311000000007/first_only/early/pair_15_pos.jpg,images/piebench_3_delete_object_80_311000000007/first_only/final/pair_15_pos.jpg,3.5,Remove the trees from the background.,15,1.0,,1000.0,,pair_15_pos,1,0.9615381360054016,1.0087122917175293,0.9660137891769409,966.0137939453125,piebench_3_delete_object_80_311000000007,0.7,10,structural_discrete,first_only
20260789,3_delete_object_80,0,images/piebench_3_delete_object_80_311000000007/first_only/early/pair_15_neg.jpg,images/piebench_3_delete_object_80_311000000007/first_only/final/pair_15_neg.jpg,3.5,Remove the trees from the background.,15,1.0,,1000.0,,pair_15_neg,-1,1.0018882751464844,0.9839377403259277,0.9660137891769409,966.0137939453125,piebench_3_delete_object_80_311000000007,0.7,10,structural_discrete,first_only
20260789,3_delete_object_80,0,images/piebench_3_delete_object_80_311000000007/first_two/early/pair_00_pos.jpg,images/piebench_3_delete_object_80_311000000007/first_two/final/pair_00_pos.jpg,3.5,Remove the trees from the background.,0,1.0,0.9660137891769409,1000.0,966.0137939453125,pair_00_pos,1,0.9416019320487976,0.7950108051300049,0.9266473650932312,926.6473388671875,piebench_3_delete_object_80_311000000007,0.7,10,structural_discrete,first_two
20260789,3_delete_object_80,0,images/piebench_3_delete_object_80_311000000007/first_two/early/pair_00_neg.jpg,images/piebench_3_delete_object_80_311000000007/first_two/final/pair_00_neg.jpg,3.5,Remove the trees from the background.,0,1.0,0.9660137891769409,1000.0,966.0137939453125,pair_00_neg,-1,0.970421314239502,0.9461168646812439,0.9266473650932312,926.6473388671875,piebench_3_delete_object_80_311000000007,0.7,10,structural_discrete,first_two
20260789,3_delete_object_80,0,images/piebench_3_delete_object_80_311000000007/first_two/early/pair_01_pos.jpg,images/piebench_3_delete_object_80_311000000007/first_two/final/pair_01_pos.jpg,3.5,Remove the trees from the background.,1,1.0,0.9660137891769409,1000.0,966.0137939453125,pair_01_pos,1,1.0117292404174805,0.9472572803497314,0.9266473650932312,926.6473388671875,piebench_3_delete_object_80_311000000007,0.7,10,structural_discrete,first_two
20260789,3_delete_object_80,0,images/piebench_3_delete_object_80_311000000007/first_two/early/pair_01_neg.jpg,images/piebench_3_delete_object_80_311000000007/first_two/final/pair_01_neg.jpg,3.5,Remove the trees from the background.,1,1.0,0.9660137891769409,1000.0,966.0137939453125,pair_01_neg,-1,0.9876908659934998,0.9493911266326904,0.9266473650932312,926.6473388671875,piebench_3_delete_object_80_311000000007,0.7,10,structural_discrete,first_two
20260789,3_delete_object_80,0,images/piebench_3_delete_object_80_311000000007/first_two/early/pair_02_pos.jpg,images/piebench_3_delete_object_80_311000000007/first_two/final/pair_02_pos.jpg,3.5,Remove the trees from the background.,2,1.0,0.9660137891769409,1000.0,966.0137939453125,pair_02_pos,1,0.9919761419296265,0.9997051358222961,0.9266473650932312,926.6473388671875,piebench_3_delete_object_80_311000000007,0.7,10,structural_discrete,first_two
20260789,3_delete_object_80,0,images/piebench_3_delete_object_80_311000000007/first_two/early/pair_02_neg.jpg,images/piebench_3_delete_object_80_311000000007/first_two/final/pair_02_neg.jpg,3.5,Remove the trees from the background.,2,1.0,0.9660137891769409,1000.0,966.0137939453125,pair_02_neg,-1,1.0134429931640625,0.9090737104415894,0.9266473650932312,926.6473388671875,piebench_3_delete_object_80_311000000007,0.7,10,structural_discrete,first_two
20260789,3_delete_object_80,0,images/piebench_3_delete_object_80_311000000007/first_two/early/pair_03_pos.jpg,images/piebench_3_delete_object_80_311000000007/first_two/final/pair_03_pos.jpg,3.5,Remove the trees from the background.,3,1.0,0.9660137891769409,1000.0,966.0137939453125,pair_03_pos,1,0.9451202154159546,0.7827146053314209,0.9266473650932312,926.6473388671875,piebench_3_delete_object_80_311000000007,0.7,10,structural_discrete,first_two
20260789,3_delete_object_80,0,images/piebench_3_delete_object_80_311000000007/first_two/early/pair_03_neg.jpg,images/piebench_3_delete_object_80_311000000007/first_two/final/pair_03_neg.jpg,3.5,Remove the trees from the background.,3,1.0,0.9660137891769409,1000.0,966.0137939453125,pair_03_neg,-1,0.9931992292404175,0.9920075535774231,0.9266473650932312,926.6473388671875,piebench_3_delete_object_80_311000000007,0.7,10,structural_discrete,first_two
20260789,3_delete_object_80,0,images/piebench_3_delete_object_80_311000000007/first_two/early/pair_04_pos.jpg,images/piebench_3_delete_object_80_311000000007/first_two/final/pair_04_pos.jpg,3.5,Remove the trees from the background.,4,1.0,0.9660137891769409,1000.0,966.0137939453125,pair_04_pos,1,0.8760794997215271,1.028656005859375,0.9266473650932312,926.6473388671875,piebench_3_delete_object_80_311000000007,0.7,10,structural_discrete,first_two
20260789,3_delete_object_80,0,images/piebench_3_delete_object_80_311000000007/first_two/early/pair_04_neg.jpg,images/piebench_3_delete_object_80_311000000007/first_two/final/pair_04_neg.jpg,3.5,Remove the trees from the background.,4,1.0,0.9660137891769409,1000.0,966.0137939453125,pair_04_neg,-1,0.9622694253921509,0.8066768050193787,0.9266473650932312,926.6473388671875,piebench_3_delete_object_80_311000000007,0.7,10,structural_discrete,first_two
20260789,3_delete_object_80,0,images/piebench_3_delete_object_80_311000000007/first_two/early/pair_05_pos.jpg,images/piebench_3_delete_object_80_311000000007/first_two/final/pair_05_pos.jpg,3.5,Remove the trees from the background.,5,1.0,0.9660137891769409,1000.0,966.0137939453125,pair_05_pos,1,0.9826602339744568,1.000139832496643,0.9266473650932312,926.6473388671875,piebench_3_delete_object_80_311000000007,0.7,10,structural_discrete,first_two
20260789,3_delete_object_80,0,images/piebench_3_delete_object_80_311000000007/first_two/early/pair_05_neg.jpg,images/piebench_3_delete_object_80_311000000007/first_two/final/pair_05_neg.jpg,3.5,Remove the trees from the background.,5,1.0,0.9660137891769409,1000.0,966.0137939453125,pair_05_neg,-1,0.9590508937835693,0.7531067728996277,0.9266473650932312,926.6473388671875,piebench_3_delete_object_80_311000000007,0.7,10,structural_discrete,first_two
20260789,3_delete_object_80,0,images/piebench_3_delete_object_80_311000000007/first_two/early/pair_06_pos.jpg,images/piebench_3_delete_object_80_311000000007/first_two/final/pair_06_pos.jpg,3.5,Remove the trees from the background.,6,1.0,0.9660137891769409,1000.0,966.0137939453125,pair_06_pos,1,1.0141135454177856,0.9689456224441528,0.9266473650932312,926.6473388671875,piebench_3_delete_object_80_311000000007,0.7,10,structural_discrete,first_two
20260789,3_delete_object_80,0,images/piebench_3_delete_object_80_311000000007/first_two/early/pair_06_neg.jpg,images/piebench_3_delete_object_80_311000000007/first_two/final/pair_06_neg.jpg,3.5,Remove the trees from the background.,6,1.0,0.9660137891769409,1000.0,966.0137939453125,pair_06_neg,-1,0.9869362711906433,0.9405493140220642,0.9266473650932312,926.6473388671875,piebench_3_delete_object_80_311000000007,0.7,10,structural_discrete,first_two
20260789,3_delete_object_80,0,images/piebench_3_delete_object_80_311000000007/first_two/early/pair_07_pos.jpg,images/piebench_3_delete_object_80_311000000007/first_two/final/pair_07_pos.jpg,3.5,Remove the trees from the background.,7,1.0,0.9660137891769409,1000.0,966.0137939453125,pair_07_pos,1,0.9852461218833923,0.8876116275787354,0.9266473650932312,926.6473388671875,piebench_3_delete_object_80_311000000007,0.7,10,structural_discrete,first_two
20260789,3_delete_object_80,0,images/piebench_3_delete_object_80_311000000007/first_two/early/pair_07_neg.jpg,images/piebench_3_delete_object_80_311000000007/first_two/final/pair_07_neg.jpg,3.5,Remove the trees from the background.,7,1.0,0.9660137891769409,1000.0,966.0137939453125,pair_07_neg,-1,0.9899488687515259,0.9883186221122742,0.9266473650932312,926.6473388671875,piebench_3_delete_object_80_311000000007,0.7,10,structural_discrete,first_two
20260789,3_delete_object_80,0,images/piebench_3_delete_object_80_311000000007/first_two/early/pair_08_pos.jpg,images/piebench_3_delete_object_80_311000000007/first_two/final/pair_08_pos.jpg,3.5,Remove the trees from the background.,8,1.0,0.9660137891769409,1000.0,966.0137939453125,pair_08_pos,1,0.9904196858406067,0.9578280448913574,0.9266473650932312,926.6473388671875,piebench_3_delete_object_80_311000000007,0.7,10,structural_discrete,first_two
20260789,3_delete_object_80,0,images/piebench_3_delete_object_80_311000000007/first_two/early/pair_08_neg.jpg,images/piebench_3_delete_object_80_311000000007/first_two/final/pair_08_neg.jpg,3.5,Remove the trees from the background.,8,1.0,0.9660137891769409,1000.0,966.0137939453125,pair_08_neg,-1,0.9935539364814758,1.0106065273284912,0.9266473650932312,926.6473388671875,piebench_3_delete_object_80_311000000007,0.7,10,structural_discrete,first_two
20260789,3_delete_object_80,0,images/piebench_3_delete_object_80_311000000007/first_two/early/pair_09_pos.jpg,images/piebench_3_delete_object_80_311000000007/first_two/final/pair_09_pos.jpg,3.5,Remove the trees from the background.,9,1.0,0.9660137891769409,1000.0,966.0137939453125,pair_09_pos,1,1.0052499771118164,1.012969732284546,0.9266473650932312,926.6473388671875,piebench_3_delete_object_80_311000000007,0.7,10,structural_discrete,first_two
20260789,3_delete_object_80,0,images/piebench_3_delete_object_80_311000000007/first_two/early/pair_09_neg.jpg,images/piebench_3_delete_object_80_311000000007/first_two/final/pair_09_neg.jpg,3.5,Remove the trees from the background.,9,1.0,0.9660137891769409,1000.0,966.0137939453125,pair_09_neg,-1,1.0007679462432861,0.914506733417511,0.9266473650932312,926.6473388671875,piebench_3_delete_object_80_311000000007,0.7,10,structural_discrete,first_two
20260789,3_delete_object_80,0,images/piebench_3_delete_object_80_311000000007/first_two/early/pair_10_pos.jpg,images/piebench_3_delete_object_80_311000000007/first_two/final/pair_10_pos.jpg,3.5,Remove the trees from the background.,10,1.0,0.9660137891769409,1000.0,966.0137939453125,pair_10_pos,1,1.0210034847259521,0.9455913305282593,0.9266473650932312,926.6473388671875,piebench_3_delete_object_80_311000000007,0.7,10,structural_discrete,first_two
20260789,3_delete_object_80,0,images/piebench_3_delete_object_80_311000000007/first_two/early/pair_10_neg.jpg,images/piebench_3_delete_object_80_311000000007/first_two/final/pair_10_neg.jpg,3.5,Remove the trees from the background.,10,1.0,0.9660137891769409,1000.0,966.0137939453125,pair_10_neg,-1,0.9818622469902039,0.8600848913192749,0.9266473650932312,926.6473388671875,piebench_3_delete_object_80_311000000007,0.7,10,structural_discrete,first_two
20260789,3_delete_object_80,0,images/piebench_3_delete_object_80_311000000007/first_two/early/pair_11_pos.jpg,images/piebench_3_delete_object_80_311000000007/first_two/final/pair_11_pos.jpg,3.5,Remove the trees from the background.,11,1.0,0.9660137891769409,1000.0,966.0137939453125,pair_11_pos,1,0.9967380166053772,1.0295863151550293,0.9266473650932312,926.6473388671875,piebench_3_delete_object_80_311000000007,0.7,10,structural_discrete,first_two
20260789,3_delete_object_80,0,images/piebench_3_delete_object_80_311000000007/first_two/early/pair_11_neg.jpg,images/piebench_3_delete_object_80_311000000007/first_two/final/pair_11_neg.jpg,3.5,Remove the trees from the background.,11,1.0,0.9660137891769409,1000.0,966.0137939453125,pair_11_neg,-1,1.0200695991516113,0.8828573822975159,0.9266473650932312,926.6473388671875,piebench_3_delete_object_80_311000000007,0.7,10,structural_discrete,first_two
20260789,3_delete_object_80,0,images/piebench_3_delete_object_80_311000000007/first_two/early/pair_12_pos.jpg,images/piebench_3_delete_object_80_311000000007/first_two/final/pair_12_pos.jpg,3.5,Remove the trees from the background.,12,1.0,0.9660137891769409,1000.0,966.0137939453125,pair_12_pos,1,0.9725272059440613,0.9959830641746521,0.9266473650932312,926.6473388671875,piebench_3_delete_object_80_311000000007,0.7,10,structural_discrete,first_two
20260789,3_delete_object_80,0,images/piebench_3_delete_object_80_311000000007/first_two/early/pair_12_neg.jpg,images/piebench_3_delete_object_80_311000000007/first_two/final/pair_12_neg.jpg,3.5,Remove the trees from the background.,12,1.0,0.9660137891769409,1000.0,966.0137939453125,pair_12_neg,-1,0.9873453378677368,0.8443742990493774,0.9266473650932312,926.6473388671875,piebench_3_delete_object_80_311000000007,0.7,10,structural_discrete,first_two
20260789,3_delete_object_80,0,images/piebench_3_delete_object_80_311000000007/first_two/early/pair_13_pos.jpg,images/piebench_3_delete_object_80_311000000007/first_two/final/pair_13_pos.jpg,3.5,Remove the trees from the background.,13,1.0,0.9660137891769409,1000.0,966.0137939453125,pair_13_pos,1,1.0256354808807373,0.9311782121658325,0.9266473650932312,926.6473388671875,piebench_3_delete_object_80_311000000007,0.7,10,structural_discrete,first_two
20260789,3_delete_object_80,0,images/piebench_3_delete_object_80_311000000007/first_two/early/pair_13_neg.jpg,images/piebench_3_delete_object_80_311000000007/first_two/final/pair_13_neg.jpg,3.5,Remove the trees from the background.,13,1.0,0.9660137891769409,1000.0,966.0137939453125,pair_13_neg,-1,0.992785632610321,1.005898356437683,0.9266473650932312,926.6473388671875,piebench_3_delete_object_80_311000000007,0.7,10,structural_discrete,first_two
20260789,3_delete_object_80,0,images/piebench_3_delete_object_80_311000000007/first_two/early/pair_14_pos.jpg,images/piebench_3_delete_object_80_311000000007/first_two/final/pair_14_pos.jpg,3.5,Remove the trees from the background.,14,1.0,0.9660137891769409,1000.0,966.0137939453125,pair_14_pos,1,0.9970567226409912,1.0096200704574585,0.9266473650932312,926.6473388671875,piebench_3_delete_object_80_311000000007,0.7,10,structural_discrete,first_two
20260789,3_delete_object_80,0,images/piebench_3_delete_object_80_311000000007/first_two/early/pair_14_neg.jpg,images/piebench_3_delete_object_80_311000000007/first_two/final/pair_14_neg.jpg,3.5,Remove the trees from the background.,14,1.0,0.9660137891769409,1000.0,966.0137939453125,pair_14_neg,-1,0.9694570899009705,0.7293859720230103,0.9266473650932312,926.6473388671875,piebench_3_delete_object_80_311000000007,0.7,10,structural_discrete,first_two
20260789,3_delete_object_80,0,images/piebench_3_delete_object_80_311000000007/first_two/early/pair_15_pos.jpg,images/piebench_3_delete_object_80_311000000007/first_two/final/pair_15_pos.jpg,3.5,Remove the trees from the background.,15,1.0,0.9660137891769409,1000.0,966.0137939453125,pair_15_pos,1,0.9794871807098389,0.9957016110420227,0.9266473650932312,926.6473388671875,piebench_3_delete_object_80_311000000007,0.7,10,structural_discrete,first_two
20260789,3_delete_object_80,0,images/piebench_3_delete_object_80_311000000007/first_two/early/pair_15_neg.jpg,images/piebench_3_delete_object_80_311000000007/first_two/final/pair_15_neg.jpg,3.5,Remove the trees from the background.,15,1.0,0.9660137891769409,1000.0,966.0137939453125,pair_15_neg,-1,1.0022872686386108,0.9963862299919128,0.9266473650932312,926.6473388671875,piebench_3_delete_object_80_311000000007,0.7,10,structural_discrete,first_two
20260809,4_change_attribute_content_40,0,images/piebench_4_change_attribute_content_40_412000000002/first_only/early/pair_00_pos.jpg,images/piebench_4_change_attribute_content_40_412000000002/first_only/final/pair_00_pos.jpg,3.5,Make the woman's hair straight.,0,1.0,,1000.0,,pair_00_pos,1,0.5788522362709045,0.9084405899047852,0.9660137891769409,966.0137939453125,piebench_4_change_attribute_content_40_412000000002,0.7,10,appearance_like,first_only
20260809,4_change_attribute_content_40,0,images/piebench_4_change_attribute_content_40_412000000002/first_only/early/pair_00_neg.jpg,images/piebench_4_change_attribute_content_40_412000000002/first_only/final/pair_00_neg.jpg,3.5,Make the woman's hair straight.,0,1.0,,1000.0,,pair_00_neg,-1,0.598922073841095,0.9618664383888245,0.9660137891769409,966.0137939453125,piebench_4_change_attribute_content_40_412000000002,0.7,10,appearance_like,first_only
20260809,4_change_attribute_content_40,0,images/piebench_4_change_attribute_content_40_412000000002/first_only/early/pair_01_pos.jpg,images/piebench_4_change_attribute_content_40_412000000002/first_only/final/pair_01_pos.jpg,3.5,Make the woman's hair straight.,1,1.0,,1000.0,,pair_01_pos,1,0.5088717341423035,0.9927985668182373,0.9660137891769409,966.0137939453125,piebench_4_change_attribute_content_40_412000000002,0.7,10,appearance_like,first_only
20260809,4_change_attribute_content_40,0,images/piebench_4_change_attribute_content_40_412000000002/first_only/early/pair_01_neg.jpg,images/piebench_4_change_attribute_content_40_412000000002/first_only/final/pair_01_neg.jpg,3.5,Make the woman's hair straight.,1,1.0,,1000.0,,pair_01_neg,-1,0.6004055142402649,0.9898308515548706,0.9660137891769409,966.0137939453125,piebench_4_change_attribute_content_40_412000000002,0.7,10,appearance_like,first_only
20260809,4_change_attribute_content_40,0,images/piebench_4_change_attribute_content_40_412000000002/first_only/early/pair_02_pos.jpg,images/piebench_4_change_attribute_content_40_412000000002/first_only/final/pair_02_pos.jpg,3.5,Make the woman's hair straight.,2,1.0,,1000.0,,pair_02_pos,1,0.6395715475082397,0.944142758846283,0.9660137891769409,966.0137939453125,piebench_4_change_attribute_content_40_412000000002,0.7,10,appearance_like,first_only
20260809,4_change_attribute_content_40,0,images/piebench_4_change_attribute_content_40_412000000002/first_only/early/pair_02_neg.jpg,images/piebench_4_change_attribute_content_40_412000000002/first_only/final/pair_02_neg.jpg,3.5,Make the woman's hair straight.,2,1.0,,1000.0,,pair_02_neg,-1,0.54508376121521,0.9730436205863953,0.9660137891769409,966.0137939453125,piebench_4_change_attribute_content_40_412000000002,0.7,10,appearance_like,first_only
20260809,4_change_attribute_content_40,0,images/piebench_4_change_attribute_content_40_412000000002/first_only/early/pair_03_pos.jpg,images/piebench_4_change_attribute_content_40_412000000002/first_only/final/pair_03_pos.jpg,3.5,Make the woman's hair straight.,3,1.0,,1000.0,,pair_03_pos,1,0.6462087631225586,0.9414178729057312,0.9660137891769409,966.0137939453125,piebench_4_change_attribute_content_40_412000000002,0.7,10,appearance_like,first_only
20260809,4_change_attribute_content_40,0,images/piebench_4_change_attribute_content_40_412000000002/first_only/early/pair_03_neg.jpg,images/piebench_4_change_attribute_content_40_412000000002/first_only/final/pair_03_neg.jpg,3.5,Make the woman's hair straight.,3,1.0,,1000.0,,pair_03_neg,-1,0.575081467628479,0.9008482098579407,0.9660137891769409,966.0137939453125,piebench_4_change_attribute_content_40_412000000002,0.7,10,appearance_like,first_only
20260809,4_change_attribute_content_40,0,images/piebench_4_change_attribute_content_40_412000000002/first_only/early/pair_04_pos.jpg,images/piebench_4_change_attribute_content_40_412000000002/first_only/final/pair_04_pos.jpg,3.5,Make the woman's hair straight.,4,1.0,,1000.0,,pair_04_pos,1,0.568776547908783,0.9468072056770325,0.9660137891769409,966.0137939453125,piebench_4_change_attribute_content_40_412000000002,0.7,10,appearance_like,first_only
20260809,4_change_attribute_content_40,0,images/piebench_4_change_attribute_content_40_412000000002/first_only/early/pair_04_neg.jpg,images/piebench_4_change_attribute_content_40_412000000002/first_only/final/pair_04_neg.jpg,3.5,Make the woman's hair straight.,4,1.0,,1000.0,,pair_04_neg,-1,0.5819711685180664,0.9773678183555603,0.9660137891769409,966.0137939453125,piebench_4_change_attribute_content_40_412000000002,0.7,10,appearance_like,first_only
20260809,4_change_attribute_content_40,0,images/piebench_4_change_attribute_content_40_412000000002/first_only/early/pair_05_pos.jpg,images/piebench_4_change_attribute_content_40_412000000002/first_only/final/pair_05_pos.jpg,3.5,Make the woman's hair straight.,5,1.0,,1000.0,,pair_05_pos,1,0.48115241527557373,0.9152407050132751,0.9660137891769409,966.0137939453125,piebench_4_change_attribute_content_40_412000000002,0.7,10,appearance_like,first_only
20260809,4_change_attribute_content_40,0,images/piebench_4_change_attribute_content_40_412000000002/first_only/early/pair_05_neg.jpg,images/piebench_4_change_attribute_content_40_412000000002/first_only/final/pair_05_neg.jpg,3.5,Make the woman's hair straight.,5,1.0,,1000.0,,pair_05_neg,-1,0.6270808577537537,1.0203850269317627,0.9660137891769409,966.0137939453125,piebench_4_change_attribute_content_40_412000000002,0.7,10,appearance_like,first_only
20260809,4_change_attribute_content_40,0,images/piebench_4_change_attribute_content_40_412000000002/first_only/early/pair_06_pos.jpg,images/piebench_4_change_attribute_content_40_412000000002/first_only/final/pair_06_pos.jpg,3.5,Make the woman's hair straight.,6,1.0,,1000.0,,pair_06_pos,1,0.5402258634567261,0.9391024708747864,0.9660137891769409,966.0137939453125,piebench_4_change_attribute_content_40_412000000002,0.7,10,appearance_like,first_only
20260809,4_change_attribute_content_40,0,images/piebench_4_change_attribute_content_40_412000000002/first_only/early/pair_06_neg.jpg,images/piebench_4_change_attribute_content_40_412000000002/first_only/final/pair_06_neg.jpg,3.5,Make the woman's hair straight.,6,1.0,,1000.0,,pair_06_neg,-1,0.6118399500846863,0.9576613903045654,0.9660137891769409,966.0137939453125,piebench_4_change_attribute_content_40_412000000002,0.7,10,appearance_like,first_only
20260809,4_change_attribute_content_40,0,images/piebench_4_change_attribute_content_40_412000000002/first_only/early/pair_07_pos.jpg,images/piebench_4_change_attribute_content_40_412000000002/first_only/final/pair_07_pos.jpg,3.5,Make the woman's hair straight.,7,1.0,,1000.0,,pair_07_pos,1,0.533267617225647,0.8790499567985535,0.9660137891769409,966.0137939453125,piebench_4_change_attribute_content_40_412000000002,0.7,10,appearance_like,first_only
20260809,4_change_attribute_content_40,0,images/piebench_4_change_attribute_content_40_412000000002/first_only/early/pair_07_neg.jpg,images/piebench_4_change_attribute_content_40_412000000002/first_only/final/pair_07_neg.jpg,3.5,Make the woman's hair straight.,7,1.0,,1000.0,,pair_07_neg,-1,0.6900690793991089,1.0073258876800537,0.9660137891769409,966.0137939453125,piebench_4_change_attribute_content_40_412000000002,0.7,10,appearance_like,first_only
20260809,4_change_attribute_content_40,0,images/piebench_4_change_attribute_content_40_412000000002/first_only/early/pair_08_pos.jpg,images/piebench_4_change_attribute_content_40_412000000002/first_only/final/pair_08_pos.jpg,3.5,Make the woman's hair straight.,8,1.0,,1000.0,,pair_08_pos,1,0.5891377925872803,0.9800453782081604,0.9660137891769409,966.0137939453125,piebench_4_change_attribute_content_40_412000000002,0.7,10,appearance_like,first_only
20260809,4_change_attribute_content_40,0,images/piebench_4_change_attribute_content_40_412000000002/first_only/early/pair_08_neg.jpg,images/piebench_4_change_attribute_content_40_412000000002/first_only/final/pair_08_neg.jpg,3.5,Make the woman's hair straight.,8,1.0,,1000.0,,pair_08_neg,-1,0.5882064700126648,0.9706132411956787,0.9660137891769409,966.0137939453125,piebench_4_change_attribute_content_40_412000000002,0.7,10,appearance_like,first_only
20260809,4_change_attribute_content_40,0,images/piebench_4_change_attribute_content_40_412000000002/first_only/early/pair_09_pos.jpg,images/piebench_4_change_attribute_content_40_412000000002/first_only/final/pair_09_pos.jpg,3.5,Make the woman's hair straight.,9,1.0,,1000.0,,pair_09_pos,1,0.5288081765174866,0.9345599412918091,0.9660137891769409,966.0137939453125,piebench_4_change_attribute_content_40_412000000002,0.7,10,appearance_like,first_only
20260809,4_change_attribute_content_40,0,images/piebench_4_change_attribute_content_40_412000000002/first_only/early/pair_09_neg.jpg,images/piebench_4_change_attribute_content_40_412000000002/first_only/final/pair_09_neg.jpg,3.5,Make the woman's hair straight.,9,1.0,,1000.0,,pair_09_neg,-1,0.6272008419036865,0.9892687201499939,0.9660137891769409,966.0137939453125,piebench_4_change_attribute_content_40_412000000002,0.7,10,appearance_like,first_only
20260809,4_change_attribute_content_40,0,images/piebench_4_change_attribute_content_40_412000000002/first_only/early/pair_10_pos.jpg,images/piebench_4_change_attribute_content_40_412000000002/first_only/final/pair_10_pos.jpg,3.5,Make the woman's hair straight.,10,1.0,,1000.0,,pair_10_pos,1,0.6305641531944275,0.9273719787597656,0.9660137891769409,966.0137939453125,piebench_4_change_attribute_content_40_412000000002,0.7,10,appearance_like,first_only
20260809,4_change_attribute_content_40,0,images/piebench_4_change_attribute_content_40_412000000002/first_only/early/pair_10_neg.jpg,images/piebench_4_change_attribute_content_40_412000000002/first_only/final/pair_10_neg.jpg,3.5,Make the woman's hair straight.,10,1.0,,1000.0,,pair_10_neg,-1,0.4813977777957916,1.0114167928695679,0.9660137891769409,966.0137939453125,piebench_4_change_attribute_content_40_412000000002,0.7,10,appearance_like,first_only
20260809,4_change_attribute_content_40,0,images/piebench_4_change_attribute_content_40_412000000002/first_only/early/pair_11_pos.jpg,images/piebench_4_change_attribute_content_40_412000000002/first_only/final/pair_11_pos.jpg,3.5,Make the woman's hair straight.,11,1.0,,1000.0,,pair_11_pos,1,0.4984695613384247,0.9279725551605225,0.9660137891769409,966.0137939453125,piebench_4_change_attribute_content_40_412000000002,0.7,10,appearance_like,first_only
20260809,4_change_attribute_content_40,0,images/piebench_4_change_attribute_content_40_412000000002/first_only/early/pair_11_neg.jpg,images/piebench_4_change_attribute_content_40_412000000002/first_only/final/pair_11_neg.jpg,3.5,Make the woman's hair straight.,11,1.0,,1000.0,,pair_11_neg,-1,0.5557395219802856,0.957810640335083,0.9660137891769409,966.0137939453125,piebench_4_change_attribute_content_40_412000000002,0.7,10,appearance_like,first_only
20260809,4_change_attribute_content_40,0,images/piebench_4_change_attribute_content_40_412000000002/first_only/early/pair_12_pos.jpg,images/piebench_4_change_attribute_content_40_412000000002/first_only/final/pair_12_pos.jpg,3.5,Make the woman's hair straight.,12,1.0,,1000.0,,pair_12_pos,1,0.4970948100090027,0.9544653296470642,0.9660137891769409,966.0137939453125,piebench_4_change_attribute_content_40_412000000002,0.7,10,appearance_like,first_only
20260809,4_change_attribute_content_40,0,images/piebench_4_change_attribute_content_40_412000000002/first_only/early/pair_12_neg.jpg,images/piebench_4_change_attribute_content_40_412000000002/first_only/final/pair_12_neg.jpg,3.5,Make the woman's hair straight.,12,1.0,,1000.0,,pair_12_neg,-1,0.6097501516342163,0.9695263504981995,0.9660137891769409,966.0137939453125,piebench_4_change_attribute_content_40_412000000002,0.7,10,appearance_like,first_only
20260809,4_change_attribute_content_40,0,images/piebench_4_change_attribute_content_40_412000000002/first_only/early/pair_13_pos.jpg,images/piebench_4_change_attribute_content_40_412000000002/first_only/final/pair_13_pos.jpg,3.5,Make the woman's hair straight.,13,1.0,,1000.0,,pair_13_pos,1,0.5609263181686401,0.9544278979301453,0.9660137891769409,966.0137939453125,piebench_4_change_attribute_content_40_412000000002,0.7,10,appearance_like,first_only
20260809,4_change_attribute_content_40,0,images/piebench_4_change_attribute_content_40_412000000002/first_only/early/pair_13_neg.jpg,images/piebench_4_change_attribute_content_40_412000000002/first_only/final/pair_13_neg.jpg,3.5,Make the woman's hair straight.,13,1.0,,1000.0,,pair_13_neg,-1,0.5988056063652039,0.9911277294158936,0.9660137891769409,966.0137939453125,piebench_4_change_attribute_content_40_412000000002,0.7,10,appearance_like,first_only
20260809,4_change_attribute_content_40,0,images/piebench_4_change_attribute_content_40_412000000002/first_only/early/pair_14_pos.jpg,images/piebench_4_change_attribute_content_40_412000000002/first_only/final/pair_14_pos.jpg,3.5,Make the woman's hair straight.,14,1.0,,1000.0,,pair_14_pos,1,0.6002752184867859,0.9767595529556274,0.9660137891769409,966.0137939453125,piebench_4_change_attribute_content_40_412000000002,0.7,10,appearance_like,first_only
20260809,4_change_attribute_content_40,0,images/piebench_4_change_attribute_content_40_412000000002/first_only/early/pair_14_neg.jpg,images/piebench_4_change_attribute_content_40_412000000002/first_only/final/pair_14_neg.jpg,3.5,Make the woman's hair straight.,14,1.0,,1000.0,,pair_14_neg,-1,0.5588405728340149,0.9265953898429871,0.9660137891769409,966.0137939453125,piebench_4_change_attribute_content_40_412000000002,0.7,10,appearance_like,first_only
20260809,4_change_attribute_content_40,0,images/piebench_4_change_attribute_content_40_412000000002/first_only/early/pair_15_pos.jpg,images/piebench_4_change_attribute_content_40_412000000002/first_only/final/pair_15_pos.jpg,3.5,Make the woman's hair straight.,15,1.0,,1000.0,,pair_15_pos,1,0.5415239930152893,0.8978530168533325,0.9660137891769409,966.0137939453125,piebench_4_change_attribute_content_40_412000000002,0.7,10,appearance_like,first_only
20260809,4_change_attribute_content_40,0,images/piebench_4_change_attribute_content_40_412000000002/first_only/early/pair_15_neg.jpg,images/piebench_4_change_attribute_content_40_412000000002/first_only/final/pair_15_neg.jpg,3.5,Make the woman's hair straight.,15,1.0,,1000.0,,pair_15_neg,-1,0.6092005968093872,0.9602010846138,0.9660137891769409,966.0137939453125,piebench_4_change_attribute_content_40_412000000002,0.7,10,appearance_like,first_only
20260809,4_change_attribute_content_40,0,images/piebench_4_change_attribute_content_40_412000000002/first_two/early/pair_00_pos.jpg,images/piebench_4_change_attribute_content_40_412000000002/first_two/final/pair_00_pos.jpg,3.5,Make the woman's hair straight.,0,1.0,0.9660137891769409,1000.0,966.0137939453125,pair_00_pos,1,0.4394277036190033,0.9192085266113281,0.9266473650932312,926.6473388671875,piebench_4_change_attribute_content_40_412000000002,0.7,10,appearance_like,first_two
20260809,4_change_attribute_content_40,0,images/piebench_4_change_attribute_content_40_412000000002/first_two/early/pair_00_neg.jpg,images/piebench_4_change_attribute_content_40_412000000002/first_two/final/pair_00_neg.jpg,3.5,Make the woman's hair straight.,0,1.0,0.9660137891769409,1000.0,966.0137939453125,pair_00_neg,-1,0.8020532131195068,0.9364036917686462,0.9266473650932312,926.6473388671875,piebench_4_change_attribute_content_40_412000000002,0.7,10,appearance_like,first_two
20260809,4_change_attribute_content_40,0,images/piebench_4_change_attribute_content_40_412000000002/first_two/early/pair_01_pos.jpg,images/piebench_4_change_attribute_content_40_412000000002/first_two/final/pair_01_pos.jpg,3.5,Make the woman's hair straight.,1,1.0,0.9660137891769409,1000.0,966.0137939453125,pair_01_pos,1,0.7305471301078796,0.903260350227356,0.9266473650932312,926.6473388671875,piebench_4_change_attribute_content_40_412000000002,0.7,10,appearance_like,first_two
20260809,4_change_attribute_content_40,0,images/piebench_4_change_attribute_content_40_412000000002/first_two/early/pair_01_neg.jpg,images/piebench_4_change_attribute_content_40_412000000002/first_two/final/pair_01_neg.jpg,3.5,Make the woman's hair straight.,1,1.0,0.9660137891769409,1000.0,966.0137939453125,pair_01_neg,-1,0.6608830094337463,0.9670450687408447,0.9266473650932312,926.6473388671875,piebench_4_change_attribute_content_40_412000000002,0.7,10,appearance_like,first_two
20260809,4_change_attribute_content_40,0,images/piebench_4_change_attribute_content_40_412000000002/first_two/early/pair_02_pos.jpg,images/piebench_4_change_attribute_content_40_412000000002/first_two/final/pair_02_pos.jpg,3.5,Make the woman's hair straight.,2,1.0,0.9660137891769409,1000.0,966.0137939453125,pair_02_pos,1,0.6529374122619629,0.9541684985160828,0.9266473650932312,926.6473388671875,piebench_4_change_attribute_content_40_412000000002,0.7,10,appearance_like,first_two
20260809,4_change_attribute_content_40,0,images/piebench_4_change_attribute_content_40_412000000002/first_two/early/pair_02_neg.jpg,images/piebench_4_change_attribute_content_40_412000000002/first_two/final/pair_02_neg.jpg,3.5,Make the woman's hair straight.,2,1.0,0.9660137891769409,1000.0,966.0137939453125,pair_02_neg,-1,0.7221693396568298,0.9194936156272888,0.9266473650932312,926.6473388671875,piebench_4_change_attribute_content_40_412000000002,0.7,10,appearance_like,first_two
20260809,4_change_attribute_content_40,0,images/piebench_4_change_attribute_content_40_412000000002/first_two/early/pair_03_pos.jpg,images/piebench_4_change_attribute_content_40_412000000002/first_two/final/pair_03_pos.jpg,3.5,Make the woman's hair straight.,3,1.0,0.9660137891769409,1000.0,966.0137939453125,pair_03_pos,1,0.6840233206748962,0.8718364238739014,0.9266473650932312,926.6473388671875,piebench_4_change_attribute_content_40_412000000002,0.7,10,appearance_like,first_two
20260809,4_change_attribute_content_40,0,images/piebench_4_change_attribute_content_40_412000000002/first_two/early/pair_03_neg.jpg,images/piebench_4_change_attribute_content_40_412000000002/first_two/final/pair_03_neg.jpg,3.5,Make the woman's hair straight.,3,1.0,0.9660137891769409,1000.0,966.0137939453125,pair_03_neg,-1,0.6316467523574829,0.9145761728286743,0.9266473650932312,926.6473388671875,piebench_4_change_attribute_content_40_412000000002,0.7,10,appearance_like,first_two
20260809,4_change_attribute_content_40,0,images/piebench_4_change_attribute_content_40_412000000002/first_two/early/pair_04_pos.jpg,images/piebench_4_change_attribute_content_40_412000000002/first_two/final/pair_04_pos.jpg,3.5,Make the woman's hair straight.,4,1.0,0.9660137891769409,1000.0,966.0137939453125,pair_04_pos,1,0.6944425702095032,0.9145559668540955,0.9266473650932312,926.6473388671875,piebench_4_change_attribute_content_40_412000000002,0.7,10,appearance_like,first_two
20260809,4_change_attribute_content_40,0,images/piebench_4_change_attribute_content_40_412000000002/first_two/early/pair_04_neg.jpg,images/piebench_4_change_attribute_content_40_412000000002/first_two/final/pair_04_neg.jpg,3.5,Make the woman's hair straight.,4,1.0,0.9660137891769409,1000.0,966.0137939453125,pair_04_neg,-1,0.6247479319572449,0.9286862015724182,0.9266473650932312,926.6473388671875,piebench_4_change_attribute_content_40_412000000002,0.7,10,appearance_like,first_two
20260809,4_change_attribute_content_40,0,images/piebench_4_change_attribute_content_40_412000000002/first_two/early/pair_05_pos.jpg,images/piebench_4_change_attribute_content_40_412000000002/first_two/final/pair_05_pos.jpg,3.5,Make the woman's hair straight.,5,1.0,0.9660137891769409,1000.0,966.0137939453125,pair_05_pos,1,0.5418513417243958,0.8685197830200195,0.9266473650932312,926.6473388671875,piebench_4_change_attribute_content_40_412000000002,0.7,10,appearance_like,first_two
20260809,4_change_attribute_content_40,0,images/piebench_4_change_attribute_content_40_412000000002/first_two/early/pair_05_neg.jpg,images/piebench_4_change_attribute_content_40_412000000002/first_two/final/pair_05_neg.jpg,3.5,Make the woman's hair straight.,5,1.0,0.9660137891769409,1000.0,966.0137939453125,pair_05_neg,-1,0.6989494562149048,0.9248740077018738,0.9266473650932312,926.6473388671875,piebench_4_change_attribute_content_40_412000000002,0.7,10,appearance_like,first_two
20260809,4_change_attribute_content_40,0,images/piebench_4_change_attribute_content_40_412000000002/first_two/early/pair_06_pos.jpg,images/piebench_4_change_attribute_content_40_412000000002/first_two/final/pair_06_pos.jpg,3.5,Make the woman's hair straight.,6,1.0,0.9660137891769409,1000.0,966.0137939453125,pair_06_pos,1,0.635217010974884,0.9507123231887817,0.9266473650932312,926.6473388671875,piebench_4_change_attribute_content_40_412000000002,0.7,10,appearance_like,first_two
20260809,4_change_attribute_content_40,0,images/piebench_4_change_attribute_content_40_412000000002/first_two/early/pair_06_neg.jpg,images/piebench_4_change_attribute_content_40_412000000002/first_two/final/pair_06_neg.jpg,3.5,Make the woman's hair straight.,6,1.0,0.9660137891769409,1000.0,966.0137939453125,pair_06_neg,-1,0.6930795311927795,0.9317870140075684,0.9266473650932312,926.6473388671875,piebench_4_change_attribute_content_40_412000000002,0.7,10,appearance_like,first_two
20260809,4_change_attribute_content_40,0,images/piebench_4_change_attribute_content_40_412000000002/first_two/early/pair_07_pos.jpg,images/piebench_4_change_attribute_content_40_412000000002/first_two/final/pair_07_pos.jpg,3.5,Make the woman's hair straight.,7,1.0,0.9660137891769409,1000.0,966.0137939453125,pair_07_pos,1,0.5534059405326843,0.9152296781539917,0.9266473650932312,926.6473388671875,piebench_4_change_attribute_content_40_412000000002,0.7,10,appearance_like,first_two
20260809,4_change_attribute_content_40,0,images/piebench_4_change_attribute_content_40_412000000002/first_two/early/pair_07_neg.jpg,images/piebench_4_change_attribute_content_40_412000000002/first_two/final/pair_07_neg.jpg,3.5,Make the woman's hair straight.,7,1.0,0.9660137891769409,1000.0,966.0137939453125,pair_07_neg,-1,0.8182908892631531,0.9426916837692261,0.9266473650932312,926.6473388671875,piebench_4_change_attribute_content_40_412000000002,0.7,10,appearance_like,first_two
20260809,4_change_attribute_content_40,0,images/piebench_4_change_attribute_content_40_412000000002/first_two/early/pair_08_pos.jpg,images/piebench_4_change_attribute_content_40_412000000002/first_two/final/pair_08_pos.jpg,3.5,Make the woman's hair straight.,8,1.0,0.9660137891769409,1000.0,966.0137939453125,pair_08_pos,1,0.6513415575027466,0.9149672389030457,0.9266473650932312,926.6473388671875,piebench_4_change_attribute_content_40_412000000002,0.7,10,appearance_like,first_two
20260809,4_change_attribute_content_40,0,images/piebench_4_change_attribute_content_40_412000000002/first_two/early/pair_08_neg.jpg,images/piebench_4_change_attribute_content_40_412000000002/first_two/final/pair_08_neg.jpg,3.5,Make the woman's hair straight.,8,1.0,0.9660137891769409,1000.0,966.0137939453125,pair_08_neg,-1,0.7308545112609863,0.9231382608413696,0.9266473650932312,926.6473388671875,piebench_4_change_attribute_content_40_412000000002,0.7,10,appearance_like,first_two
20260809,4_change_attribute_content_40,0,images/piebench_4_change_attribute_content_40_412000000002/first_two/early/pair_09_pos.jpg,images/piebench_4_change_attribute_content_40_412000000002/first_two/final/pair_09_pos.jpg,3.5,Make the woman's hair straight.,9,1.0,0.9660137891769409,1000.0,966.0137939453125,pair_09_pos,1,0.7231981754302979,0.96453458070755,0.9266473650932312,926.6473388671875,piebench_4_change_attribute_content_40_412000000002,0.7,10,appearance_like,first_two
20260809,4_change_attribute_content_40,0,images/piebench_4_change_attribute_content_40_412000000002/first_two/early/pair_09_neg.jpg,images/piebench_4_change_attribute_content_40_412000000002/first_two/final/pair_09_neg.jpg,3.5,Make the woman's hair straight.,9,1.0,0.9660137891769409,1000.0,966.0137939453125,pair_09_neg,-1,0.7189304232597351,0.9773644208908081,0.9266473650932312,926.6473388671875,piebench_4_change_attribute_content_40_412000000002,0.7,10,appearance_like,first_two
20260809,4_change_attribute_content_40,0,images/piebench_4_change_attribute_content_40_412000000002/first_two/early/pair_10_pos.jpg,images/piebench_4_change_attribute_content_40_412000000002/first_two/final/pair_10_pos.jpg,3.5,Make the woman's hair straight.,10,1.0,0.9660137891769409,1000.0,966.0137939453125,pair_10_pos,1,0.7237821817398071,0.8622309565544128,0.9266473650932312,926.6473388671875,piebench_4_change_attribute_content_40_412000000002,0.7,10,appearance_like,first_two
20260809,4_change_attribute_content_40,0,images/piebench_4_change_attribute_content_40_412000000002/first_two/early/pair_10_neg.jpg,images/piebench_4_change_attribute_content_40_412000000002/first_two/final/pair_10_neg.jpg,3.5,Make the woman's hair straight.,10,1.0,0.9660137891769409,1000.0,966.0137939453125,pair_10_neg,-1,0.6552633047103882,0.9872698187828064,0.9266473650932312,926.6473388671875,piebench_4_change_attribute_content_40_412000000002,0.7,10,appearance_like,first_two
20260809,4_change_attribute_content_40,0,images/piebench_4_change_attribute_content_40_412000000002/first_two/early/pair_11_pos.jpg,images/piebench_4_change_attribute_content_40_412000000002/first_two/final/pair_11_pos.jpg,3.5,Make the woman's hair straight.,11,1.0,0.9660137891769409,1000.0,966.0137939453125,pair_11_pos,1,0.6784756779670715,0.8571964502334595,0.9266473650932312,926.6473388671875,piebench_4_change_attribute_content_40_412000000002,0.7,10,appearance_like,first_two
20260809,4_change_attribute_content_40,0,images/piebench_4_change_attribute_content_40_412000000002/first_two/early/pair_11_neg.jpg,images/piebench_4_change_attribute_content_40_412000000002/first_two/final/pair_11_neg.jpg,3.5,Make the woman's hair straight.,11,1.0,0.9660137891769409,1000.0,966.0137939453125,pair_11_neg,-1,0.6148368716239929,0.9563824534416199,0.9266473650932312,926.6473388671875,piebench_4_change_attribute_content_40_412000000002,0.7,10,appearance_like,first_two
20260809,4_change_attribute_content_40,0,images/piebench_4_change_attribute_content_40_412000000002/first_two/early/pair_12_pos.jpg,images/piebench_4_change_attribute_content_40_412000000002/first_two/final/pair_12_pos.jpg,3.5,Make the woman's hair straight.,12,1.0,0.9660137891769409,1000.0,966.0137939453125,pair_12_pos,1,0.7559937238693237,0.9487265348434448,0.9266473650932312,926.6473388671875,piebench_4_change_attribute_content_40_412000000002,0.7,10,appearance_like,first_two
20260809,4_change_attribute_content_40,0,images/piebench_4_change_attribute_content_40_412000000002/first_two/early/pair_12_neg.jpg,images/piebench_4_change_attribute_content_40_412000000002/first_two/final/pair_12_neg.jpg,3.5,Make the woman's hair straight.,12,1.0,0.9660137891769409,1000.0,966.0137939453125,pair_12_neg,-1,0.7436241507530212,0.9868553876876831,0.9266473650932312,926.6473388671875,piebench_4_change_attribute_content_40_412000000002,0.7,10,appearance_like,first_two
20260809,4_change_attribute_content_40,0,images/piebench_4_change_attribute_content_40_412000000002/first_two/early/pair_13_pos.jpg,images/piebench_4_change_attribute_content_40_412000000002/first_two/final/pair_13_pos.jpg,3.5,Make the woman's hair straight.,13,1.0,0.9660137891769409,1000.0,966.0137939453125,pair_13_pos,1,0.5733250975608826,0.8174970149993896,0.9266473650932312,926.6473388671875,piebench_4_change_attribute_content_40_412000000002,0.7,10,appearance_like,first_two
20260809,4_change_attribute_content_40,0,images/piebench_4_change_attribute_content_40_412000000002/first_two/early/pair_13_neg.jpg,images/piebench_4_change_attribute_content_40_412000000002/first_two/final/pair_13_neg.jpg,3.5,Make the woman's hair straight.,13,1.0,0.9660137891769409,1000.0,966.0137939453125,pair_13_neg,-1,0.6212602853775024,0.9429386258125305,0.9266473650932312,926.6473388671875,piebench_4_change_attribute_content_40_412000000002,0.7,10,appearance_like,first_two
20260809,4_change_attribute_content_40,0,images/piebench_4_change_attribute_content_40_412000000002/first_two/early/pair_14_pos.jpg,images/piebench_4_change_attribute_content_40_412000000002/first_two/final/pair_14_pos.jpg,3.5,Make the woman's hair straight.,14,1.0,0.9660137891769409,1000.0,966.0137939453125,pair_14_pos,1,0.6762295961380005,0.9833396673202515,0.9266473650932312,926.6473388671875,piebench_4_change_attribute_content_40_412000000002,0.7,10,appearance_like,first_two
20260809,4_change_attribute_content_40,0,images/piebench_4_change_attribute_content_40_412000000002/first_two/early/pair_14_neg.jpg,images/piebench_4_change_attribute_content_40_412000000002/first_two/final/pair_14_neg.jpg,3.5,Make the woman's hair straight.,14,1.0,0.9660137891769409,1000.0,966.0137939453125,pair_14_neg,-1,0.698191225528717,0.9522091746330261,0.9266473650932312,926.6473388671875,piebench_4_change_attribute_content_40_412000000002,0.7,10,appearance_like,first_two
20260809,4_change_attribute_content_40,0,images/piebench_4_change_attribute_content_40_412000000002/first_two/early/pair_15_pos.jpg,images/piebench_4_change_attribute_content_40_412000000002/first_two/final/pair_15_pos.jpg,3.5,Make the woman's hair straight.,15,1.0,0.9660137891769409,1000.0,966.0137939453125,pair_15_pos,1,0.5058336853981018,0.8732386231422424,0.9266473650932312,926.6473388671875,piebench_4_change_attribute_content_40_412000000002,0.7,10,appearance_like,first_two
20260809,4_change_attribute_content_40,0,images/piebench_4_change_attribute_content_40_412000000002/first_two/early/pair_15_neg.jpg,images/piebench_4_change_attribute_content_40_412000000002/first_two/final/pair_15_neg.jpg,3.5,Make the woman's hair straight.,15,1.0,0.9660137891769409,1000.0,966.0137939453125,pair_15_neg,-1,0.7497076988220215,0.9108160138130188,0.9266473650932312,926.6473388671875,piebench_4_change_attribute_content_40_412000000002,0.7,10,appearance_like,first_two
20260820,4_change_attribute_content_40,0,images/piebench_4_change_attribute_content_40_414000000003/first_only/early/pair_00_pos.jpg,images/piebench_4_change_attribute_content_40_414000000003/first_only/final/pair_00_pos.jpg,3.5,Change the scene from night to daytime.,0,1.0,,1000.0,,pair_00_pos,1,0.7763441801071167,1.0279285907745361,0.9660137891769409,966.0137939453125,piebench_4_change_attribute_content_40_414000000003,0.7,10,appearance_like,first_only
20260820,4_change_attribute_content_40,0,images/piebench_4_change_attribute_content_40_414000000003/first_only/early/pair_00_neg.jpg,images/piebench_4_change_attribute_content_40_414000000003/first_only/final/pair_00_neg.jpg,3.5,Change the scene from night to daytime.,0,1.0,,1000.0,,pair_00_neg,-1,0.8318936228752136,0.9725369215011597,0.9660137891769409,966.0137939453125,piebench_4_change_attribute_content_40_414000000003,0.7,10,appearance_like,first_only
20260820,4_change_attribute_content_40,0,images/piebench_4_change_attribute_content_40_414000000003/first_only/early/pair_01_pos.jpg,images/piebench_4_change_attribute_content_40_414000000003/first_only/final/pair_01_pos.jpg,3.5,Change the scene from night to daytime.,1,1.0,,1000.0,,pair_01_pos,1,0.8211539387702942,0.9938144087791443,0.9660137891769409,966.0137939453125,piebench_4_change_attribute_content_40_414000000003,0.7,10,appearance_like,first_only
20260820,4_change_attribute_content_40,0,images/piebench_4_change_attribute_content_40_414000000003/first_only/early/pair_01_neg.jpg,images/piebench_4_change_attribute_content_40_414000000003/first_only/final/pair_01_neg.jpg,3.5,Change the scene from night to daytime.,1,1.0,,1000.0,,pair_01_neg,-1,0.7913029789924622,0.9797362685203552,0.9660137891769409,966.0137939453125,piebench_4_change_attribute_content_40_414000000003,0.7,10,appearance_like,first_only
20260820,4_change_attribute_content_40,0,images/piebench_4_change_attribute_content_40_414000000003/first_only/early/pair_02_pos.jpg,images/piebench_4_change_attribute_content_40_414000000003/first_only/final/pair_02_pos.jpg,3.5,Change the scene from night to daytime.,2,1.0,,1000.0,,pair_02_pos,1,0.758564829826355,0.9721530675888062,0.9660137891769409,966.0137939453125,piebench_4_change_attribute_content_40_414000000003,0.7,10,appearance_like,first_only
20260820,4_change_attribute_content_40,0,images/piebench_4_change_attribute_content_40_414000000003/first_only/early/pair_02_neg.jpg,images/piebench_4_change_attribute_content_40_414000000003/first_only/final/pair_02_neg.jpg,3.5,Change the scene from night to daytime.,2,1.0,,1000.0,,pair_02_neg,-1,0.7913179993629456,1.0053802728652954,0.9660137891769409,966.0137939453125,piebench_4_change_attribute_content_40_414000000003,0.7,10,appearance_like,first_only
20260820,4_change_attribute_content_40,0,images/piebench_4_change_attribute_content_40_414000000003/first_only/early/pair_03_pos.jpg,images/piebench_4_change_attribute_content_40_414000000003/first_only/final/pair_03_pos.jpg,3.5,Change the scene from night to daytime.,3,1.0,,1000.0,,pair_03_pos,1,0.7791620492935181,0.9206047654151917,0.9660137891769409,966.0137939453125,piebench_4_change_attribute_content_40_414000000003,0.7,10,appearance_like,first_only
20260820,4_change_attribute_content_40,0,images/piebench_4_change_attribute_content_40_414000000003/first_only/early/pair_03_neg.jpg,images/piebench_4_change_attribute_content_40_414000000003/first_only/final/pair_03_neg.jpg,3.5,Change the scene from night to daytime.,3,1.0,,1000.0,,pair_03_neg,-1,0.7740898132324219,1.0326389074325562,0.9660137891769409,966.0137939453125,piebench_4_change_attribute_content_40_414000000003,0.7,10,appearance_like,first_only
20260820,4_change_attribute_content_40,0,images/piebench_4_change_attribute_content_40_414000000003/first_only/early/pair_04_pos.jpg,images/piebench_4_change_attribute_content_40_414000000003/first_only/final/pair_04_pos.jpg,3.5,Change the scene from night to daytime.,4,1.0,,1000.0,,pair_04_pos,1,0.7866721153259277,1.0244275331497192,0.9660137891769409,966.0137939453125,piebench_4_change_attribute_content_40_414000000003,0.7,10,appearance_like,first_only
20260820,4_change_attribute_content_40,0,images/piebench_4_change_attribute_content_40_414000000003/first_only/early/pair_04_neg.jpg,images/piebench_4_change_attribute_content_40_414000000003/first_only/final/pair_04_neg.jpg,3.5,Change the scene from night to daytime.,4,1.0,,1000.0,,pair_04_neg,-1,0.7734568119049072,0.9632631540298462,0.9660137891769409,966.0137939453125,piebench_4_change_attribute_content_40_414000000003,0.7,10,appearance_like,first_only
20260820,4_change_attribute_content_40,0,images/piebench_4_change_attribute_content_40_414000000003/first_only/early/pair_05_pos.jpg,images/piebench_4_change_attribute_content_40_414000000003/first_only/final/pair_05_pos.jpg,3.5,Change the scene from night to daytime.,5,1.0,,1000.0,,pair_05_pos,1,0.7632531523704529,0.9393497109413147,0.9660137891769409,966.0137939453125,piebench_4_change_attribute_content_40_414000000003,0.7,10,appearance_like,first_only
20260820,4_change_attribute_content_40,0,images/piebench_4_change_attribute_content_40_414000000003/first_only/early/pair_05_neg.jpg,images/piebench_4_change_attribute_content_40_414000000003/first_only/final/pair_05_neg.jpg,3.5,Change the scene from night to daytime.,5,1.0,,1000.0,,pair_05_neg,-1,0.785859227180481,1.0150376558303833,0.9660137891769409,966.0137939453125,piebench_4_change_attribute_content_40_414000000003,0.7,10,appearance_like,first_only
20260820,4_change_attribute_content_40,0,images/piebench_4_change_attribute_content_40_414000000003/first_only/early/pair_06_pos.jpg,images/piebench_4_change_attribute_content_40_414000000003/first_only/final/pair_06_pos.jpg,3.5,Change the scene from night to daytime.,6,1.0,,1000.0,,pair_06_pos,1,0.7671908736228943,0.9919606447219849,0.9660137891769409,966.0137939453125,piebench_4_change_attribute_content_40_414000000003,0.7,10,appearance_like,first_only
20260820,4_change_attribute_content_40,0,images/piebench_4_change_attribute_content_40_414000000003/first_only/early/pair_06_neg.jpg,images/piebench_4_change_attribute_content_40_414000000003/first_only/final/pair_06_neg.jpg,3.5,Change the scene from night to daytime.,6,1.0,,1000.0,,pair_06_neg,-1,0.7974457144737244,0.9605950713157654,0.9660137891769409,966.0137939453125,piebench_4_change_attribute_content_40_414000000003,0.7,10,appearance_like,first_only
20260820,4_change_attribute_content_40,0,images/piebench_4_change_attribute_content_40_414000000003/first_only/early/pair_07_pos.jpg,images/piebench_4_change_attribute_content_40_414000000003/first_only/final/pair_07_pos.jpg,3.5,Change the scene from night to daytime.,7,1.0,,1000.0,,pair_07_pos,1,0.8013128638267517,0.9627138376235962,0.9660137891769409,966.0137939453125,piebench_4_change_attribute_content_40_414000000003,0.7,10,appearance_like,first_only
20260820,4_change_attribute_content_40,0,images/piebench_4_change_attribute_content_40_414000000003/first_only/early/pair_07_neg.jpg,images/piebench_4_change_attribute_content_40_414000000003/first_only/final/pair_07_neg.jpg,3.5,Change the scene from night to daytime.,7,1.0,,1000.0,,pair_07_neg,-1,0.8387752771377563,0.9910136461257935,0.9660137891769409,966.0137939453125,piebench_4_change_attribute_content_40_414000000003,0.7,10,appearance_like,first_only
20260820,4_change_attribute_content_40,0,images/piebench_4_change_attribute_content_40_414000000003/first_only/early/pair_08_pos.jpg,images/piebench_4_change_attribute_content_40_414000000003/first_only/final/pair_08_pos.jpg,3.5,Change the scene from night to daytime.,8,1.0,,1000.0,,pair_08_pos,1,0.8172095417976379,0.9688168168067932,0.9660137891769409,966.0137939453125,piebench_4_change_attribute_content_40_414000000003,0.7,10,appearance_like,first_only
20260820,4_change_attribute_content_40,0,images/piebench_4_change_attribute_content_40_414000000003/first_only/early/pair_08_neg.jpg,images/piebench_4_change_attribute_content_40_414000000003/first_only/final/pair_08_neg.jpg,3.5,Change the scene from night to daytime.,8,1.0,,1000.0,,pair_08_neg,-1,0.7949560880661011,0.9370725750923157,0.9660137891769409,966.0137939453125,piebench_4_change_attribute_content_40_414000000003,0.7,10,appearance_like,first_only
20260820,4_change_attribute_content_40,0,images/piebench_4_change_attribute_content_40_414000000003/first_only/early/pair_09_pos.jpg,images/piebench_4_change_attribute_content_40_414000000003/first_only/final/pair_09_pos.jpg,3.5,Change the scene from night to daytime.,9,1.0,,1000.0,,pair_09_pos,1,0.785199761390686,1.001643419265747,0.9660137891769409,966.0137939453125,piebench_4_change_attribute_content_40_414000000003,0.7,10,appearance_like,first_only
20260820,4_change_attribute_content_40,0,images/piebench_4_change_attribute_content_40_414000000003/first_only/early/pair_09_neg.jpg,images/piebench_4_change_attribute_content_40_414000000003/first_only/final/pair_09_neg.jpg,3.5,Change the scene from night to daytime.,9,1.0,,1000.0,,pair_09_neg,-1,0.8281381726264954,1.037700891494751,0.9660137891769409,966.0137939453125,piebench_4_change_attribute_content_40_414000000003,0.7,10,appearance_like,first_only
20260820,4_change_attribute_content_40,0,images/piebench_4_change_attribute_content_40_414000000003/first_only/early/pair_10_pos.jpg,images/piebench_4_change_attribute_content_40_414000000003/first_only/final/pair_10_pos.jpg,3.5,Change the scene from night to daytime.,10,1.0,,1000.0,,pair_10_pos,1,0.8086063265800476,0.9659321308135986,0.9660137891769409,966.0137939453125,piebench_4_change_attribute_content_40_414000000003,0.7,10,appearance_like,first_only
20260820,4_change_attribute_content_40,0,images/piebench_4_change_attribute_content_40_414000000003/first_only/early/pair_10_neg.jpg,images/piebench_4_change_attribute_content_40_414000000003/first_only/final/pair_10_neg.jpg,3.5,Change the scene from night to daytime.,10,1.0,,1000.0,,pair_10_neg,-1,0.7843309640884399,1.026885986328125,0.9660137891769409,966.0137939453125,piebench_4_change_attribute_content_40_414000000003,0.7,10,appearance_like,first_only
20260820,4_change_attribute_content_40,0,images/piebench_4_change_attribute_content_40_414000000003/first_only/early/pair_11_pos.jpg,images/piebench_4_change_attribute_content_40_414000000003/first_only/final/pair_11_pos.jpg,3.5,Change the scene from night to daytime.,11,1.0,,1000.0,,pair_11_pos,1,0.7846208214759827,0.9914263486862183,0.9660137891769409,966.0137939453125,piebench_4_change_attribute_content_40_414000000003,0.7,10,appearance_like,first_only
20260820,4_change_attribute_content_40,0,images/piebench_4_change_attribute_content_40_414000000003/first_only/early/pair_11_neg.jpg,images/piebench_4_change_attribute_content_40_414000000003/first_only/final/pair_11_neg.jpg,3.5,Change the scene from night to daytime.,11,1.0,,1000.0,,pair_11_neg,-1,0.8039345145225525,1.010366439819336,0.9660137891769409,966.0137939453125,piebench_4_change_attribute_content_40_414000000003,0.7,10,appearance_like,first_only
20260820,4_change_attribute_content_40,0,images/piebench_4_change_attribute_content_40_414000000003/first_only/early/pair_12_pos.jpg,images/piebench_4_change_attribute_content_40_414000000003/first_only/final/pair_12_pos.jpg,3.5,Change the scene from night to daytime.,12,1.0,,1000.0,,pair_12_pos,1,0.8430877923965454,0.9346897602081299,0.9660137891769409,966.0137939453125,piebench_4_change_attribute_content_40_414000000003,0.7,10,appearance_like,first_only
20260820,4_change_attribute_content_40,0,images/piebench_4_change_attribute_content_40_414000000003/first_only/early/pair_12_neg.jpg,images/piebench_4_change_attribute_content_40_414000000003/first_only/final/pair_12_neg.jpg,3.5,Change the scene from night to daytime.,12,1.0,,1000.0,,pair_12_neg,-1,0.809041440486908,1.041292667388916,0.9660137891769409,966.0137939453125,piebench_4_change_attribute_content_40_414000000003,0.7,10,appearance_like,first_only
20260820,4_change_attribute_content_40,0,images/piebench_4_change_attribute_content_40_414000000003/first_only/early/pair_13_pos.jpg,images/piebench_4_change_attribute_content_40_414000000003/first_only/final/pair_13_pos.jpg,3.5,Change the scene from night to daytime.,13,1.0,,1000.0,,pair_13_pos,1,0.8304630517959595,0.963490903377533,0.9660137891769409,966.0137939453125,piebench_4_change_attribute_content_40_414000000003,0.7,10,appearance_like,first_only
20260820,4_change_attribute_content_40,0,images/piebench_4_change_attribute_content_40_414000000003/first_only/early/pair_13_neg.jpg,images/piebench_4_change_attribute_content_40_414000000003/first_only/final/pair_13_neg.jpg,3.5,Change the scene from night to daytime.,13,1.0,,1000.0,,pair_13_neg,-1,0.8070735335350037,1.0437175035476685,0.9660137891769409,966.0137939453125,piebench_4_change_attribute_content_40_414000000003,0.7,10,appearance_like,first_only
20260820,4_change_attribute_content_40,0,images/piebench_4_change_attribute_content_40_414000000003/first_only/early/pair_14_pos.jpg,images/piebench_4_change_attribute_content_40_414000000003/first_only/final/pair_14_pos.jpg,3.5,Change the scene from night to daytime.,14,1.0,,1000.0,,pair_14_pos,1,0.7909556031227112,0.9523640871047974,0.9660137891769409,966.0137939453125,piebench_4_change_attribute_content_40_414000000003,0.7,10,appearance_like,first_only
20260820,4_change_attribute_content_40,0,images/piebench_4_change_attribute_content_40_414000000003/first_only/early/pair_14_neg.jpg,images/piebench_4_change_attribute_content_40_414000000003/first_only/final/pair_14_neg.jpg,3.5,Change the scene from night to daytime.,14,1.0,,1000.0,,pair_14_neg,-1,0.8631032705307007,0.9631515145301819,0.9660137891769409,966.0137939453125,piebench_4_change_attribute_content_40_414000000003,0.7,10,appearance_like,first_only
20260820,4_change_attribute_content_40,0,images/piebench_4_change_attribute_content_40_414000000003/first_only/early/pair_15_pos.jpg,images/piebench_4_change_attribute_content_40_414000000003/first_only/final/pair_15_pos.jpg,3.5,Change the scene from night to daytime.,15,1.0,,1000.0,,pair_15_pos,1,0.812831699848175,0.9708427786827087,0.9660137891769409,966.0137939453125,piebench_4_change_attribute_content_40_414000000003,0.7,10,appearance_like,first_only
20260820,4_change_attribute_content_40,0,images/piebench_4_change_attribute_content_40_414000000003/first_only/early/pair_15_neg.jpg,images/piebench_4_change_attribute_content_40_414000000003/first_only/final/pair_15_neg.jpg,3.5,Change the scene from night to daytime.,15,1.0,,1000.0,,pair_15_neg,-1,0.7898318767547607,0.9879195094108582,0.9660137891769409,966.0137939453125,piebench_4_change_attribute_content_40_414000000003,0.7,10,appearance_like,first_only
20260820,4_change_attribute_content_40,0,images/piebench_4_change_attribute_content_40_414000000003/first_two/early/pair_00_pos.jpg,images/piebench_4_change_attribute_content_40_414000000003/first_two/final/pair_00_pos.jpg,3.5,Change the scene from night to daytime.,0,1.0,0.9660137891769409,1000.0,966.0137939453125,pair_00_pos,1,0.8698720932006836,0.9191994071006775,0.9266473650932312,926.6473388671875,piebench_4_change_attribute_content_40_414000000003,0.7,10,appearance_like,first_two
20260820,4_change_attribute_content_40,0,images/piebench_4_change_attribute_content_40_414000000003/first_two/early/pair_00_neg.jpg,images/piebench_4_change_attribute_content_40_414000000003/first_two/final/pair_00_neg.jpg,3.5,Change the scene from night to daytime.,0,1.0,0.9660137891769409,1000.0,966.0137939453125,pair_00_neg,-1,1.0098378658294678,1.0516057014465332,0.9266473650932312,926.6473388671875,piebench_4_change_attribute_content_40_414000000003,0.7,10,appearance_like,first_two
20260820,4_change_attribute_content_40,0,images/piebench_4_change_attribute_content_40_414000000003/first_two/early/pair_01_pos.jpg,images/piebench_4_change_attribute_content_40_414000000003/first_two/final/pair_01_pos.jpg,3.5,Change the scene from night to daytime.,1,1.0,0.9660137891769409,1000.0,966.0137939453125,pair_01_pos,1,0.9248481392860413,0.9889922738075256,0.9266473650932312,926.6473388671875,piebench_4_change_attribute_content_40_414000000003,0.7,10,appearance_like,first_two
20260820,4_change_attribute_content_40,0,images/piebench_4_change_attribute_content_40_414000000003/first_two/early/pair_01_neg.jpg,images/piebench_4_change_attribute_content_40_414000000003/first_two/final/pair_01_neg.jpg,3.5,Change the scene from night to daytime.,1,1.0,0.9660137891769409,1000.0,966.0137939453125,pair_01_neg,-1,0.9335958957672119,0.9971798062324524,0.9266473650932312,926.6473388671875,piebench_4_change_attribute_content_40_414000000003,0.7,10,appearance_like,first_two
20260820,4_change_attribute_content_40,0,images/piebench_4_change_attribute_content_40_414000000003/first_two/early/pair_02_pos.jpg,images/piebench_4_change_attribute_content_40_414000000003/first_two/final/pair_02_pos.jpg,3.5,Change the scene from night to daytime.,2,1.0,0.9660137891769409,1000.0,966.0137939453125,pair_02_pos,1,0.9481291770935059,1.0444862842559814,0.9266473650932312,926.6473388671875,piebench_4_change_attribute_content_40_414000000003,0.7,10,appearance_like,first_two
20260820,4_change_attribute_content_40,0,images/piebench_4_change_attribute_content_40_414000000003/first_two/early/pair_02_neg.jpg,images/piebench_4_change_attribute_content_40_414000000003/first_two/final/pair_02_neg.jpg,3.5,Change the scene from night to daytime.,2,1.0,0.9660137891769409,1000.0,966.0137939453125,pair_02_neg,-1,0.9287787675857544,0.9570544958114624,0.9266473650932312,926.6473388671875,piebench_4_change_attribute_content_40_414000000003,0.7,10,appearance_like,first_two
20260820,4_change_attribute_content_40,0,images/piebench_4_change_attribute_content_40_414000000003/first_two/early/pair_03_pos.jpg,images/piebench_4_change_attribute_content_40_414000000003/first_two/final/pair_03_pos.jpg,3.5,Change the scene from night to daytime.,3,1.0,0.9660137891769409,1000.0,966.0137939453125,pair_03_pos,1,0.9032809734344482,0.9610129594802856,0.9266473650932312,926.6473388671875,piebench_4_change_attribute_content_40_414000000003,0.7,10,appearance_like,first_two
20260820,4_change_attribute_content_40,0,images/piebench_4_change_attribute_content_40_414000000003/first_two/early/pair_03_neg.jpg,images/piebench_4_change_attribute_content_40_414000000003/first_two/final/pair_03_neg.jpg,3.5,Change the scene from night to daytime.,3,1.0,0.9660137891769409,1000.0,966.0137939453125,pair_03_neg,-1,0.9477859139442444,1.0061761140823364,0.9266473650932312,926.6473388671875,piebench_4_change_attribute_content_40_414000000003,0.7,10,appearance_like,first_two
20260820,4_change_attribute_content_40,0,images/piebench_4_change_attribute_content_40_414000000003/first_two/early/pair_04_pos.jpg,images/piebench_4_change_attribute_content_40_414000000003/first_two/final/pair_04_pos.jpg,3.5,Change the scene from night to daytime.,4,1.0,0.9660137891769409,1000.0,966.0137939453125,pair_04_pos,1,0.9961676001548767,1.0474631786346436,0.9266473650932312,926.6473388671875,piebench_4_change_attribute_content_40_414000000003,0.7,10,appearance_like,first_two
20260820,4_change_attribute_content_40,0,images/piebench_4_change_attribute_content_40_414000000003/first_two/early/pair_04_neg.jpg,images/piebench_4_change_attribute_content_40_414000000003/first_two/final/pair_04_neg.jpg,3.5,Change the scene from night to daytime.,4,1.0,0.9660137891769409,1000.0,966.0137939453125,pair_04_neg,-1,0.9083443284034729,0.9842529892921448,0.9266473650932312,926.6473388671875,piebench_4_change_attribute_content_40_414000000003,0.7,10,appearance_like,first_two
20260820,4_change_attribute_content_40,0,images/piebench_4_change_attribute_content_40_414000000003/first_two/early/pair_05_pos.jpg,images/piebench_4_change_attribute_content_40_414000000003/first_two/final/pair_05_pos.jpg,3.5,Change the scene from night to daytime.,5,1.0,0.9660137891769409,1000.0,966.0137939453125,pair_05_pos,1,0.8981830477714539,0.9369511008262634,0.9266473650932312,926.6473388671875,piebench_4_change_attribute_content_40_414000000003,0.7,10,appearance_like,first_two
20260820,4_change_attribute_content_40,0,images/piebench_4_change_attribute_content_40_414000000003/first_two/early/pair_05_neg.jpg,images/piebench_4_change_attribute_content_40_414000000003/first_two/final/pair_05_neg.jpg,3.5,Change the scene from night to daytime.,5,1.0,0.9660137891769409,1000.0,966.0137939453125,pair_05_neg,-1,0.9901670813560486,1.0344659090042114,0.9266473650932312,926.6473388671875,piebench_4_change_attribute_content_40_414000000003,0.7,10,appearance_like,first_two
20260820,4_change_attribute_content_40,0,images/piebench_4_change_attribute_content_40_414000000003/first_two/early/pair_06_pos.jpg,images/piebench_4_change_attribute_content_40_414000000003/first_two/final/pair_06_pos.jpg,3.5,Change the scene from night to daytime.,6,1.0,0.9660137891769409,1000.0,966.0137939453125,pair_06_pos,1,0.9159865975379944,0.8857390880584717,0.9266473650932312,926.6473388671875,piebench_4_change_attribute_content_40_414000000003,0.7,10,appearance_like,first_two
20260820,4_change_attribute_content_40,0,images/piebench_4_change_attribute_content_40_414000000003/first_two/early/pair_06_neg.jpg,images/piebench_4_change_attribute_content_40_414000000003/first_two/final/pair_06_neg.jpg,3.5,Change the scene from night to daytime.,6,1.0,0.9660137891769409,1000.0,966.0137939453125,pair_06_neg,-1,0.989631175994873,0.9739094376564026,0.9266473650932312,926.6473388671875,piebench_4_change_attribute_content_40_414000000003,0.7,10,appearance_like,first_two
20260820,4_change_attribute_content_40,0,images/piebench_4_change_attribute_content_40_414000000003/first_two/early/pair_07_pos.jpg,images/piebench_4_change_attribute_content_40_414000000003/first_two/final/pair_07_pos.jpg,3.5,Change the scene from night to daytime.,7,1.0,0.9660137891769409,1000.0,966.0137939453125,pair_07_pos,1,0.8982439637184143,0.9745261073112488,0.9266473650932312,926.6473388671875,piebench_4_change_attribute_content_40_414000000003,0.7,10,appearance_like,first_two
20260820,4_change_attribute_content_40,0,images/piebench_4_change_attribute_content_40_414000000003/first_two/early/pair_07_neg.jpg,images/piebench_4_change_attribute_content_40_414000000003/first_two/final/pair_07_neg.jpg,3.5,Change the scene from night to daytime.,7,1.0,0.9660137891769409,1000.0,966.0137939453125,pair_07_neg,-1,1.022146224975586,1.0088547468185425,0.9266473650932312,926.6473388671875,piebench_4_change_attribute_content_40_414000000003,0.7,10,appearance_like,first_two
20260820,4_change_attribute_content_40,0,images/piebench_4_change_attribute_content_40_414000000003/first_two/early/pair_08_pos.jpg,images/piebench_4_change_attribute_content_40_414000000003/first_two/final/pair_08_pos.jpg,3.5,Change the scene from night to daytime.,8,1.0,0.9660137891769409,1000.0,966.0137939453125,pair_08_pos,1,0.9457125663757324,1.0029094219207764,0.9266473650932312,926.6473388671875,piebench_4_change_attribute_content_40_414000000003,0.7,10,appearance_like,first_two
20260820,4_change_attribute_content_40,0,images/piebench_4_change_attribute_content_40_414000000003/first_two/early/pair_08_neg.jpg,images/piebench_4_change_attribute_content_40_414000000003/first_two/final/pair_08_neg.jpg,3.5,Change the scene from night to daytime.,8,1.0,0.9660137891769409,1000.0,966.0137939453125,pair_08_neg,-1,0.9507025480270386,1.0025544166564941,0.9266473650932312,926.6473388671875,piebench_4_change_attribute_content_40_414000000003,0.7,10,appearance_like,first_two
20260820,4_change_attribute_content_40,0,images/piebench_4_change_attribute_content_40_414000000003/first_two/early/pair_09_pos.jpg,images/piebench_4_change_attribute_content_40_414000000003/first_two/final/pair_09_pos.jpg,3.5,Change the scene from night to daytime.,9,1.0,0.9660137891769409,1000.0,966.0137939453125,pair_09_pos,1,0.9563459753990173,1.0173598527908325,0.9266473650932312,926.6473388671875,piebench_4_change_attribute_content_40_414000000003,0.7,10,appearance_like,first_two
20260820,4_change_attribute_content_40,0,images/piebench_4_change_attribute_content_40_414000000003/first_two/early/pair_09_neg.jpg,images/piebench_4_change_attribute_content_40_414000000003/first_two/final/pair_09_neg.jpg,3.5,Change the scene from night to daytime.,9,1.0,0.9660137891769409,1000.0,966.0137939453125,pair_09_neg,-1,0.9093017578125,0.9620306491851807,0.9266473650932312,926.6473388671875,piebench_4_change_attribute_content_40_414000000003,0.7,10,appearance_like,first_two
20260820,4_change_attribute_content_40,0,images/piebench_4_change_attribute_content_40_414000000003/first_two/early/pair_10_pos.jpg,images/piebench_4_change_attribute_content_40_414000000003/first_two/final/pair_10_pos.jpg,3.5,Change the scene from night to daytime.,10,1.0,0.9660137891769409,1000.0,966.0137939453125,pair_10_pos,1,0.991121768951416,1.0198593139648438,0.9266473650932312,926.6473388671875,piebench_4_change_attribute_content_40_414000000003,0.7,10,appearance_like,first_two
20260820,4_change_attribute_content_40,0,images/piebench_4_change_attribute_content_40_414000000003/first_two/early/pair_10_neg.jpg,images/piebench_4_change_attribute_content_40_414000000003/first_two/final/pair_10_neg.jpg,3.5,Change the scene from night to daytime.,10,1.0,0.9660137891769409,1000.0,966.0137939453125,pair_10_neg,-1,0.9447399377822876,0.9935911297798157,0.9266473650932312,926.6473388671875,piebench_4_change_attribute_content_40_414000000003,0.7,10,appearance_like,first_two
20260820,4_change_attribute_content_40,0,images/piebench_4_change_attribute_content_40_414000000003/first_two/early/pair_11_pos.jpg,images/piebench_4_change_attribute_content_40_414000000003/first_two/final/pair_11_pos.jpg,3.5,Change the scene from night to daytime.,11,1.0,0.9660137891769409,1000.0,966.0137939453125,pair_11_pos,1,1.003974437713623,1.0220975875854492,0.9266473650932312,926.6473388671875,piebench_4_change_attribute_content_40_414000000003,0.7,10,appearance_like,first_two
20260820,4_change_attribute_content_40,0,images/piebench_4_change_attribute_content_40_414000000003/first_two/early/pair_11_neg.jpg,images/piebench_4_change_attribute_content_40_414000000003/first_two/final/pair_11_neg.jpg,3.5,Change the scene from night to daytime.,11,1.0,0.9660137891769409,1000.0,966.0137939453125,pair_11_neg,-1,0.8765434622764587,0.9459726214408875,0.9266473650932312,926.6473388671875,piebench_4_change_attribute_content_40_414000000003,0.7,10,appearance_like,first_two
20260820,4_change_attribute_content_40,0,images/piebench_4_change_attribute_content_40_414000000003/first_two/early/pair_12_pos.jpg,images/piebench_4_change_attribute_content_40_414000000003/first_two/final/pair_12_pos.jpg,3.5,Change the scene from night to daytime.,12,1.0,0.9660137891769409,1000.0,966.0137939453125,pair_12_pos,1,0.9960887432098389,1.000646948814392,0.9266473650932312,926.6473388671875,piebench_4_change_attribute_content_40_414000000003,0.7,10,appearance_like,first_two
20260820,4_change_attribute_content_40,0,images/piebench_4_change_attribute_content_40_414000000003/first_two/early/pair_12_neg.jpg,images/piebench_4_change_attribute_content_40_414000000003/first_two/final/pair_12_neg.jpg,3.5,Change the scene from night to daytime.,12,1.0,0.9660137891769409,1000.0,966.0137939453125,pair_12_neg,-1,0.965131402015686,1.0531976222991943,0.9266473650932312,926.6473388671875,piebench_4_change_attribute_content_40_414000000003,0.7,10,appearance_like,first_two
20260820,4_change_attribute_content_40,0,images/piebench_4_change_attribute_content_40_414000000003/first_two/early/pair_13_pos.jpg,images/piebench_4_change_attribute_content_40_414000000003/first_two/final/pair_13_pos.jpg,3.5,Change the scene from night to daytime.,13,1.0,0.9660137891769409,1000.0,966.0137939453125,pair_13_pos,1,0.9900059103965759,0.9429605603218079,0.9266473650932312,926.6473388671875,piebench_4_change_attribute_content_40_414000000003,0.7,10,appearance_like,first_two
20260820,4_change_attribute_content_40,0,images/piebench_4_change_attribute_content_40_414000000003/first_two/early/pair_13_neg.jpg,images/piebench_4_change_attribute_content_40_414000000003/first_two/final/pair_13_neg.jpg,3.5,Change the scene from night to daytime.,13,1.0,0.9660137891769409,1000.0,966.0137939453125,pair_13_neg,-1,0.9131700396537781,0.9728471636772156,0.9266473650932312,926.6473388671875,piebench_4_change_attribute_content_40_414000000003,0.7,10,appearance_like,first_two
20260820,4_change_attribute_content_40,0,images/piebench_4_change_attribute_content_40_414000000003/first_two/early/pair_14_pos.jpg,images/piebench_4_change_attribute_content_40_414000000003/first_two/final/pair_14_pos.jpg,3.5,Change the scene from night to daytime.,14,1.0,0.9660137891769409,1000.0,966.0137939453125,pair_14_pos,1,0.923416793346405,0.9288689494132996,0.9266473650932312,926.6473388671875,piebench_4_change_attribute_content_40_414000000003,0.7,10,appearance_like,first_two
20260820,4_change_attribute_content_40,0,images/piebench_4_change_attribute_content_40_414000000003/first_two/early/pair_14_neg.jpg,images/piebench_4_change_attribute_content_40_414000000003/first_two/final/pair_14_neg.jpg,3.5,Change the scene from night to daytime.,14,1.0,0.9660137891769409,1000.0,966.0137939453125,pair_14_neg,-1,0.9497397541999817,1.0210065841674805,0.9266473650932312,926.6473388671875,piebench_4_change_attribute_content_40_414000000003,0.7,10,appearance_like,first_two
20260820,4_change_attribute_content_40,0,images/piebench_4_change_attribute_content_40_414000000003/first_two/early/pair_15_pos.jpg,images/piebench_4_change_attribute_content_40_414000000003/first_two/final/pair_15_pos.jpg,3.5,Change the scene from night to daytime.,15,1.0,0.9660137891769409,1000.0,966.0137939453125,pair_15_pos,1,0.9590035080909729,0.8529394268989563,0.9266473650932312,926.6473388671875,piebench_4_change_attribute_content_40_414000000003,0.7,10,appearance_like,first_two
20260820,4_change_attribute_content_40,0,images/piebench_4_change_attribute_content_40_414000000003/first_two/early/pair_15_neg.jpg,images/piebench_4_change_attribute_content_40_414000000003/first_two/final/pair_15_neg.jpg,3.5,Change the scene from night to daytime.,15,1.0,0.9660137891769409,1000.0,966.0137939453125,pair_15_neg,-1,0.9352554678916931,0.9473534226417542,0.9266473650932312,926.6473388671875,piebench_4_change_attribute_content_40_414000000003,0.7,10,appearance_like,first_two
20260823,5_change_attribute_pose_40,0,images/piebench_5_change_attribute_pose_40_511000000001/first_only/early/pair_00_pos.jpg,images/piebench_5_change_attribute_pose_40_511000000001/first_only/final/pair_00_pos.jpg,3.5,Make the robot dog sit down.,0,1.0,,1000.0,,pair_00_pos,1,0.7569419145584106,0.9602020978927612,0.9660137891769409,966.0137939453125,piebench_5_change_attribute_pose_40_511000000001,0.7,10,structural_discrete,first_only
20260823,5_change_attribute_pose_40,0,images/piebench_5_change_attribute_pose_40_511000000001/first_only/early/pair_00_neg.jpg,images/piebench_5_change_attribute_pose_40_511000000001/first_only/final/pair_00_neg.jpg,3.5,Make the robot dog sit down.,0,1.0,,1000.0,,pair_00_neg,-1,0.7551423907279968,0.9942681193351746,0.9660137891769409,966.0137939453125,piebench_5_change_attribute_pose_40_511000000001,0.7,10,structural_discrete,first_only
20260823,5_change_attribute_pose_40,0,images/piebench_5_change_attribute_pose_40_511000000001/first_only/early/pair_01_pos.jpg,images/piebench_5_change_attribute_pose_40_511000000001/first_only/final/pair_01_pos.jpg,3.5,Make the robot dog sit down.,1,1.0,,1000.0,,pair_01_pos,1,0.8062911033630371,0.9655598998069763,0.9660137891769409,966.0137939453125,piebench_5_change_attribute_pose_40_511000000001,0.7,10,structural_discrete,first_only
20260823,5_change_attribute_pose_40,0,images/piebench_5_change_attribute_pose_40_511000000001/first_only/early/pair_01_neg.jpg,images/piebench_5_change_attribute_pose_40_511000000001/first_only/final/pair_01_neg.jpg,3.5,Make the robot dog sit down.,1,1.0,,1000.0,,pair_01_neg,-1,0.7732721567153931,0.9946287870407104,0.9660137891769409,966.0137939453125,piebench_5_change_attribute_pose_40_511000000001,0.7,10,structural_discrete,first_only
20260823,5_change_attribute_pose_40,0,images/piebench_5_change_attribute_pose_40_511000000001/first_only/early/pair_02_pos.jpg,images/piebench_5_change_attribute_pose_40_511000000001/first_only/final/pair_02_pos.jpg,3.5,Make the robot dog sit down.,2,1.0,,1000.0,,pair_02_pos,1,0.7324978113174438,0.8922717571258545,0.9660137891769409,966.0137939453125,piebench_5_change_attribute_pose_40_511000000001,0.7,10,structural_discrete,first_only
20260823,5_change_attribute_pose_40,0,images/piebench_5_change_attribute_pose_40_511000000001/first_only/early/pair_02_neg.jpg,images/piebench_5_change_attribute_pose_40_511000000001/first_only/final/pair_02_neg.jpg,3.5,Make the robot dog sit down.,2,1.0,,1000.0,,pair_02_neg,-1,0.783527135848999,0.9700678586959839,0.9660137891769409,966.0137939453125,piebench_5_change_attribute_pose_40_511000000001,0.7,10,structural_discrete,first_only
20260823,5_change_attribute_pose_40,0,images/piebench_5_change_attribute_pose_40_511000000001/first_only/early/pair_03_pos.jpg,images/piebench_5_change_attribute_pose_40_511000000001/first_only/final/pair_03_pos.jpg,3.5,Make the robot dog sit down.,3,1.0,,1000.0,,pair_03_pos,1,0.7689007520675659,0.9051054120063782,0.9660137891769409,966.0137939453125,piebench_5_change_attribute_pose_40_511000000001,0.7,10,structural_discrete,first_only
20260823,5_change_attribute_pose_40,0,images/piebench_5_change_attribute_pose_40_511000000001/first_only/early/pair_03_neg.jpg,images/piebench_5_change_attribute_pose_40_511000000001/first_only/final/pair_03_neg.jpg,3.5,Make the robot dog sit down.,3,1.0,,1000.0,,pair_03_neg,-1,0.7891848087310791,0.9675731658935547,0.9660137891769409,966.0137939453125,piebench_5_change_attribute_pose_40_511000000001,0.7,10,structural_discrete,first_only
20260823,5_change_attribute_pose_40,0,images/piebench_5_change_attribute_pose_40_511000000001/first_only/early/pair_04_pos.jpg,images/piebench_5_change_attribute_pose_40_511000000001/first_only/final/pair_04_pos.jpg,3.5,Make the robot dog sit down.,4,1.0,,1000.0,,pair_04_pos,1,0.7519752383232117,0.8826929330825806,0.9660137891769409,966.0137939453125,piebench_5_change_attribute_pose_40_511000000001,0.7,10,structural_discrete,first_only
20260823,5_change_attribute_pose_40,0,images/piebench_5_change_attribute_pose_40_511000000001/first_only/early/pair_04_neg.jpg,images/piebench_5_change_attribute_pose_40_511000000001/first_only/final/pair_04_neg.jpg,3.5,Make the robot dog sit down.,4,1.0,,1000.0,,pair_04_neg,-1,0.7960034608840942,0.9740549325942993,0.9660137891769409,966.0137939453125,piebench_5_change_attribute_pose_40_511000000001,0.7,10,structural_discrete,first_only
20260823,5_change_attribute_pose_40,0,images/piebench_5_change_attribute_pose_40_511000000001/first_only/early/pair_05_pos.jpg,images/piebench_5_change_attribute_pose_40_511000000001/first_only/final/pair_05_pos.jpg,3.5,Make the robot dog sit down.,5,1.0,,1000.0,,pair_05_pos,1,0.7880324125289917,0.970150351524353,0.9660137891769409,966.0137939453125,piebench_5_change_attribute_pose_40_511000000001,0.7,10,structural_discrete,first_only
20260823,5_change_attribute_pose_40,0,images/piebench_5_change_attribute_pose_40_511000000001/first_only/early/pair_05_neg.jpg,images/piebench_5_change_attribute_pose_40_511000000001/first_only/final/pair_05_neg.jpg,3.5,Make the robot dog sit down.,5,1.0,,1000.0,,pair_05_neg,-1,0.7565576434135437,0.9582498073577881,0.9660137891769409,966.0137939453125,piebench_5_change_attribute_pose_40_511000000001,0.7,10,structural_discrete,first_only
20260823,5_change_attribute_pose_40,0,images/piebench_5_change_attribute_pose_40_511000000001/first_only/early/pair_06_pos.jpg,images/piebench_5_change_attribute_pose_40_511000000001/first_only/final/pair_06_pos.jpg,3.5,Make the robot dog sit down.,6,1.0,,1000.0,,pair_06_pos,1,0.7953288555145264,0.9461116194725037,0.9660137891769409,966.0137939453125,piebench_5_change_attribute_pose_40_511000000001,0.7,10,structural_discrete,first_only
20260823,5_change_attribute_pose_40,0,images/piebench_5_change_attribute_pose_40_511000000001/first_only/early/pair_06_neg.jpg,images/piebench_5_change_attribute_pose_40_511000000001/first_only/final/pair_06_neg.jpg,3.5,Make the robot dog sit down.,6,1.0,,1000.0,,pair_06_neg,-1,0.7284231781959534,0.9564455151557922,0.9660137891769409,966.0137939453125,piebench_5_change_attribute_pose_40_511000000001,0.7,10,structural_discrete,first_only
20260823,5_change_attribute_pose_40,0,images/piebench_5_change_attribute_pose_40_511000000001/first_only/early/pair_07_pos.jpg,images/piebench_5_change_attribute_pose_40_511000000001/first_only/final/pair_07_pos.jpg,3.5,Make the robot dog sit down.,7,1.0,,1000.0,,pair_07_pos,1,0.7771092057228088,0.8793240785598755,0.9660137891769409,966.0137939453125,piebench_5_change_attribute_pose_40_511000000001,0.7,10,structural_discrete,first_only
20260823,5_change_attribute_pose_40,0,images/piebench_5_change_attribute_pose_40_511000000001/first_only/early/pair_07_neg.jpg,images/piebench_5_change_attribute_pose_40_511000000001/first_only/final/pair_07_neg.jpg,3.5,Make the robot dog sit down.,7,1.0,,1000.0,,pair_07_neg,-1,0.7167373299598694,0.9530385732650757,0.9660137891769409,966.0137939453125,piebench_5_change_attribute_pose_40_511000000001,0.7,10,structural_discrete,first_only
20260823,5_change_attribute_pose_40,0,images/piebench_5_change_attribute_pose_40_511000000001/first_only/early/pair_08_pos.jpg,images/piebench_5_change_attribute_pose_40_511000000001/first_only/final/pair_08_pos.jpg,3.5,Make the robot dog sit down.,8,1.0,,1000.0,,pair_08_pos,1,0.7756844162940979,0.8933648467063904,0.9660137891769409,966.0137939453125,piebench_5_change_attribute_pose_40_511000000001,0.7,10,structural_discrete,first_only
20260823,5_change_attribute_pose_40,0,images/piebench_5_change_attribute_pose_40_511000000001/first_only/early/pair_08_neg.jpg,images/piebench_5_change_attribute_pose_40_511000000001/first_only/final/pair_08_neg.jpg,3.5,Make the robot dog sit down.,8,1.0,,1000.0,,pair_08_neg,-1,0.7371487021446228,0.88761967420578,0.9660137891769409,966.0137939453125,piebench_5_change_attribute_pose_40_511000000001,0.7,10,structural_discrete,first_only
20260823,5_change_attribute_pose_40,0,images/piebench_5_change_attribute_pose_40_511000000001/first_only/early/pair_09_pos.jpg,images/piebench_5_change_attribute_pose_40_511000000001/first_only/final/pair_09_pos.jpg,3.5,Make the robot dog sit down.,9,1.0,,1000.0,,pair_09_pos,1,0.756083607673645,0.9365926384925842,0.9660137891769409,966.0137939453125,piebench_5_change_attribute_pose_40_511000000001,0.7,10,structural_discrete,first_only
20260823,5_change_attribute_pose_40,0,images/piebench_5_change_attribute_pose_40_511000000001/first_only/early/pair_09_neg.jpg,images/piebench_5_change_attribute_pose_40_511000000001/first_only/final/pair_09_neg.jpg,3.5,Make the robot dog sit down.,9,1.0,,1000.0,,pair_09_neg,-1,0.8037206530570984,0.9804102182388306,0.9660137891769409,966.0137939453125,piebench_5_change_attribute_pose_40_511000000001,0.7,10,structural_discrete,first_only
20260823,5_change_attribute_pose_40,0,images/piebench_5_change_attribute_pose_40_511000000001/first_only/early/pair_10_pos.jpg,images/piebench_5_change_attribute_pose_40_511000000001/first_only/final/pair_10_pos.jpg,3.5,Make the robot dog sit down.,10,1.0,,1000.0,,pair_10_pos,1,0.7909584641456604,0.9294592142105103,0.9660137891769409,966.0137939453125,piebench_5_change_attribute_pose_40_511000000001,0.7,10,structural_discrete,first_only
20260823,5_change_attribute_pose_40,0,images/piebench_5_change_attribute_pose_40_511000000001/first_only/early/pair_10_neg.jpg,images/piebench_5_change_attribute_pose_40_511000000001/first_only/final/pair_10_neg.jpg,3.5,Make the robot dog sit down.,10,1.0,,1000.0,,pair_10_neg,-1,0.7878181338310242,0.922854483127594,0.9660137891769409,966.0137939453125,piebench_5_change_attribute_pose_40_511000000001,0.7,10,structural_discrete,first_only
20260823,5_change_attribute_pose_40,0,images/piebench_5_change_attribute_pose_40_511000000001/first_only/early/pair_11_pos.jpg,images/piebench_5_change_attribute_pose_40_511000000001/first_only/final/pair_11_pos.jpg,3.5,Make the robot dog sit down.,11,1.0,,1000.0,,pair_11_pos,1,0.7732765078544617,0.9563204050064087,0.9660137891769409,966.0137939453125,piebench_5_change_attribute_pose_40_511000000001,0.7,10,structural_discrete,first_only
20260823,5_change_attribute_pose_40,0,images/piebench_5_change_attribute_pose_40_511000000001/first_only/early/pair_11_neg.jpg,images/piebench_5_change_attribute_pose_40_511000000001/first_only/final/pair_11_neg.jpg,3.5,Make the robot dog sit down.,11,1.0,,1000.0,,pair_11_neg,-1,0.7362416982650757,0.9182445406913757,0.9660137891769409,966.0137939453125,piebench_5_change_attribute_pose_40_511000000001,0.7,10,structural_discrete,first_only
20260823,5_change_attribute_pose_40,0,images/piebench_5_change_attribute_pose_40_511000000001/first_only/early/pair_12_pos.jpg,images/piebench_5_change_attribute_pose_40_511000000001/first_only/final/pair_12_pos.jpg,3.5,Make the robot dog sit down.,12,1.0,,1000.0,,pair_12_pos,1,0.8129239678382874,0.9338826537132263,0.9660137891769409,966.0137939453125,piebench_5_change_attribute_pose_40_511000000001,0.7,10,structural_discrete,first_only
20260823,5_change_attribute_pose_40,0,images/piebench_5_change_attribute_pose_40_511000000001/first_only/early/pair_12_neg.jpg,images/piebench_5_change_attribute_pose_40_511000000001/first_only/final/pair_12_neg.jpg,3.5,Make the robot dog sit down.,12,1.0,,1000.0,,pair_12_neg,-1,0.8109852075576782,0.9220673441886902,0.9660137891769409,966.0137939453125,piebench_5_change_attribute_pose_40_511000000001,0.7,10,structural_discrete,first_only
20260823,5_change_attribute_pose_40,0,images/piebench_5_change_attribute_pose_40_511000000001/first_only/early/pair_13_pos.jpg,images/piebench_5_change_attribute_pose_40_511000000001/first_only/final/pair_13_pos.jpg,3.5,Make the robot dog sit down.,13,1.0,,1000.0,,pair_13_pos,1,0.7583571076393127,0.8798717260360718,0.9660137891769409,966.0137939453125,piebench_5_change_attribute_pose_40_511000000001,0.7,10,structural_discrete,first_only
20260823,5_change_attribute_pose_40,0,images/piebench_5_change_attribute_pose_40_511000000001/first_only/early/pair_13_neg.jpg,images/piebench_5_change_attribute_pose_40_511000000001/first_only/final/pair_13_neg.jpg,3.5,Make the robot dog sit down.,13,1.0,,1000.0,,pair_13_neg,-1,0.7651875019073486,0.9862974286079407,0.9660137891769409,966.0137939453125,piebench_5_change_attribute_pose_40_511000000001,0.7,10,structural_discrete,first_only
20260823,5_change_attribute_pose_40,0,images/piebench_5_change_attribute_pose_40_511000000001/first_only/early/pair_14_pos.jpg,images/piebench_5_change_attribute_pose_40_511000000001/first_only/final/pair_14_pos.jpg,3.5,Make the robot dog sit down.,14,1.0,,1000.0,,pair_14_pos,1,0.7806846499443054,0.9394964575767517,0.9660137891769409,966.0137939453125,piebench_5_change_attribute_pose_40_511000000001,0.7,10,structural_discrete,first_only
20260823,5_change_attribute_pose_40,0,images/piebench_5_change_attribute_pose_40_511000000001/first_only/early/pair_14_neg.jpg,images/piebench_5_change_attribute_pose_40_511000000001/first_only/final/pair_14_neg.jpg,3.5,Make the robot dog sit down.,14,1.0,,1000.0,,pair_14_neg,-1,0.7947892546653748,0.9320666193962097,0.9660137891769409,966.0137939453125,piebench_5_change_attribute_pose_40_511000000001,0.7,10,structural_discrete,first_only
20260823,5_change_attribute_pose_40,0,images/piebench_5_change_attribute_pose_40_511000000001/first_only/early/pair_15_pos.jpg,images/piebench_5_change_attribute_pose_40_511000000001/first_only/final/pair_15_pos.jpg,3.5,Make the robot dog sit down.,15,1.0,,1000.0,,pair_15_pos,1,0.7901865839958191,0.9839043021202087,0.9660137891769409,966.0137939453125,piebench_5_change_attribute_pose_40_511000000001,0.7,10,structural_discrete,first_only
20260823,5_change_attribute_pose_40,0,images/piebench_5_change_attribute_pose_40_511000000001/first_only/early/pair_15_neg.jpg,images/piebench_5_change_attribute_pose_40_511000000001/first_only/final/pair_15_neg.jpg,3.5,Make the robot dog sit down.,15,1.0,,1000.0,,pair_15_neg,-1,0.771211564540863,0.9433388113975525,0.9660137891769409,966.0137939453125,piebench_5_change_attribute_pose_40_511000000001,0.7,10,structural_discrete,first_only
20260823,5_change_attribute_pose_40,0,images/piebench_5_change_attribute_pose_40_511000000001/first_two/early/pair_00_pos.jpg,images/piebench_5_change_attribute_pose_40_511000000001/first_two/final/pair_00_pos.jpg,3.5,Make the robot dog sit down.,0,1.0,0.9660137891769409,1000.0,966.0137939453125,pair_00_pos,1,0.9023787379264832,0.8798920512199402,0.9266473650932312,926.6473388671875,piebench_5_change_attribute_pose_40_511000000001,0.7,10,structural_discrete,first_two
20260823,5_change_attribute_pose_40,0,images/piebench_5_change_attribute_pose_40_511000000001/first_two/early/pair_00_neg.jpg,images/piebench_5_change_attribute_pose_40_511000000001/first_two/final/pair_00_neg.jpg,3.5,Make the robot dog sit down.,0,1.0,0.9660137891769409,1000.0,966.0137939453125,pair_00_neg,-1,0.8891918659210205,0.9480405449867249,0.9266473650932312,926.6473388671875,piebench_5_change_attribute_pose_40_511000000001,0.7,10,structural_discrete,first_two
20260823,5_change_attribute_pose_40,0,images/piebench_5_change_attribute_pose_40_511000000001/first_two/early/pair_01_pos.jpg,images/piebench_5_change_attribute_pose_40_511000000001/first_two/final/pair_01_pos.jpg,3.5,Make the robot dog sit down.,1,1.0,0.9660137891769409,1000.0,966.0137939453125,pair_01_pos,1,0.8604426980018616,0.9081311225891113,0.9266473650932312,926.6473388671875,piebench_5_change_attribute_pose_40_511000000001,0.7,10,structural_discrete,first_two
20260823,5_change_attribute_pose_40,0,images/piebench_5_change_attribute_pose_40_511000000001/first_two/early/pair_01_neg.jpg,images/piebench_5_change_attribute_pose_40_511000000001/first_two/final/pair_01_neg.jpg,3.5,Make the robot dog sit down.,1,1.0,0.9660137891769409,1000.0,966.0137939453125,pair_01_neg,-1,0.8980181813240051,0.9650706648826599,0.9266473650932312,926.6473388671875,piebench_5_change_attribute_pose_40_511000000001,0.7,10,structural_discrete,first_two
20260823,5_change_attribute_pose_40,0,images/piebench_5_change_attribute_pose_40_511000000001/first_two/early/pair_02_pos.jpg,images/piebench_5_change_attribute_pose_40_511000000001/first_two/final/pair_02_pos.jpg,3.5,Make the robot dog sit down.,2,1.0,0.9660137891769409,1000.0,966.0137939453125,pair_02_pos,1,0.8754099607467651,0.8788914084434509,0.9266473650932312,926.6473388671875,piebench_5_change_attribute_pose_40_511000000001,0.7,10,structural_discrete,first_two
20260823,5_change_attribute_pose_40,0,images/piebench_5_change_attribute_pose_40_511000000001/first_two/early/pair_02_neg.jpg,images/piebench_5_change_attribute_pose_40_511000000001/first_two/final/pair_02_neg.jpg,3.5,Make the robot dog sit down.,2,1.0,0.9660137891769409,1000.0,966.0137939453125,pair_02_neg,-1,0.9529398679733276,0.9381676912307739,0.9266473650932312,926.6473388671875,piebench_5_change_attribute_pose_40_511000000001,0.7,10,structural_discrete,first_two
20260823,5_change_attribute_pose_40,0,images/piebench_5_change_attribute_pose_40_511000000001/first_two/early/pair_03_pos.jpg,images/piebench_5_change_attribute_pose_40_511000000001/first_two/final/pair_03_pos.jpg,3.5,Make the robot dog sit down.,3,1.0,0.9660137891769409,1000.0,966.0137939453125,pair_03_pos,1,0.9069679379463196,0.8947903513908386,0.9266473650932312,926.6473388671875,piebench_5_change_attribute_pose_40_511000000001,0.7,10,structural_discrete,first_two
20260823,5_change_attribute_pose_40,0,images/piebench_5_change_attribute_pose_40_511000000001/first_two/early/pair_03_neg.jpg,images/piebench_5_change_attribute_pose_40_511000000001/first_two/final/pair_03_neg.jpg,3.5,Make the robot dog sit down.,3,1.0,0.9660137891769409,1000.0,966.0137939453125,pair_03_neg,-1,0.8906296491622925,0.9396531581878662,0.9266473650932312,926.6473388671875,piebench_5_change_attribute_pose_40_511000000001,0.7,10,structural_discrete,first_two
20260823,5_change_attribute_pose_40,0,images/piebench_5_change_attribute_pose_40_511000000001/first_two/early/pair_04_pos.jpg,images/piebench_5_change_attribute_pose_40_511000000001/first_two/final/pair_04_pos.jpg,3.5,Make the robot dog sit down.,4,1.0,0.9660137891769409,1000.0,966.0137939453125,pair_04_pos,1,0.8662304282188416,0.8693580031394958,0.9266473650932312,926.6473388671875,piebench_5_change_attribute_pose_40_511000000001,0.7,10,structural_discrete,first_two
20260823,5_change_attribute_pose_40,0,images/piebench_5_change_attribute_pose_40_511000000001/first_two/early/pair_04_neg.jpg,images/piebench_5_change_attribute_pose_40_511000000001/first_two/final/pair_04_neg.jpg,3.5,Make the robot dog sit down.,4,1.0,0.9660137891769409,1000.0,966.0137939453125,pair_04_neg,-1,0.9746801257133484,0.9559649229049683,0.9266473650932312,926.6473388671875,piebench_5_change_attribute_pose_40_511000000001,0.7,10,structural_discrete,first_two
20260823,5_change_attribute_pose_40,0,images/piebench_5_change_attribute_pose_40_511000000001/first_two/early/pair_05_pos.jpg,images/piebench_5_change_attribute_pose_40_511000000001/first_two/final/pair_05_pos.jpg,3.5,Make the robot dog sit down.,5,1.0,0.9660137891769409,1000.0,966.0137939453125,pair_05_pos,1,0.9530264735221863,0.8898438811302185,0.9266473650932312,926.6473388671875,piebench_5_change_attribute_pose_40_511000000001,0.7,10,structural_discrete,first_two
20260823,5_change_attribute_pose_40,0,images/piebench_5_change_attribute_pose_40_511000000001/first_two/early/pair_05_neg.jpg,images/piebench_5_change_attribute_pose_40_511000000001/first_two/final/pair_05_neg.jpg,3.5,Make the robot dog sit down.,5,1.0,0.9660137891769409,1000.0,966.0137939453125,pair_05_neg,-1,0.9256172776222229,0.9660748839378357,0.9266473650932312,926.6473388671875,piebench_5_change_attribute_pose_40_511000000001,0.7,10,structural_discrete,first_two
20260823,5_change_attribute_pose_40,0,images/piebench_5_change_attribute_pose_40_511000000001/first_two/early/pair_06_pos.jpg,images/piebench_5_change_attribute_pose_40_511000000001/first_two/final/pair_06_pos.jpg,3.5,Make the robot dog sit down.,6,1.0,0.9660137891769409,1000.0,966.0137939453125,pair_06_pos,1,0.8868170976638794,0.9230901002883911,0.9266473650932312,926.6473388671875,piebench_5_change_attribute_pose_40_511000000001,0.7,10,structural_discrete,first_two
20260823,5_change_attribute_pose_40,0,images/piebench_5_change_attribute_pose_40_511000000001/first_two/early/pair_06_neg.jpg,images/piebench_5_change_attribute_pose_40_511000000001/first_two/final/pair_06_neg.jpg,3.5,Make the robot dog sit down.,6,1.0,0.9660137891769409,1000.0,966.0137939453125,pair_06_neg,-1,0.9087724089622498,0.9111576080322266,0.9266473650932312,926.6473388671875,piebench_5_change_attribute_pose_40_511000000001,0.7,10,structural_discrete,first_two
20260823,5_change_attribute_pose_40,0,images/piebench_5_change_attribute_pose_40_511000000001/first_two/early/pair_07_pos.jpg,images/piebench_5_change_attribute_pose_40_511000000001/first_two/final/pair_07_pos.jpg,3.5,Make the robot dog sit down.,7,1.0,0.9660137891769409,1000.0,966.0137939453125,pair_07_pos,1,0.9002135396003723,0.8574419021606445,0.9266473650932312,926.6473388671875,piebench_5_change_attribute_pose_40_511000000001,0.7,10,structural_discrete,first_two
20260823,5_change_attribute_pose_40,0,images/piebench_5_change_attribute_pose_40_511000000001/first_two/early/pair_07_neg.jpg,images/piebench_5_change_attribute_pose_40_511000000001/first_two/final/pair_07_neg.jpg,3.5,Make the robot dog sit down.,7,1.0,0.9660137891769409,1000.0,966.0137939453125,pair_07_neg,-1,0.8485745191574097,0.864181399345398,0.9266473650932312,926.6473388671875,piebench_5_change_attribute_pose_40_511000000001,0.7,10,structural_discrete,first_two
20260823,5_change_attribute_pose_40,0,images/piebench_5_change_attribute_pose_40_511000000001/first_two/early/pair_08_pos.jpg,images/piebench_5_change_attribute_pose_40_511000000001/first_two/final/pair_08_pos.jpg,3.5,Make the robot dog sit down.,8,1.0,0.9660137891769409,1000.0,966.0137939453125,pair_08_pos,1,0.8414641618728638,0.9258856773376465,0.9266473650932312,926.6473388671875,piebench_5_change_attribute_pose_40_511000000001,0.7,10,structural_discrete,first_two
20260823,5_change_attribute_pose_40,0,images/piebench_5_change_attribute_pose_40_511000000001/first_two/early/pair_08_neg.jpg,images/piebench_5_change_attribute_pose_40_511000000001/first_two/final/pair_08_neg.jpg,3.5,Make the robot dog sit down.,8,1.0,0.9660137891769409,1000.0,966.0137939453125,pair_08_neg,-1,0.8502298593521118,0.9696729779243469,0.9266473650932312,926.6473388671875,piebench_5_change_attribute_pose_40_511000000001,0.7,10,structural_discrete,first_two
20260823,5_change_attribute_pose_40,0,images/piebench_5_change_attribute_pose_40_511000000001/first_two/early/pair_09_pos.jpg,images/piebench_5_change_attribute_pose_40_511000000001/first_two/final/pair_09_pos.jpg,3.5,Make the robot dog sit down.,9,1.0,0.9660137891769409,1000.0,966.0137939453125,pair_09_pos,1,0.8706673979759216,0.8736588954925537,0.9266473650932312,926.6473388671875,piebench_5_change_attribute_pose_40_511000000001,0.7,10,structural_discrete,first_two
20260823,5_change_attribute_pose_40,0,images/piebench_5_change_attribute_pose_40_511000000001/first_two/early/pair_09_neg.jpg,images/piebench_5_change_attribute_pose_40_511000000001/first_two/final/pair_09_neg.jpg,3.5,Make the robot dog sit down.,9,1.0,0.9660137891769409,1000.0,966.0137939453125,pair_09_neg,-1,0.8473352193832397,0.9209299683570862,0.9266473650932312,926.6473388671875,piebench_5_change_attribute_pose_40_511000000001,0.7,10,structural_discrete,first_two
20260823,5_change_attribute_pose_40,0,images/piebench_5_change_attribute_pose_40_511000000001/first_two/early/pair_10_pos.jpg,images/piebench_5_change_attribute_pose_40_511000000001/first_two/final/pair_10_pos.jpg,3.5,Make the robot dog sit down.,10,1.0,0.9660137891769409,1000.0,966.0137939453125,pair_10_pos,1,0.9528918266296387,0.9659247994422913,0.9266473650932312,926.6473388671875,piebench_5_change_attribute_pose_40_511000000001,0.7,10,structural_discrete,first_two
20260823,5_change_attribute_pose_40,0,images/piebench_5_change_attribute_pose_40_511000000001/first_two/early/pair_10_neg.jpg,images/piebench_5_change_attribute_pose_40_511000000001/first_two/final/pair_10_neg.jpg,3.5,Make the robot dog sit down.,10,1.0,0.9660137891769409,1000.0,966.0137939453125,pair_10_neg,-1,0.8565797805786133,0.9281186461448669,0.9266473650932312,926.6473388671875,piebench_5_change_attribute_pose_40_511000000001,0.7,10,structural_discrete,first_two
20260823,5_change_attribute_pose_40,0,images/piebench_5_change_attribute_pose_40_511000000001/first_two/early/pair_11_pos.jpg,images/piebench_5_change_attribute_pose_40_511000000001/first_two/final/pair_11_pos.jpg,3.5,Make the robot dog sit down.,11,1.0,0.9660137891769409,1000.0,966.0137939453125,pair_11_pos,1,0.834337055683136,0.961917519569397,0.9266473650932312,926.6473388671875,piebench_5_change_attribute_pose_40_511000000001,0.7,10,structural_discrete,first_two
20260823,5_change_attribute_pose_40,0,images/piebench_5_change_attribute_pose_40_511000000001/first_two/early/pair_11_neg.jpg,images/piebench_5_change_attribute_pose_40_511000000001/first_two/final/pair_11_neg.jpg,3.5,Make the robot dog sit down.,11,1.0,0.9660137891769409,1000.0,966.0137939453125,pair_11_neg,-1,0.9036601781845093,0.9475826025009155,0.9266473650932312,926.6473388671875,piebench_5_change_attribute_pose_40_511000000001,0.7,10,structural_discrete,first_two
20260823,5_change_attribute_pose_40,0,images/piebench_5_change_attribute_pose_40_511000000001/first_two/early/pair_12_pos.jpg,images/piebench_5_change_attribute_pose_40_511000000001/first_two/final/pair_12_pos.jpg,3.5,Make the robot dog sit down.,12,1.0,0.9660137891769409,1000.0,966.0137939453125,pair_12_pos,1,0.8824923038482666,0.918680727481842,0.9266473650932312,926.6473388671875,piebench_5_change_attribute_pose_40_511000000001,0.7,10,structural_discrete,first_two
20260823,5_change_attribute_pose_40,0,images/piebench_5_change_attribute_pose_40_511000000001/first_two/early/pair_12_neg.jpg,images/piebench_5_change_attribute_pose_40_511000000001/first_two/final/pair_12_neg.jpg,3.5,Make the robot dog sit down.,12,1.0,0.9660137891769409,1000.0,966.0137939453125,pair_12_neg,-1,0.8543244004249573,0.9265600442886353,0.9266473650932312,926.6473388671875,piebench_5_change_attribute_pose_40_511000000001,0.7,10,structural_discrete,first_two
20260823,5_change_attribute_pose_40,0,images/piebench_5_change_attribute_pose_40_511000000001/first_two/early/pair_13_pos.jpg,images/piebench_5_change_attribute_pose_40_511000000001/first_two/final/pair_13_pos.jpg,3.5,Make the robot dog sit down.,13,1.0,0.9660137891769409,1000.0,966.0137939453125,pair_13_pos,1,0.9009488821029663,0.8960340619087219,0.9266473650932312,926.6473388671875,piebench_5_change_attribute_pose_40_511000000001,0.7,10,structural_discrete,first_two
20260823,5_change_attribute_pose_40,0,images/piebench_5_change_attribute_pose_40_511000000001/first_two/early/pair_13_neg.jpg,images/piebench_5_change_attribute_pose_40_511000000001/first_two/final/pair_13_neg.jpg,3.5,Make the robot dog sit down.,13,1.0,0.9660137891769409,1000.0,966.0137939453125,pair_13_neg,-1,0.9004901051521301,0.9391531944274902,0.9266473650932312,926.6473388671875,piebench_5_change_attribute_pose_40_511000000001,0.7,10,structural_discrete,first_two
20260823,5_change_attribute_pose_40,0,images/piebench_5_change_attribute_pose_40_511000000001/first_two/early/pair_14_pos.jpg,images/piebench_5_change_attribute_pose_40_511000000001/first_two/final/pair_14_pos.jpg,3.5,Make the robot dog sit down.,14,1.0,0.9660137891769409,1000.0,966.0137939453125,pair_14_pos,1,0.8269526958465576,0.9097902178764343,0.9266473650932312,926.6473388671875,piebench_5_change_attribute_pose_40_511000000001,0.7,10,structural_discrete,first_two
20260823,5_change_attribute_pose_40,0,images/piebench_5_change_attribute_pose_40_511000000001/first_two/early/pair_14_neg.jpg,images/piebench_5_change_attribute_pose_40_511000000001/first_two/final/pair_14_neg.jpg,3.5,Make the robot dog sit down.,14,1.0,0.9660137891769409,1000.0,966.0137939453125,pair_14_neg,-1,0.8836474418640137,0.90311199426651,0.9266473650932312,926.6473388671875,piebench_5_change_attribute_pose_40_511000000001,0.7,10,structural_discrete,first_two
20260823,5_change_attribute_pose_40,0,images/piebench_5_change_attribute_pose_40_511000000001/first_two/early/pair_15_pos.jpg,images/piebench_5_change_attribute_pose_40_511000000001/first_two/final/pair_15_pos.jpg,3.5,Make the robot dog sit down.,15,1.0,0.9660137891769409,1000.0,966.0137939453125,pair_15_pos,1,0.8959102034568787,0.9507787823677063,0.9266473650932312,926.6473388671875,piebench_5_change_attribute_pose_40_511000000001,0.7,10,structural_discrete,first_two
20260823,5_change_attribute_pose_40,0,images/piebench_5_change_attribute_pose_40_511000000001/first_two/early/pair_15_neg.jpg,images/piebench_5_change_attribute_pose_40_511000000001/first_two/final/pair_15_neg.jpg,3.5,Make the robot dog sit down.,15,1.0,0.9660137891769409,1000.0,966.0137939453125,pair_15_neg,-1,0.8653945326805115,0.9344568252563477,0.9266473650932312,926.6473388671875,piebench_5_change_attribute_pose_40_511000000001,0.7,10,structural_discrete,first_two
20260824,5_change_attribute_pose_40,0,images/piebench_5_change_attribute_pose_40_511000000002/first_only/early/pair_00_pos.jpg,images/piebench_5_change_attribute_pose_40_511000000002/first_only/final/pair_00_pos.jpg,3.5,Make the bear stand up.,0,1.0,,1000.0,,pair_00_pos,1,0.7068361043930054,0.8509312272071838,0.9660137891769409,966.0137939453125,piebench_5_change_attribute_pose_40_511000000002,0.7,10,structural_discrete,first_only
20260824,5_change_attribute_pose_40,0,images/piebench_5_change_attribute_pose_40_511000000002/first_only/early/pair_00_neg.jpg,images/piebench_5_change_attribute_pose_40_511000000002/first_only/final/pair_00_neg.jpg,3.5,Make the bear stand up.,0,1.0,,1000.0,,pair_00_neg,-1,0.7206772565841675,0.7886810898780823,0.9660137891769409,966.0137939453125,piebench_5_change_attribute_pose_40_511000000002,0.7,10,structural_discrete,first_only
20260824,5_change_attribute_pose_40,0,images/piebench_5_change_attribute_pose_40_511000000002/first_only/early/pair_01_pos.jpg,images/piebench_5_change_attribute_pose_40_511000000002/first_only/final/pair_01_pos.jpg,3.5,Make the bear stand up.,1,1.0,,1000.0,,pair_01_pos,1,0.7940452098846436,0.7977418303489685,0.9660137891769409,966.0137939453125,piebench_5_change_attribute_pose_40_511000000002,0.7,10,structural_discrete,first_only
20260824,5_change_attribute_pose_40,0,images/piebench_5_change_attribute_pose_40_511000000002/first_only/early/pair_01_neg.jpg,images/piebench_5_change_attribute_pose_40_511000000002/first_only/final/pair_01_neg.jpg,3.5,Make the bear stand up.,1,1.0,,1000.0,,pair_01_neg,-1,0.8428002595901489,0.9171873331069946,0.9660137891769409,966.0137939453125,piebench_5_change_attribute_pose_40_511000000002,0.7,10,structural_discrete,first_only
20260824,5_change_attribute_pose_40,0,images/piebench_5_change_attribute_pose_40_511000000002/first_only/early/pair_02_pos.jpg,images/piebench_5_change_attribute_pose_40_511000000002/first_only/final/pair_02_pos.jpg,3.5,Make the bear stand up.,2,1.0,,1000.0,,pair_02_pos,1,0.6940839290618896,0.8236582279205322,0.9660137891769409,966.0137939453125,piebench_5_change_attribute_pose_40_511000000002,0.7,10,structural_discrete,first_only
20260824,5_change_attribute_pose_40,0,images/piebench_5_change_attribute_pose_40_511000000002/first_only/early/pair_02_neg.jpg,images/piebench_5_change_attribute_pose_40_511000000002/first_only/final/pair_02_neg.jpg,3.5,Make the bear stand up.,2,1.0,,1000.0,,pair_02_neg,-1,0.7007904648780823,0.802577793598175,0.9660137891769409,966.0137939453125,piebench_5_change_attribute_pose_40_511000000002,0.7,10,structural_discrete,first_only
20260824,5_change_attribute_pose_40,0,images/piebench_5_change_attribute_pose_40_511000000002/first_only/early/pair_03_pos.jpg,images/piebench_5_change_attribute_pose_40_511000000002/first_only/final/pair_03_pos.jpg,3.5,Make the bear stand up.,3,1.0,,1000.0,,pair_03_pos,1,0.7603636384010315,0.8092536330223083,0.9660137891769409,966.0137939453125,piebench_5_change_attribute_pose_40_511000000002,0.7,10,structural_discrete,first_only
20260824,5_change_attribute_pose_40,0,images/piebench_5_change_attribute_pose_40_511000000002/first_only/early/pair_03_neg.jpg,images/piebench_5_change_attribute_pose_40_511000000002/first_only/final/pair_03_neg.jpg,3.5,Make the bear stand up.,3,1.0,,1000.0,,pair_03_neg,-1,0.7495805025100708,0.9072227478027344,0.9660137891769409,966.0137939453125,piebench_5_change_attribute_pose_40_511000000002,0.7,10,structural_discrete,first_only
20260824,5_change_attribute_pose_40,0,images/piebench_5_change_attribute_pose_40_511000000002/first_only/early/pair_04_pos.jpg,images/piebench_5_change_attribute_pose_40_511000000002/first_only/final/pair_04_pos.jpg,3.5,Make the bear stand up.,4,1.0,,1000.0,,pair_04_pos,1,0.7834867835044861,0.7999520301818848,0.9660137891769409,966.0137939453125,piebench_5_change_attribute_pose_40_511000000002,0.7,10,structural_discrete,first_only
20260824,5_change_attribute_pose_40,0,images/piebench_5_change_attribute_pose_40_511000000002/first_only/early/pair_04_neg.jpg,images/piebench_5_change_attribute_pose_40_511000000002/first_only/final/pair_04_neg.jpg,3.5,Make the bear stand up.,4,1.0,,1000.0,,pair_04_neg,-1,0.8121524453163147,0.9193292856216431,0.9660137891769409,966.0137939453125,piebench_5_change_attribute_pose_40_511000000002,0.7,10,structural_discrete,first_only
20260824,5_change_attribute_pose_40,0,images/piebench_5_change_attribute_pose_40_511000000002/first_only/early/pair_05_pos.jpg,images/piebench_5_change_attribute_pose_40_511000000002/first_only/final/pair_05_pos.jpg,3.5,Make the bear stand up.,5,1.0,,1000.0,,pair_05_pos,1,0.7413514256477356,0.7412014007568359,0.9660137891769409,966.0137939453125,piebench_5_change_attribute_pose_40_511000000002,0.7,10,structural_discrete,first_only
20260824,5_change_attribute_pose_40,0,images/piebench_5_change_attribute_pose_40_511000000002/first_only/early/pair_05_neg.jpg,images/piebench_5_change_attribute_pose_40_511000000002/first_only/final/pair_05_neg.jpg,3.5,Make the bear stand up.,5,1.0,,1000.0,,pair_05_neg,-1,0.6880367398262024,0.9128115773200989,0.9660137891769409,966.0137939453125,piebench_5_change_attribute_pose_40_511000000002,0.7,10,structural_discrete,first_only
20260824,5_change_attribute_pose_40,0,images/piebench_5_change_attribute_pose_40_511000000002/first_only/early/pair_06_pos.jpg,images/piebench_5_change_attribute_pose_40_511000000002/first_only/final/pair_06_pos.jpg,3.5,Make the bear stand up.,6,1.0,,1000.0,,pair_06_pos,1,0.7695304155349731,0.8876056671142578,0.9660137891769409,966.0137939453125,piebench_5_change_attribute_pose_40_511000000002,0.7,10,structural_discrete,first_only
20260824,5_change_attribute_pose_40,0,images/piebench_5_change_attribute_pose_40_511000000002/first_only/early/pair_06_neg.jpg,images/piebench_5_change_attribute_pose_40_511000000002/first_only/final/pair_06_neg.jpg,3.5,Make the bear stand up.,6,1.0,,1000.0,,pair_06_neg,-1,0.7601954340934753,0.6689980030059814,0.9660137891769409,966.0137939453125,piebench_5_change_attribute_pose_40_511000000002,0.7,10,structural_discrete,first_only
20260824,5_change_attribute_pose_40,0,images/piebench_5_change_attribute_pose_40_511000000002/first_only/early/pair_07_pos.jpg,images/piebench_5_change_attribute_pose_40_511000000002/first_only/final/pair_07_pos.jpg,3.5,Make the bear stand up.,7,1.0,,1000.0,,pair_07_pos,1,0.7221572995185852,0.8211237192153931,0.9660137891769409,966.0137939453125,piebench_5_change_attribute_pose_40_511000000002,0.7,10,structural_discrete,first_only
20260824,5_change_attribute_pose_40,0,images/piebench_5_change_attribute_pose_40_511000000002/first_only/early/pair_07_neg.jpg,images/piebench_5_change_attribute_pose_40_511000000002/first_only/final/pair_07_neg.jpg,3.5,Make the bear stand up.,7,1.0,,1000.0,,pair_07_neg,-1,0.8014380931854248,0.9044069051742554,0.9660137891769409,966.0137939453125,piebench_5_change_attribute_pose_40_511000000002,0.7,10,structural_discrete,first_only
20260824,5_change_attribute_pose_40,0,images/piebench_5_change_attribute_pose_40_511000000002/first_only/early/pair_08_pos.jpg,images/piebench_5_change_attribute_pose_40_511000000002/first_only/final/pair_08_pos.jpg,3.5,Make the bear stand up.,8,1.0,,1000.0,,pair_08_pos,1,0.7142359614372253,0.8177645802497864,0.9660137891769409,966.0137939453125,piebench_5_change_attribute_pose_40_511000000002,0.7,10,structural_discrete,first_only
20260824,5_change_attribute_pose_40,0,images/piebench_5_change_attribute_pose_40_511000000002/first_only/early/pair_08_neg.jpg,images/piebench_5_change_attribute_pose_40_511000000002/first_only/final/pair_08_neg.jpg,3.5,Make the bear stand up.,8,1.0,,1000.0,,pair_08_neg,-1,0.6676552891731262,0.8471831679344177,0.9660137891769409,966.0137939453125,piebench_5_change_attribute_pose_40_511000000002,0.7,10,structural_discrete,first_only
20260824,5_change_attribute_pose_40,0,images/piebench_5_change_attribute_pose_40_511000000002/first_only/early/pair_09_pos.jpg,images/piebench_5_change_attribute_pose_40_511000000002/first_only/final/pair_09_pos.jpg,3.5,Make the bear stand up.,9,1.0,,1000.0,,pair_09_pos,1,0.714311957359314,0.8099518418312073,0.9660137891769409,966.0137939453125,piebench_5_change_attribute_pose_40_511000000002,0.7,10,structural_discrete,first_only
20260824,5_change_attribute_pose_40,0,images/piebench_5_change_attribute_pose_40_511000000002/first_only/early/pair_09_neg.jpg,images/piebench_5_change_attribute_pose_40_511000000002/first_only/final/pair_09_neg.jpg,3.5,Make the bear stand up.,9,1.0,,1000.0,,pair_09_neg,-1,0.7708540558815002,0.8360440731048584,0.9660137891769409,966.0137939453125,piebench_5_change_attribute_pose_40_511000000002,0.7,10,structural_discrete,first_only
20260824,5_change_attribute_pose_40,0,images/piebench_5_change_attribute_pose_40_511000000002/first_only/early/pair_10_pos.jpg,images/piebench_5_change_attribute_pose_40_511000000002/first_only/final/pair_10_pos.jpg,3.5,Make the bear stand up.,10,1.0,,1000.0,,pair_10_pos,1,0.8102082014083862,0.9379143714904785,0.9660137891769409,966.0137939453125,piebench_5_change_attribute_pose_40_511000000002,0.7,10,structural_discrete,first_only
20260824,5_change_attribute_pose_40,0,images/piebench_5_change_attribute_pose_40_511000000002/first_only/early/pair_10_neg.jpg,images/piebench_5_change_attribute_pose_40_511000000002/first_only/final/pair_10_neg.jpg,3.5,Make the bear stand up.,10,1.0,,1000.0,,pair_10_neg,-1,0.683390736579895,0.8060683608055115,0.9660137891769409,966.0137939453125,piebench_5_change_attribute_pose_40_511000000002,0.7,10,structural_discrete,first_only
20260824,5_change_attribute_pose_40,0,images/piebench_5_change_attribute_pose_40_511000000002/first_only/early/pair_11_pos.jpg,images/piebench_5_change_attribute_pose_40_511000000002/first_only/final/pair_11_pos.jpg,3.5,Make the bear stand up.,11,1.0,,1000.0,,pair_11_pos,1,0.7539637088775635,0.8974835276603699,0.9660137891769409,966.0137939453125,piebench_5_change_attribute_pose_40_511000000002,0.7,10,structural_discrete,first_only
20260824,5_change_attribute_pose_40,0,images/piebench_5_change_attribute_pose_40_511000000002/first_only/early/pair_11_neg.jpg,images/piebench_5_change_attribute_pose_40_511000000002/first_only/final/pair_11_neg.jpg,3.5,Make the bear stand up.,11,1.0,,1000.0,,pair_11_neg,-1,0.7723162770271301,0.8972281217575073,0.9660137891769409,966.0137939453125,piebench_5_change_attribute_pose_40_511000000002,0.7,10,structural_discrete,first_only
20260824,5_change_attribute_pose_40,0,images/piebench_5_change_attribute_pose_40_511000000002/first_only/early/pair_12_pos.jpg,images/piebench_5_change_attribute_pose_40_511000000002/first_only/final/pair_12_pos.jpg,3.5,Make the bear stand up.,12,1.0,,1000.0,,pair_12_pos,1,0.7660908699035645,0.7726171612739563,0.9660137891769409,966.0137939453125,piebench_5_change_attribute_pose_40_511000000002,0.7,10,structural_discrete,first_only
20260824,5_change_attribute_pose_40,0,images/piebench_5_change_attribute_pose_40_511000000002/first_only/early/pair_12_neg.jpg,images/piebench_5_change_attribute_pose_40_511000000002/first_only/final/pair_12_neg.jpg,3.5,Make the bear stand up.,12,1.0,,1000.0,,pair_12_neg,-1,0.7178947925567627,0.7295153141021729,0.9660137891769409,966.0137939453125,piebench_5_change_attribute_pose_40_511000000002,0.7,10,structural_discrete,first_only
20260824,5_change_attribute_pose_40,0,images/piebench_5_change_attribute_pose_40_511000000002/first_only/early/pair_13_pos.jpg,images/piebench_5_change_attribute_pose_40_511000000002/first_only/final/pair_13_pos.jpg,3.5,Make the bear stand up.,13,1.0,,1000.0,,pair_13_pos,1,0.7427719831466675,0.925179660320282,0.9660137891769409,966.0137939453125,piebench_5_change_attribute_pose_40_511000000002,0.7,10,structural_discrete,first_only
20260824,5_change_attribute_pose_40,0,images/piebench_5_change_attribute_pose_40_511000000002/first_only/early/pair_13_neg.jpg,images/piebench_5_change_attribute_pose_40_511000000002/first_only/final/pair_13_neg.jpg,3.5,Make the bear stand up.,13,1.0,,1000.0,,pair_13_neg,-1,0.7280630469322205,0.7379283905029297,0.9660137891769409,966.0137939453125,piebench_5_change_attribute_pose_40_511000000002,0.7,10,structural_discrete,first_only
20260824,5_change_attribute_pose_40,0,images/piebench_5_change_attribute_pose_40_511000000002/first_only/early/pair_14_pos.jpg,images/piebench_5_change_attribute_pose_40_511000000002/first_only/final/pair_14_pos.jpg,3.5,Make the bear stand up.,14,1.0,,1000.0,,pair_14_pos,1,0.8046859502792358,0.848308265209198,0.9660137891769409,966.0137939453125,piebench_5_change_attribute_pose_40_511000000002,0.7,10,structural_discrete,first_only
20260824,5_change_attribute_pose_40,0,images/piebench_5_change_attribute_pose_40_511000000002/first_only/early/pair_14_neg.jpg,images/piebench_5_change_attribute_pose_40_511000000002/first_only/final/pair_14_neg.jpg,3.5,Make the bear stand up.,14,1.0,,1000.0,,pair_14_neg,-1,0.7719144225120544,0.765276312828064,0.9660137891769409,966.0137939453125,piebench_5_change_attribute_pose_40_511000000002,0.7,10,structural_discrete,first_only
20260824,5_change_attribute_pose_40,0,images/piebench_5_change_attribute_pose_40_511000000002/first_only/early/pair_15_pos.jpg,images/piebench_5_change_attribute_pose_40_511000000002/first_only/final/pair_15_pos.jpg,3.5,Make the bear stand up.,15,1.0,,1000.0,,pair_15_pos,1,0.7551372647285461,0.8861423134803772,0.9660137891769409,966.0137939453125,piebench_5_change_attribute_pose_40_511000000002,0.7,10,structural_discrete,first_only
20260824,5_change_attribute_pose_40,0,images/piebench_5_change_attribute_pose_40_511000000002/first_only/early/pair_15_neg.jpg,images/piebench_5_change_attribute_pose_40_511000000002/first_only/final/pair_15_neg.jpg,3.5,Make the bear stand up.,15,1.0,,1000.0,,pair_15_neg,-1,0.752769947052002,0.9037056565284729,0.9660137891769409,966.0137939453125,piebench_5_change_attribute_pose_40_511000000002,0.7,10,structural_discrete,first_only
20260824,5_change_attribute_pose_40,0,images/piebench_5_change_attribute_pose_40_511000000002/first_two/early/pair_00_pos.jpg,images/piebench_5_change_attribute_pose_40_511000000002/first_two/final/pair_00_pos.jpg,3.5,Make the bear stand up.,0,1.0,0.9660137891769409,1000.0,966.0137939453125,pair_00_pos,1,0.8090556263923645,0.8382905125617981,0.9266473650932312,926.6473388671875,piebench_5_change_attribute_pose_40_511000000002,0.7,10,structural_discrete,first_two
20260824,5_change_attribute_pose_40,0,images/piebench_5_change_attribute_pose_40_511000000002/first_two/early/pair_00_neg.jpg,images/piebench_5_change_attribute_pose_40_511000000002/first_two/final/pair_00_neg.jpg,3.5,Make the bear stand up.,0,1.0,0.9660137891769409,1000.0,966.0137939453125,pair_00_neg,-1,0.6197670698165894,0.8369362354278564,0.9266473650932312,926.6473388671875,piebench_5_change_attribute_pose_40_511000000002,0.7,10,structural_discrete,first_two
20260824,5_change_attribute_pose_40,0,images/piebench_5_change_attribute_pose_40_511000000002/first_two/early/pair_01_pos.jpg,images/piebench_5_change_attribute_pose_40_511000000002/first_two/final/pair_01_pos.jpg,3.5,Make the bear stand up.,1,1.0,0.9660137891769409,1000.0,966.0137939453125,pair_01_pos,1,0.7527033090591431,0.7395884990692139,0.9266473650932312,926.6473388671875,piebench_5_change_attribute_pose_40_511000000002,0.7,10,structural_discrete,first_two
20260824,5_change_attribute_pose_40,0,images/piebench_5_change_attribute_pose_40_511000000002/first_two/early/pair_01_neg.jpg,images/piebench_5_change_attribute_pose_40_511000000002/first_two/final/pair_01_neg.jpg,3.5,Make the bear stand up.,1,1.0,0.9660137891769409,1000.0,966.0137939453125,pair_01_neg,-1,0.8180735111236572,0.9251624941825867,0.9266473650932312,926.6473388671875,piebench_5_change_attribute_pose_40_511000000002,0.7,10,structural_discrete,first_two
20260824,5_change_attribute_pose_40,0,images/piebench_5_change_attribute_pose_40_511000000002/first_two/early/pair_02_pos.jpg,images/piebench_5_change_attribute_pose_40_511000000002/first_two/final/pair_02_pos.jpg,3.5,Make the bear stand up.,2,1.0,0.9660137891769409,1000.0,966.0137939453125,pair_02_pos,1,0.70476895570755,0.7510924339294434,0.9266473650932312,926.6473388671875,piebench_5_change_attribute_pose_40_511000000002,0.7,10,structural_discrete,first_two
20260824,5_change_attribute_pose_40,0,images/piebench_5_change_attribute_pose_40_511000000002/first_two/early/pair_02_neg.jpg,images/piebench_5_change_attribute_pose_40_511000000002/first_two/final/pair_02_neg.jpg,3.5,Make the bear stand up.,2,1.0,0.9660137891769409,1000.0,966.0137939453125,pair_02_neg,-1,0.7996237874031067,0.8514899015426636,0.9266473650932312,926.6473388671875,piebench_5_change_attribute_pose_40_511000000002,0.7,10,structural_discrete,first_two
20260824,5_change_attribute_pose_40,0,images/piebench_5_change_attribute_pose_40_511000000002/first_two/early/pair_03_pos.jpg,images/piebench_5_change_attribute_pose_40_511000000002/first_two/final/pair_03_pos.jpg,3.5,Make the bear stand up.,3,1.0,0.9660137891769409,1000.0,966.0137939453125,pair_03_pos,1,0.7642439603805542,0.6961477398872375,0.9266473650932312,926.6473388671875,piebench_5_change_attribute_pose_40_511000000002,0.7,10,structural_discrete,first_two
20260824,5_change_attribute_pose_40,0,images/piebench_5_change_attribute_pose_40_511000000002/first_two/early/pair_03_neg.jpg,images/piebench_5_change_attribute_pose_40_511000000002/first_two/final/pair_03_neg.jpg,3.5,Make the bear stand up.,3,1.0,0.9660137891769409,1000.0,966.0137939453125,pair_03_neg,-1,0.744062066078186,0.8039295077323914,0.9266473650932312,926.6473388671875,piebench_5_change_attribute_pose_40_511000000002,0.7,10,structural_discrete,first_two
20260824,5_change_attribute_pose_40,0,images/piebench_5_change_attribute_pose_40_511000000002/first_two/early/pair_04_pos.jpg,images/piebench_5_change_attribute_pose_40_511000000002/first_two/final/pair_04_pos.jpg,3.5,Make the bear stand up.,4,1.0,0.9660137891769409,1000.0,966.0137939453125,pair_04_pos,1,0.7470232248306274,0.7439166307449341,0.9266473650932312,926.6473388671875,piebench_5_change_attribute_pose_40_511000000002,0.7,10,structural_discrete,first_two
20260824,5_change_attribute_pose_40,0,images/piebench_5_change_attribute_pose_40_511000000002/first_two/early/pair_04_neg.jpg,images/piebench_5_change_attribute_pose_40_511000000002/first_two/final/pair_04_neg.jpg,3.5,Make the bear stand up.,4,1.0,0.9660137891769409,1000.0,966.0137939453125,pair_04_neg,-1,0.8440694212913513,0.8568140864372253,0.9266473650932312,926.6473388671875,piebench_5_change_attribute_pose_40_511000000002,0.7,10,structural_discrete,first_two
20260824,5_change_attribute_pose_40,0,images/piebench_5_change_attribute_pose_40_511000000002/first_two/early/pair_05_pos.jpg,images/piebench_5_change_attribute_pose_40_511000000002/first_two/final/pair_05_pos.jpg,3.5,Make the bear stand up.,5,1.0,0.9660137891769409,1000.0,966.0137939453125,pair_05_pos,1,0.7564896941184998,0.8147451281547546,0.9266473650932312,926.6473388671875,piebench_5_change_attribute_pose_40_511000000002,0.7,10,structural_discrete,first_two
20260824,5_change_attribute_pose_40,0,images/piebench_5_change_attribute_pose_40_511000000002/first_two/early/pair_05_neg.jpg,images/piebench_5_change_attribute_pose_40_511000000002/first_two/final/pair_05_neg.jpg,3.5,Make the bear stand up.,5,1.0,0.9660137891769409,1000.0,966.0137939453125,pair_05_neg,-1,0.7824234366416931,0.9535632133483887,0.9266473650932312,926.6473388671875,piebench_5_change_attribute_pose_40_511000000002,0.7,10,structural_discrete,first_two
20260824,5_change_attribute_pose_40,0,images/piebench_5_change_attribute_pose_40_511000000002/first_two/early/pair_06_pos.jpg,images/piebench_5_change_attribute_pose_40_511000000002/first_two/final/pair_06_pos.jpg,3.5,Make the bear stand up.,6,1.0,0.9660137891769409,1000.0,966.0137939453125,pair_06_pos,1,0.8500404357910156,0.8897056579589844,0.9266473650932312,926.6473388671875,piebench_5_change_attribute_pose_40_511000000002,0.7,10,structural_discrete,first_two
20260824,5_change_attribute_pose_40,0,images/piebench_5_change_attribute_pose_40_511000000002/first_two/early/pair_06_neg.jpg,images/piebench_5_change_attribute_pose_40_511000000002/first_two/final/pair_06_neg.jpg,3.5,Make the bear stand up.,6,1.0,0.9660137891769409,1000.0,966.0137939453125,pair_06_neg,-1,0.7877005934715271,0.6368178725242615,0.9266473650932312,926.6473388671875,piebench_5_change_attribute_pose_40_511000000002,0.7,10,structural_discrete,first_two
20260824,5_change_attribute_pose_40,0,images/piebench_5_change_attribute_pose_40_511000000002/first_two/early/pair_07_pos.jpg,images/piebench_5_change_attribute_pose_40_511000000002/first_two/final/pair_07_pos.jpg,3.5,Make the bear stand up.,7,1.0,0.9660137891769409,1000.0,966.0137939453125,pair_07_pos,1,0.7676666975021362,0.7523295879364014,0.9266473650932312,926.6473388671875,piebench_5_change_attribute_pose_40_511000000002,0.7,10,structural_discrete,first_two
20260824,5_change_attribute_pose_40,0,images/piebench_5_change_attribute_pose_40_511000000002/first_two/early/pair_07_neg.jpg,images/piebench_5_change_attribute_pose_40_511000000002/first_two/final/pair_07_neg.jpg,3.5,Make the bear stand up.,7,1.0,0.9660137891769409,1000.0,966.0137939453125,pair_07_neg,-1,0.7799402475357056,0.7394592761993408,0.9266473650932312,926.6473388671875,piebench_5_change_attribute_pose_40_511000000002,0.7,10,structural_discrete,first_two
20260824,5_change_attribute_pose_40,0,images/piebench_5_change_attribute_pose_40_511000000002/first_two/early/pair_08_pos.jpg,images/piebench_5_change_attribute_pose_40_511000000002/first_two/final/pair_08_pos.jpg,3.5,Make the bear stand up.,8,1.0,0.9660137891769409,1000.0,966.0137939453125,pair_08_pos,1,0.8057754635810852,0.8230246901512146,0.9266473650932312,926.6473388671875,piebench_5_change_attribute_pose_40_511000000002,0.7,10,structural_discrete,first_two
20260824,5_change_attribute_pose_40,0,images/piebench_5_change_attribute_pose_40_511000000002/first_two/early/pair_08_neg.jpg,images/piebench_5_change_attribute_pose_40_511000000002/first_two/final/pair_08_neg.jpg,3.5,Make the bear stand up.,8,1.0,0.9660137891769409,1000.0,966.0137939453125,pair_08_neg,-1,0.7338162064552307,0.8315242528915405,0.9266473650932312,926.6473388671875,piebench_5_change_attribute_pose_40_511000000002,0.7,10,structural_discrete,first_two
20260824,5_change_attribute_pose_40,0,images/piebench_5_change_attribute_pose_40_511000000002/first_two/early/pair_09_pos.jpg,images/piebench_5_change_attribute_pose_40_511000000002/first_two/final/pair_09_pos.jpg,3.5,Make the bear stand up.,9,1.0,0.9660137891769409,1000.0,966.0137939453125,pair_09_pos,1,0.8315374255180359,0.7836530804634094,0.9266473650932312,926.6473388671875,piebench_5_change_attribute_pose_40_511000000002,0.7,10,structural_discrete,first_two
20260824,5_change_attribute_pose_40,0,images/piebench_5_change_attribute_pose_40_511000000002/first_two/early/pair_09_neg.jpg,images/piebench_5_change_attribute_pose_40_511000000002/first_two/final/pair_09_neg.jpg,3.5,Make the bear stand up.,9,1.0,0.9660137891769409,1000.0,966.0137939453125,pair_09_neg,-1,0.794447124004364,0.7374046444892883,0.9266473650932312,926.6473388671875,piebench_5_change_attribute_pose_40_511000000002,0.7,10,structural_discrete,first_two
20260824,5_change_attribute_pose_40,0,images/piebench_5_change_attribute_pose_40_511000000002/first_two/early/pair_10_pos.jpg,images/piebench_5_change_attribute_pose_40_511000000002/first_two/final/pair_10_pos.jpg,3.5,Make the bear stand up.,10,1.0,0.9660137891769409,1000.0,966.0137939453125,pair_10_pos,1,0.8291656970977783,0.8826355338096619,0.9266473650932312,926.6473388671875,piebench_5_change_attribute_pose_40_511000000002,0.7,10,structural_discrete,first_two
20260824,5_change_attribute_pose_40,0,images/piebench_5_change_attribute_pose_40_511000000002/first_two/early/pair_10_neg.jpg,images/piebench_5_change_attribute_pose_40_511000000002/first_two/final/pair_10_neg.jpg,3.5,Make the bear stand up.,10,1.0,0.9660137891769409,1000.0,966.0137939453125,pair_10_neg,-1,0.6124826073646545,0.722912073135376,0.9266473650932312,926.6473388671875,piebench_5_change_attribute_pose_40_511000000002,0.7,10,structural_discrete,first_two
20260824,5_change_attribute_pose_40,0,images/piebench_5_change_attribute_pose_40_511000000002/first_two/early/pair_11_pos.jpg,images/piebench_5_change_attribute_pose_40_511000000002/first_two/final/pair_11_pos.jpg,3.5,Make the bear stand up.,11,1.0,0.9660137891769409,1000.0,966.0137939453125,pair_11_pos,1,0.6725733280181885,0.8552154302597046,0.9266473650932312,926.6473388671875,piebench_5_change_attribute_pose_40_511000000002,0.7,10,structural_discrete,first_two
20260824,5_change_attribute_pose_40,0,images/piebench_5_change_attribute_pose_40_511000000002/first_two/early/pair_11_neg.jpg,images/piebench_5_change_attribute_pose_40_511000000002/first_two/final/pair_11_neg.jpg,3.5,Make the bear stand up.,11,1.0,0.9660137891769409,1000.0,966.0137939453125,pair_11_neg,-1,0.8964084386825562,0.8851275444030762,0.9266473650932312,926.6473388671875,piebench_5_change_attribute_pose_40_511000000002,0.7,10,structural_discrete,first_two
20260824,5_change_attribute_pose_40,0,images/piebench_5_change_attribute_pose_40_511000000002/first_two/early/pair_12_pos.jpg,images/piebench_5_change_attribute_pose_40_511000000002/first_two/final/pair_12_pos.jpg,3.5,Make the bear stand up.,12,1.0,0.9660137891769409,1000.0,966.0137939453125,pair_12_pos,1,0.8308942914009094,0.7752679586410522,0.9266473650932312,926.6473388671875,piebench_5_change_attribute_pose_40_511000000002,0.7,10,structural_discrete,first_two
20260824,5_change_attribute_pose_40,0,images/piebench_5_change_attribute_pose_40_511000000002/first_two/early/pair_12_neg.jpg,images/piebench_5_change_attribute_pose_40_511000000002/first_two/final/pair_12_neg.jpg,3.5,Make the bear stand up.,12,1.0,0.9660137891769409,1000.0,966.0137939453125,pair_12_neg,-1,0.6778059601783752,0.7126826047897339,0.9266473650932312,926.6473388671875,piebench_5_change_attribute_pose_40_511000000002,0.7,10,structural_discrete,first_two
20260824,5_change_attribute_pose_40,0,images/piebench_5_change_attribute_pose_40_511000000002/first_two/early/pair_13_pos.jpg,images/piebench_5_change_attribute_pose_40_511000000002/first_two/final/pair_13_pos.jpg,3.5,Make the bear stand up.,13,1.0,0.9660137891769409,1000.0,966.0137939453125,pair_13_pos,1,0.8524280190467834,0.8552341461181641,0.9266473650932312,926.6473388671875,piebench_5_change_attribute_pose_40_511000000002,0.7,10,structural_discrete,first_two
20260824,5_change_attribute_pose_40,0,images/piebench_5_change_attribute_pose_40_511000000002/first_two/early/pair_13_neg.jpg,images/piebench_5_change_attribute_pose_40_511000000002/first_two/final/pair_13_neg.jpg,3.5,Make the bear stand up.,13,1.0,0.9660137891769409,1000.0,966.0137939453125,pair_13_neg,-1,0.7672936916351318,0.7247510552406311,0.9266473650932312,926.6473388671875,piebench_5_change_attribute_pose_40_511000000002,0.7,10,structural_discrete,first_two
20260824,5_change_attribute_pose_40,0,images/piebench_5_change_attribute_pose_40_511000000002/first_two/early/pair_14_pos.jpg,images/piebench_5_change_attribute_pose_40_511000000002/first_two/final/pair_14_pos.jpg,3.5,Make the bear stand up.,14,1.0,0.9660137891769409,1000.0,966.0137939453125,pair_14_pos,1,0.7086238265037537,0.7577770352363586,0.9266473650932312,926.6473388671875,piebench_5_change_attribute_pose_40_511000000002,0.7,10,structural_discrete,first_two
20260824,5_change_attribute_pose_40,0,images/piebench_5_change_attribute_pose_40_511000000002/first_two/early/pair_14_neg.jpg,images/piebench_5_change_attribute_pose_40_511000000002/first_two/final/pair_14_neg.jpg,3.5,Make the bear stand up.,14,1.0,0.9660137891769409,1000.0,966.0137939453125,pair_14_neg,-1,0.7762663960456848,0.8946376442909241,0.9266473650932312,926.6473388671875,piebench_5_change_attribute_pose_40_511000000002,0.7,10,structural_discrete,first_two
20260824,5_change_attribute_pose_40,0,images/piebench_5_change_attribute_pose_40_511000000002/first_two/early/pair_15_pos.jpg,images/piebench_5_change_attribute_pose_40_511000000002/first_two/final/pair_15_pos.jpg,3.5,Make the bear stand up.,15,1.0,0.9660137891769409,1000.0,966.0137939453125,pair_15_pos,1,0.8198180198669434,0.8464852571487427,0.9266473650932312,926.6473388671875,piebench_5_change_attribute_pose_40_511000000002,0.7,10,structural_discrete,first_two
20260824,5_change_attribute_pose_40,0,images/piebench_5_change_attribute_pose_40_511000000002/first_two/early/pair_15_neg.jpg,images/piebench_5_change_attribute_pose_40_511000000002/first_two/final/pair_15_neg.jpg,3.5,Make the bear stand up.,15,1.0,0.9660137891769409,1000.0,966.0137939453125,pair_15_neg,-1,0.8574846982955933,0.8432611227035522,0.9266473650932312,926.6473388671875,piebench_5_change_attribute_pose_40_511000000002,0.7,10,structural_discrete,first_two
20260842,6_change_attribute_color_40,0,images/piebench_6_change_attribute_color_40_611000000000/first_only/early/pair_00_pos.jpg,images/piebench_6_change_attribute_color_40_611000000000/first_only/final/pair_00_pos.jpg,3.5,Change the raven from black to white.,0,1.0,,1000.0,,pair_00_pos,1,0.9466374516487122,1.0025479793548584,0.9660137891769409,966.0137939453125,piebench_6_change_attribute_color_40_611000000000,0.7,10,appearance_like,first_only
20260842,6_change_attribute_color_40,0,images/piebench_6_change_attribute_color_40_611000000000/first_only/early/pair_00_neg.jpg,images/piebench_6_change_attribute_color_40_611000000000/first_only/final/pair_00_neg.jpg,3.5,Change the raven from black to white.,0,1.0,,1000.0,,pair_00_neg,-1,0.8266192078590393,0.9991780519485474,0.9660137891769409,966.0137939453125,piebench_6_change_attribute_color_40_611000000000,0.7,10,appearance_like,first_only
20260842,6_change_attribute_color_40,0,images/piebench_6_change_attribute_color_40_611000000000/first_only/early/pair_01_pos.jpg,images/piebench_6_change_attribute_color_40_611000000000/first_only/final/pair_01_pos.jpg,3.5,Change the raven from black to white.,1,1.0,,1000.0,,pair_01_pos,1,0.9163020253181458,1.0066611766815186,0.9660137891769409,966.0137939453125,piebench_6_change_attribute_color_40_611000000000,0.7,10,appearance_like,first_only
20260842,6_change_attribute_color_40,0,images/piebench_6_change_attribute_color_40_611000000000/first_only/early/pair_01_neg.jpg,images/piebench_6_change_attribute_color_40_611000000000/first_only/final/pair_01_neg.jpg,3.5,Change the raven from black to white.,1,1.0,,1000.0,,pair_01_neg,-1,0.8419145941734314,0.9980565309524536,0.9660137891769409,966.0137939453125,piebench_6_change_attribute_color_40_611000000000,0.7,10,appearance_like,first_only
20260842,6_change_attribute_color_40,0,images/piebench_6_change_attribute_color_40_611000000000/first_only/early/pair_02_pos.jpg,images/piebench_6_change_attribute_color_40_611000000000/first_only/final/pair_02_pos.jpg,3.5,Change the raven from black to white.,2,1.0,,1000.0,,pair_02_pos,1,0.9347245693206787,1.0046954154968262,0.9660137891769409,966.0137939453125,piebench_6_change_attribute_color_40_611000000000,0.7,10,appearance_like,first_only
20260842,6_change_attribute_color_40,0,images/piebench_6_change_attribute_color_40_611000000000/first_only/early/pair_02_neg.jpg,images/piebench_6_change_attribute_color_40_611000000000/first_only/final/pair_02_neg.jpg,3.5,Change the raven from black to white.,2,1.0,,1000.0,,pair_02_neg,-1,0.8313643932342529,1.0001505613327026,0.9660137891769409,966.0137939453125,piebench_6_change_attribute_color_40_611000000000,0.7,10,appearance_like,first_only
20260842,6_change_attribute_color_40,0,images/piebench_6_change_attribute_color_40_611000000000/first_only/early/pair_03_pos.jpg,images/piebench_6_change_attribute_color_40_611000000000/first_only/final/pair_03_pos.jpg,3.5,Change the raven from black to white.,3,1.0,,1000.0,,pair_03_pos,1,0.8820363283157349,1.0120456218719482,0.9660137891769409,966.0137939453125,piebench_6_change_attribute_color_40_611000000000,0.7,10,appearance_like,first_only
20260842,6_change_attribute_color_40,0,images/piebench_6_change_attribute_color_40_611000000000/first_only/early/pair_03_neg.jpg,images/piebench_6_change_attribute_color_40_611000000000/first_only/final/pair_03_neg.jpg,3.5,Change the raven from black to white.,3,1.0,,1000.0,,pair_03_neg,-1,0.8561750650405884,0.9949643015861511,0.9660137891769409,966.0137939453125,piebench_6_change_attribute_color_40_611000000000,0.7,10,appearance_like,first_only
20260842,6_change_attribute_color_40,0,images/piebench_6_change_attribute_color_40_611000000000/first_only/early/pair_04_pos.jpg,images/piebench_6_change_attribute_color_40_611000000000/first_only/final/pair_04_pos.jpg,3.5,Change the raven from black to white.,4,1.0,,1000.0,,pair_04_pos,1,0.8611453771591187,1.0163896083831787,0.9660137891769409,966.0137939453125,piebench_6_change_attribute_color_40_611000000000,0.7,10,appearance_like,first_only
20260842,6_change_attribute_color_40,0,images/piebench_6_change_attribute_color_40_611000000000/first_only/early/pair_04_neg.jpg,images/piebench_6_change_attribute_color_40_611000000000/first_only/final/pair_04_neg.jpg,3.5,Change the raven from black to white.,4,1.0,,1000.0,,pair_04_neg,-1,0.8938319087028503,0.9968643188476562,0.9660137891769409,966.0137939453125,piebench_6_change_attribute_color_40_611000000000,0.7,10,appearance_like,first_only
20260842,6_change_attribute_color_40,0,images/piebench_6_change_attribute_color_40_611000000000/first_only/early/pair_05_pos.jpg,images/piebench_6_change_attribute_color_40_611000000000/first_only/final/pair_05_pos.jpg,3.5,Change the raven from black to white.,5,1.0,,1000.0,,pair_05_pos,1,0.8949761390686035,0.9936802983283997,0.9660137891769409,966.0137939453125,piebench_6_change_attribute_color_40_611000000000,0.7,10,appearance_like,first_only
20260842,6_change_attribute_color_40,0,images/piebench_6_change_attribute_color_40_611000000000/first_only/early/pair_05_neg.jpg,images/piebench_6_change_attribute_color_40_611000000000/first_only/final/pair_05_neg.jpg,3.5,Change the raven from black to white.,5,1.0,,1000.0,,pair_05_neg,-1,0.8697385787963867,1.0094746351242065,0.9660137891769409,966.0137939453125,piebench_6_change_attribute_color_40_611000000000,0.7,10,appearance_like,first_only
20260842,6_change_attribute_color_40,0,images/piebench_6_change_attribute_color_40_611000000000/first_only/early/pair_06_pos.jpg,images/piebench_6_change_attribute_color_40_611000000000/first_only/final/pair_06_pos.jpg,3.5,Change the raven from black to white.,6,1.0,,1000.0,,pair_06_pos,1,0.8895742297172546,0.9875761270523071,0.9660137891769409,966.0137939453125,piebench_6_change_attribute_color_40_611000000000,0.7,10,appearance_like,first_only
20260842,6_change_attribute_color_40,0,images/piebench_6_change_attribute_color_40_611000000000/first_only/early/pair_06_neg.jpg,images/piebench_6_change_attribute_color_40_611000000000/first_only/final/pair_06_neg.jpg,3.5,Change the raven from black to white.,6,1.0,,1000.0,,pair_06_neg,-1,0.8827758431434631,0.9983709454536438,0.9660137891769409,966.0137939453125,piebench_6_change_attribute_color_40_611000000000,0.7,10,appearance_like,first_only
20260842,6_change_attribute_color_40,0,images/piebench_6_change_attribute_color_40_611000000000/first_only/early/pair_07_pos.jpg,images/piebench_6_change_attribute_color_40_611000000000/first_only/final/pair_07_pos.jpg,3.5,Change the raven from black to white.,7,1.0,,1000.0,,pair_07_pos,1,0.8850011229515076,1.0036214590072632,0.9660137891769409,966.0137939453125,piebench_6_change_attribute_color_40_611000000000,0.7,10,appearance_like,first_only
20260842,6_change_attribute_color_40,0,images/piebench_6_change_attribute_color_40_611000000000/first_only/early/pair_07_neg.jpg,images/piebench_6_change_attribute_color_40_611000000000/first_only/final/pair_07_neg.jpg,3.5,Change the raven from black to white.,7,1.0,,1000.0,,pair_07_neg,-1,0.8577931523323059,1.0100185871124268,0.9660137891769409,966.0137939453125,piebench_6_change_attribute_color_40_611000000000,0.7,10,appearance_like,first_only
20260842,6_change_attribute_color_40,0,images/piebench_6_change_attribute_color_40_611000000000/first_only/early/pair_08_pos.jpg,images/piebench_6_change_attribute_color_40_611000000000/first_only/final/pair_08_pos.jpg,3.5,Change the raven from black to white.,8,1.0,,1000.0,,pair_08_pos,1,0.8867156505584717,0.986699640750885,0.9660137891769409,966.0137939453125,piebench_6_change_attribute_color_40_611000000000,0.7,10,appearance_like,first_only
20260842,6_change_attribute_color_40,0,images/piebench_6_change_attribute_color_40_611000000000/first_only/early/pair_08_neg.jpg,images/piebench_6_change_attribute_color_40_611000000000/first_only/final/pair_08_neg.jpg,3.5,Change the raven from black to white.,8,1.0,,1000.0,,pair_08_neg,-1,0.9087437987327576,1.0067894458770752,0.9660137891769409,966.0137939453125,piebench_6_change_attribute_color_40_611000000000,0.7,10,appearance_like,first_only
20260842,6_change_attribute_color_40,0,images/piebench_6_change_attribute_color_40_611000000000/first_only/early/pair_09_pos.jpg,images/piebench_6_change_attribute_color_40_611000000000/first_only/final/pair_09_pos.jpg,3.5,Change the raven from black to white.,9,1.0,,1000.0,,pair_09_pos,1,0.8923403024673462,1.0107275247573853,0.9660137891769409,966.0137939453125,piebench_6_change_attribute_color_40_611000000000,0.7,10,appearance_like,first_only
20260842,6_change_attribute_color_40,0,images/piebench_6_change_attribute_color_40_611000000000/first_only/early/pair_09_neg.jpg,images/piebench_6_change_attribute_color_40_611000000000/first_only/final/pair_09_neg.jpg,3.5,Change the raven from black to white.,9,1.0,,1000.0,,pair_09_neg,-1,0.8722901940345764,0.9967443346977234,0.9660137891769409,966.0137939453125,piebench_6_change_attribute_color_40_611000000000,0.7,10,appearance_like,first_only
20260842,6_change_attribute_color_40,0,images/piebench_6_change_attribute_color_40_611000000000/first_only/early/pair_10_pos.jpg,images/piebench_6_change_attribute_color_40_611000000000/first_only/final/pair_10_pos.jpg,3.5,Change the raven from black to white.,10,1.0,,1000.0,,pair_10_pos,1,0.9088073968887329,0.99992835521698,0.9660137891769409,966.0137939453125,piebench_6_change_attribute_color_40_611000000000,0.7,10,appearance_like,first_only
20260842,6_change_attribute_color_40,0,images/piebench_6_change_attribute_color_40_611000000000/first_only/early/pair_10_neg.jpg,images/piebench_6_change_attribute_color_40_611000000000/first_only/final/pair_10_neg.jpg,3.5,Change the raven from black to white.,10,1.0,,1000.0,,pair_10_neg,-1,0.8423666954040527,0.9991815686225891,0.9660137891769409,966.0137939453125,piebench_6_change_attribute_color_40_611000000000,0.7,10,appearance_like,first_only
20260842,6_change_attribute_color_40,0,images/piebench_6_change_attribute_color_40_611000000000/first_only/early/pair_11_pos.jpg,images/piebench_6_change_attribute_color_40_611000000000/first_only/final/pair_11_pos.jpg,3.5,Change the raven from black to white.,11,1.0,,1000.0,,pair_11_pos,1,0.8493653535842896,0.9993398189544678,0.9660137891769409,966.0137939453125,piebench_6_change_attribute_color_40_611000000000,0.7,10,appearance_like,first_only
20260842,6_change_attribute_color_40,0,images/piebench_6_change_attribute_color_40_611000000000/first_only/early/pair_11_neg.jpg,images/piebench_6_change_attribute_color_40_611000000000/first_only/final/pair_11_neg.jpg,3.5,Change the raven from black to white.,11,1.0,,1000.0,,pair_11_neg,-1,0.921381950378418,1.0197367668151855,0.9660137891769409,966.0137939453125,piebench_6_change_attribute_color_40_611000000000,0.7,10,appearance_like,first_only
20260842,6_change_attribute_color_40,0,images/piebench_6_change_attribute_color_40_611000000000/first_only/early/pair_12_pos.jpg,images/piebench_6_change_attribute_color_40_611000000000/first_only/final/pair_12_pos.jpg,3.5,Change the raven from black to white.,12,1.0,,1000.0,,pair_12_pos,1,0.874092698097229,0.9974520206451416,0.9660137891769409,966.0137939453125,piebench_6_change_attribute_color_40_611000000000,0.7,10,appearance_like,first_only
20260842,6_change_attribute_color_40,0,images/piebench_6_change_attribute_color_40_611000000000/first_only/early/pair_12_neg.jpg,images/piebench_6_change_attribute_color_40_611000000000/first_only/final/pair_12_neg.jpg,3.5,Change the raven from black to white.,12,1.0,,1000.0,,pair_12_neg,-1,0.8807481527328491,0.9963356852531433,0.9660137891769409,966.0137939453125,piebench_6_change_attribute_color_40_611000000000,0.7,10,appearance_like,first_only
20260842,6_change_attribute_color_40,0,images/piebench_6_change_attribute_color_40_611000000000/first_only/early/pair_13_pos.jpg,images/piebench_6_change_attribute_color_40_611000000000/first_only/final/pair_13_pos.jpg,3.5,Change the raven from black to white.,13,1.0,,1000.0,,pair_13_pos,1,0.8811426758766174,1.0148251056671143,0.9660137891769409,966.0137939453125,piebench_6_change_attribute_color_40_611000000000,0.7,10,appearance_like,first_only
20260842,6_change_attribute_color_40,0,images/piebench_6_change_attribute_color_40_611000000000/first_only/early/pair_13_neg.jpg,images/piebench_6_change_attribute_color_40_611000000000/first_only/final/pair_13_neg.jpg,3.5,Change the raven from black to white.,13,1.0,,1000.0,,pair_13_neg,-1,0.8654820919036865,0.9896965026855469,0.9660137891769409,966.0137939453125,piebench_6_change_attribute_color_40_611000000000,0.7,10,appearance_like,first_only
20260842,6_change_attribute_color_40,0,images/piebench_6_change_attribute_color_40_611000000000/first_only/early/pair_14_pos.jpg,images/piebench_6_change_attribute_color_40_611000000000/first_only/final/pair_14_pos.jpg,3.5,Change the raven from black to white.,14,1.0,,1000.0,,pair_14_pos,1,0.8695275783538818,1.0109318494796753,0.9660137891769409,966.0137939453125,piebench_6_change_attribute_color_40_611000000000,0.7,10,appearance_like,first_only
20260842,6_change_attribute_color_40,0,images/piebench_6_change_attribute_color_40_611000000000/first_only/early/pair_14_neg.jpg,images/piebench_6_change_attribute_color_40_611000000000/first_only/final/pair_14_neg.jpg,3.5,Change the raven from black to white.,14,1.0,,1000.0,,pair_14_neg,-1,0.9312864542007446,0.9959630370140076,0.9660137891769409,966.0137939453125,piebench_6_change_attribute_color_40_611000000000,0.7,10,appearance_like,first_only
20260842,6_change_attribute_color_40,0,images/piebench_6_change_attribute_color_40_611000000000/first_only/early/pair_15_pos.jpg,images/piebench_6_change_attribute_color_40_611000000000/first_only/final/pair_15_pos.jpg,3.5,Change the raven from black to white.,15,1.0,,1000.0,,pair_15_pos,1,0.8615970611572266,0.9862959384918213,0.9660137891769409,966.0137939453125,piebench_6_change_attribute_color_40_611000000000,0.7,10,appearance_like,first_only
20260842,6_change_attribute_color_40,0,images/piebench_6_change_attribute_color_40_611000000000/first_only/early/pair_15_neg.jpg,images/piebench_6_change_attribute_color_40_611000000000/first_only/final/pair_15_neg.jpg,3.5,Change the raven from black to white.,15,1.0,,1000.0,,pair_15_neg,-1,0.900320827960968,1.0070501565933228,0.9660137891769409,966.0137939453125,piebench_6_change_attribute_color_40_611000000000,0.7,10,appearance_like,first_only
20260842,6_change_attribute_color_40,0,images/piebench_6_change_attribute_color_40_611000000000/first_two/early/pair_00_pos.jpg,images/piebench_6_change_attribute_color_40_611000000000/first_two/final/pair_00_pos.jpg,3.5,Change the raven from black to white.,0,1.0,0.9660137891769409,1000.0,966.0137939453125,pair_00_pos,1,0.924414873123169,1.0002312660217285,0.9266473650932312,926.6473388671875,piebench_6_change_attribute_color_40_611000000000,0.7,10,appearance_like,first_two
20260842,6_change_attribute_color_40,0,images/piebench_6_change_attribute_color_40_611000000000/first_two/early/pair_00_neg.jpg,images/piebench_6_change_attribute_color_40_611000000000/first_two/final/pair_00_neg.jpg,3.5,Change the raven from black to white.,0,1.0,0.9660137891769409,1000.0,966.0137939453125,pair_00_neg,-1,0.9599584937095642,1.0111464262008667,0.9266473650932312,926.6473388671875,piebench_6_change_attribute_color_40_611000000000,0.7,10,appearance_like,first_two
20260842,6_change_attribute_color_40,0,images/piebench_6_change_attribute_color_40_611000000000/first_two/early/pair_01_pos.jpg,images/piebench_6_change_attribute_color_40_611000000000/first_two/final/pair_01_pos.jpg,3.5,Change the raven from black to white.,1,1.0,0.9660137891769409,1000.0,966.0137939453125,pair_01_pos,1,0.9634562730789185,0.9993813633918762,0.9266473650932312,926.6473388671875,piebench_6_change_attribute_color_40_611000000000,0.7,10,appearance_like,first_two
20260842,6_change_attribute_color_40,0,images/piebench_6_change_attribute_color_40_611000000000/first_two/early/pair_01_neg.jpg,images/piebench_6_change_attribute_color_40_611000000000/first_two/final/pair_01_neg.jpg,3.5,Change the raven from black to white.,1,1.0,0.9660137891769409,1000.0,966.0137939453125,pair_01_neg,-1,0.9314199090003967,1.022544503211975,0.9266473650932312,926.6473388671875,piebench_6_change_attribute_color_40_611000000000,0.7,10,appearance_like,first_two
20260842,6_change_attribute_color_40,0,images/piebench_6_change_attribute_color_40_611000000000/first_two/early/pair_02_pos.jpg,images/piebench_6_change_attribute_color_40_611000000000/first_two/final/pair_02_pos.jpg,3.5,Change the raven from black to white.,2,1.0,0.9660137891769409,1000.0,966.0137939453125,pair_02_pos,1,0.9621714949607849,1.0375957489013672,0.9266473650932312,926.6473388671875,piebench_6_change_attribute_color_40_611000000000,0.7,10,appearance_like,first_two
20260842,6_change_attribute_color_40,0,images/piebench_6_change_attribute_color_40_611000000000/first_two/early/pair_02_neg.jpg,images/piebench_6_change_attribute_color_40_611000000000/first_two/final/pair_02_neg.jpg,3.5,Change the raven from black to white.,2,1.0,0.9660137891769409,1000.0,966.0137939453125,pair_02_neg,-1,0.9313037395477295,1.0046828985214233,0.9266473650932312,926.6473388671875,piebench_6_change_attribute_color_40_611000000000,0.7,10,appearance_like,first_two
20260842,6_change_attribute_color_40,0,images/piebench_6_change_attribute_color_40_611000000000/first_two/early/pair_03_pos.jpg,images/piebench_6_change_attribute_color_40_611000000000/first_two/final/pair_03_pos.jpg,3.5,Change the raven from black to white.,3,1.0,0.9660137891769409,1000.0,966.0137939453125,pair_03_pos,1,0.9501829147338867,1.0172665119171143,0.9266473650932312,926.6473388671875,piebench_6_change_attribute_color_40_611000000000,0.7,10,appearance_like,first_two
20260842,6_change_attribute_color_40,0,images/piebench_6_change_attribute_color_40_611000000000/first_two/early/pair_03_neg.jpg,images/piebench_6_change_attribute_color_40_611000000000/first_two/final/pair_03_neg.jpg,3.5,Change the raven from black to white.,3,1.0,0.9660137891769409,1000.0,966.0137939453125,pair_03_neg,-1,0.9612880945205688,1.0063124895095825,0.9266473650932312,926.6473388671875,piebench_6_change_attribute_color_40_611000000000,0.7,10,appearance_like,first_two
20260842,6_change_attribute_color_40,0,images/piebench_6_change_attribute_color_40_611000000000/first_two/early/pair_04_pos.jpg,images/piebench_6_change_attribute_color_40_611000000000/first_two/final/pair_04_pos.jpg,3.5,Change the raven from black to white.,4,1.0,0.9660137891769409,1000.0,966.0137939453125,pair_04_pos,1,0.9738747477531433,1.023982286453247,0.9266473650932312,926.6473388671875,piebench_6_change_attribute_color_40_611000000000,0.7,10,appearance_like,first_two
20260842,6_change_attribute_color_40,0,images/piebench_6_change_attribute_color_40_611000000000/first_two/early/pair_04_neg.jpg,images/piebench_6_change_attribute_color_40_611000000000/first_two/final/pair_04_neg.jpg,3.5,Change the raven from black to white.,4,1.0,0.9660137891769409,1000.0,966.0137939453125,pair_04_neg,-1,0.9490230083465576,1.0066672563552856,0.9266473650932312,926.6473388671875,piebench_6_change_attribute_color_40_611000000000,0.7,10,appearance_like,first_two
20260842,6_change_attribute_color_40,0,images/piebench_6_change_attribute_color_40_611000000000/first_two/early/pair_05_pos.jpg,images/piebench_6_change_attribute_color_40_611000000000/first_two/final/pair_05_pos.jpg,3.5,Change the raven from black to white.,5,1.0,0.9660137891769409,1000.0,966.0137939453125,pair_05_pos,1,0.9362367987632751,1.0084911584854126,0.9266473650932312,926.6473388671875,piebench_6_change_attribute_color_40_611000000000,0.7,10,appearance_like,first_two
20260842,6_change_attribute_color_40,0,images/piebench_6_change_attribute_color_40_611000000000/first_two/early/pair_05_neg.jpg,images/piebench_6_change_attribute_color_40_611000000000/first_two/final/pair_05_neg.jpg,3.5,Change the raven from black to white.,5,1.0,0.9660137891769409,1000.0,966.0137939453125,pair_05_neg,-1,0.9786657691001892,1.0100414752960205,0.9266473650932312,926.6473388671875,piebench_6_change_attribute_color_40_611000000000,0.7,10,appearance_like,first_two
20260842,6_change_attribute_color_40,0,images/piebench_6_change_attribute_color_40_611000000000/first_two/early/pair_06_pos.jpg,images/piebench_6_change_attribute_color_40_611000000000/first_two/final/pair_06_pos.jpg,3.5,Change the raven from black to white.,6,1.0,0.9660137891769409,1000.0,966.0137939453125,pair_06_pos,1,0.9560562968254089,1.0117254257202148,0.9266473650932312,926.6473388671875,piebench_6_change_attribute_color_40_611000000000,0.7,10,appearance_like,first_two
20260842,6_change_attribute_color_40,0,images/piebench_6_change_attribute_color_40_611000000000/first_two/early/pair_06_neg.jpg,images/piebench_6_change_attribute_color_40_611000000000/first_two/final/pair_06_neg.jpg,3.5,Change the raven from black to white.,6,1.0,0.9660137891769409,1000.0,966.0137939453125,pair_06_neg,-1,0.967940628528595,1.0189058780670166,0.9266473650932312,926.6473388671875,piebench_6_change_attribute_color_40_611000000000,0.7,10,appearance_like,first_two
20260842,6_change_attribute_color_40,0,images/piebench_6_change_attribute_color_40_611000000000/first_two/early/pair_07_pos.jpg,images/piebench_6_change_attribute_color_40_611000000000/first_two/final/pair_07_pos.jpg,3.5,Change the raven from black to white.,7,1.0,0.9660137891769409,1000.0,966.0137939453125,pair_07_pos,1,0.9770529270172119,1.0029215812683105,0.9266473650932312,926.6473388671875,piebench_6_change_attribute_color_40_611000000000,0.7,10,appearance_like,first_two
20260842,6_change_attribute_color_40,0,images/piebench_6_change_attribute_color_40_611000000000/first_two/early/pair_07_neg.jpg,images/piebench_6_change_attribute_color_40_611000000000/first_two/final/pair_07_neg.jpg,3.5,Change the raven from black to white.,7,1.0,0.9660137891769409,1000.0,966.0137939453125,pair_07_neg,-1,0.9190191626548767,1.013880729675293,0.9266473650932312,926.6473388671875,piebench_6_change_attribute_color_40_611000000000,0.7,10,appearance_like,first_two
20260842,6_change_attribute_color_40,0,images/piebench_6_change_attribute_color_40_611000000000/first_two/early/pair_08_pos.jpg,images/piebench_6_change_attribute_color_40_611000000000/first_two/final/pair_08_pos.jpg,3.5,Change the raven from black to white.,8,1.0,0.9660137891769409,1000.0,966.0137939453125,pair_08_pos,1,0.9299495816230774,1.0201494693756104,0.9266473650932312,926.6473388671875,piebench_6_change_attribute_color_40_611000000000,0.7,10,appearance_like,first_two
20260842,6_change_attribute_color_40,0,images/piebench_6_change_attribute_color_40_611000000000/first_two/early/pair_08_neg.jpg,images/piebench_6_change_attribute_color_40_611000000000/first_two/final/pair_08_neg.jpg,3.5,Change the raven from black to white.,8,1.0,0.9660137891769409,1000.0,966.0137939453125,pair_08_neg,-1,0.9859251976013184,1.018128752708435,0.9266473650932312,926.6473388671875,piebench_6_change_attribute_color_40_611000000000,0.7,10,appearance_like,first_two
20260842,6_change_attribute_color_40,0,images/piebench_6_change_attribute_color_40_611000000000/first_two/early/pair_09_pos.jpg,images/piebench_6_change_attribute_color_40_611000000000/first_two/final/pair_09_pos.jpg,3.5,Change the raven from black to white.,9,1.0,0.9660137891769409,1000.0,966.0137939453125,pair_09_pos,1,0.9662656188011169,1.0204278230667114,0.9266473650932312,926.6473388671875,piebench_6_change_attribute_color_40_611000000000,0.7,10,appearance_like,first_two
20260842,6_change_attribute_color_40,0,images/piebench_6_change_attribute_color_40_611000000000/first_two/early/pair_09_neg.jpg,images/piebench_6_change_attribute_color_40_611000000000/first_two/final/pair_09_neg.jpg,3.5,Change the raven from black to white.,9,1.0,0.9660137891769409,1000.0,966.0137939453125,pair_09_neg,-1,0.924130380153656,1.0088971853256226,0.9266473650932312,926.6473388671875,piebench_6_change_attribute_color_40_611000000000,0.7,10,appearance_like,first_two
20260842,6_change_attribute_color_40,0,images/piebench_6_change_attribute_color_40_611000000000/first_two/early/pair_10_pos.jpg,images/piebench_6_change_attribute_color_40_611000000000/first_two/final/pair_10_pos.jpg,3.5,Change the raven from black to white.,10,1.0,0.9660137891769409,1000.0,966.0137939453125,pair_10_pos,1,0.9402691125869751,1.016465187072754,0.9266473650932312,926.6473388671875,piebench_6_change_attribute_color_40_611000000000,0.7,10,appearance_like,first_two
20260842,6_change_attribute_color_40,0,images/piebench_6_change_attribute_color_40_611000000000/first_two/early/pair_10_neg.jpg,images/piebench_6_change_attribute_color_40_611000000000/first_two/final/pair_10_neg.jpg,3.5,Change the raven from black to white.,10,1.0,0.9660137891769409,1000.0,966.0137939453125,pair_10_neg,-1,0.9648762345314026,1.0007957220077515,0.9266473650932312,926.6473388671875,piebench_6_change_attribute_color_40_611000000000,0.7,10,appearance_like,first_two
20260842,6_change_attribute_color_40,0,images/piebench_6_change_attribute_color_40_611000000000/first_two/early/pair_11_pos.jpg,images/piebench_6_change_attribute_color_40_611000000000/first_two/final/pair_11_pos.jpg,3.5,Change the raven from black to white.,11,1.0,0.9660137891769409,1000.0,966.0137939453125,pair_11_pos,1,0.9506927728652954,1.0068153142929077,0.9266473650932312,926.6473388671875,piebench_6_change_attribute_color_40_611000000000,0.7,10,appearance_like,first_two
20260842,6_change_attribute_color_40,0,images/piebench_6_change_attribute_color_40_611000000000/first_two/early/pair_11_neg.jpg,images/piebench_6_change_attribute_color_40_611000000000/first_two/final/pair_11_neg.jpg,3.5,Change the raven from black to white.,11,1.0,0.9660137891769409,1000.0,966.0137939453125,pair_11_neg,-1,0.9785643219947815,1.0195051431655884,0.9266473650932312,926.6473388671875,piebench_6_change_attribute_color_40_611000000000,0.7,10,appearance_like,first_two
20260842,6_change_attribute_color_40,0,images/piebench_6_change_attribute_color_40_611000000000/first_two/early/pair_12_pos.jpg,images/piebench_6_change_attribute_color_40_611000000000/first_two/final/pair_12_pos.jpg,3.5,Change the raven from black to white.,12,1.0,0.9660137891769409,1000.0,966.0137939453125,pair_12_pos,1,0.9715255498886108,0.9918186664581299,0.9266473650932312,926.6473388671875,piebench_6_change_attribute_color_40_611000000000,0.7,10,appearance_like,first_two
20260842,6_change_attribute_color_40,0,images/piebench_6_change_attribute_color_40_611000000000/first_two/early/pair_12_neg.jpg,images/piebench_6_change_attribute_color_40_611000000000/first_two/final/pair_12_neg.jpg,3.5,Change the raven from black to white.,12,1.0,0.9660137891769409,1000.0,966.0137939453125,pair_12_neg,-1,0.9120064973831177,1.0286389589309692,0.9266473650932312,926.6473388671875,piebench_6_change_attribute_color_40_611000000000,0.7,10,appearance_like,first_two
20260842,6_change_attribute_color_40,0,images/piebench_6_change_attribute_color_40_611000000000/first_two/early/pair_13_pos.jpg,images/piebench_6_change_attribute_color_40_611000000000/first_two/final/pair_13_pos.jpg,3.5,Change the raven from black to white.,13,1.0,0.9660137891769409,1000.0,966.0137939453125,pair_13_pos,1,0.9732863903045654,1.0400358438491821,0.9266473650932312,926.6473388671875,piebench_6_change_attribute_color_40_611000000000,0.7,10,appearance_like,first_two
20260842,6_change_attribute_color_40,0,images/piebench_6_change_attribute_color_40_611000000000/first_two/early/pair_13_neg.jpg,images/piebench_6_change_attribute_color_40_611000000000/first_two/final/pair_13_neg.jpg,3.5,Change the raven from black to white.,13,1.0,0.9660137891769409,1000.0,966.0137939453125,pair_13_neg,-1,0.9541358351707458,1.007136583328247,0.9266473650932312,926.6473388671875,piebench_6_change_attribute_color_40_611000000000,0.7,10,appearance_like,first_two
20260842,6_change_attribute_color_40,0,images/piebench_6_change_attribute_color_40_611000000000/first_two/early/pair_14_pos.jpg,images/piebench_6_change_attribute_color_40_611000000000/first_two/final/pair_14_pos.jpg,3.5,Change the raven from black to white.,14,1.0,0.9660137891769409,1000.0,966.0137939453125,pair_14_pos,1,0.9013028144836426,1.0020356178283691,0.9266473650932312,926.6473388671875,piebench_6_change_attribute_color_40_611000000000,0.7,10,appearance_like,first_two
20260842,6_change_attribute_color_40,0,images/piebench_6_change_attribute_color_40_611000000000/first_two/early/pair_14_neg.jpg,images/piebench_6_change_attribute_color_40_611000000000/first_two/final/pair_14_neg.jpg,3.5,Change the raven from black to white.,14,1.0,0.9660137891769409,1000.0,966.0137939453125,pair_14_neg,-1,0.9615717530250549,1.0155085325241089,0.9266473650932312,926.6473388671875,piebench_6_change_attribute_color_40_611000000000,0.7,10,appearance_like,first_two
20260842,6_change_attribute_color_40,0,images/piebench_6_change_attribute_color_40_611000000000/first_two/early/pair_15_pos.jpg,images/piebench_6_change_attribute_color_40_611000000000/first_two/final/pair_15_pos.jpg,3.5,Change the raven from black to white.,15,1.0,0.9660137891769409,1000.0,966.0137939453125,pair_15_pos,1,0.9471390843391418,0.9914765357971191,0.9266473650932312,926.6473388671875,piebench_6_change_attribute_color_40_611000000000,0.7,10,appearance_like,first_two
20260842,6_change_attribute_color_40,0,images/piebench_6_change_attribute_color_40_611000000000/first_two/early/pair_15_neg.jpg,images/piebench_6_change_attribute_color_40_611000000000/first_two/final/pair_15_neg.jpg,3.5,Change the raven from black to white.,15,1.0,0.9660137891769409,1000.0,966.0137939453125,pair_15_neg,-1,0.9421945810317993,1.0081218481063843,0.9266473650932312,926.6473388671875,piebench_6_change_attribute_color_40_611000000000,0.7,10,appearance_like,first_two
20260845,6_change_attribute_color_40,0,images/piebench_6_change_attribute_color_40_611000000003/first_only/early/pair_00_pos.jpg,images/piebench_6_change_attribute_color_40_611000000003/first_only/final/pair_00_pos.jpg,3.5,Change the bunny from white to pink.,0,1.0,,1000.0,,pair_00_pos,1,0.8869234919548035,0.9297024011611938,0.9660137891769409,966.0137939453125,piebench_6_change_attribute_color_40_611000000003,0.7,10,appearance_like,first_only
20260845,6_change_attribute_color_40,0,images/piebench_6_change_attribute_color_40_611000000003/first_only/early/pair_00_neg.jpg,images/piebench_6_change_attribute_color_40_611000000003/first_only/final/pair_00_neg.jpg,3.5,Change the bunny from white to pink.,0,1.0,,1000.0,,pair_00_neg,-1,0.8413411974906921,1.016690731048584,0.9660137891769409,966.0137939453125,piebench_6_change_attribute_color_40_611000000003,0.7,10,appearance_like,first_only
20260845,6_change_attribute_color_40,0,images/piebench_6_change_attribute_color_40_611000000003/first_only/early/pair_01_pos.jpg,images/piebench_6_change_attribute_color_40_611000000003/first_only/final/pair_01_pos.jpg,3.5,Change the bunny from white to pink.,1,1.0,,1000.0,,pair_01_pos,1,0.9095047116279602,1.0391325950622559,0.9660137891769409,966.0137939453125,piebench_6_change_attribute_color_40_611000000003,0.7,10,appearance_like,first_only
20260845,6_change_attribute_color_40,0,images/piebench_6_change_attribute_color_40_611000000003/first_only/early/pair_01_neg.jpg,images/piebench_6_change_attribute_color_40_611000000003/first_only/final/pair_01_neg.jpg,3.5,Change the bunny from white to pink.,1,1.0,,1000.0,,pair_01_neg,-1,0.8707176446914673,0.9569419026374817,0.9660137891769409,966.0137939453125,piebench_6_change_attribute_color_40_611000000003,0.7,10,appearance_like,first_only
20260845,6_change_attribute_color_40,0,images/piebench_6_change_attribute_color_40_611000000003/first_only/early/pair_02_pos.jpg,images/piebench_6_change_attribute_color_40_611000000003/first_only/final/pair_02_pos.jpg,3.5,Change the bunny from white to pink.,2,1.0,,1000.0,,pair_02_pos,1,0.8920273184776306,1.0078434944152832,0.9660137891769409,966.0137939453125,piebench_6_change_attribute_color_40_611000000003,0.7,10,appearance_like,first_only
20260845,6_change_attribute_color_40,0,images/piebench_6_change_attribute_color_40_611000000003/first_only/early/pair_02_neg.jpg,images/piebench_6_change_attribute_color_40_611000000003/first_only/final/pair_02_neg.jpg,3.5,Change the bunny from white to pink.,2,1.0,,1000.0,,pair_02_neg,-1,0.8519020676612854,0.9269500970840454,0.9660137891769409,966.0137939453125,piebench_6_change_attribute_color_40_611000000003,0.7,10,appearance_like,first_only
20260845,6_change_attribute_color_40,0,images/piebench_6_change_attribute_color_40_611000000003/first_only/early/pair_03_pos.jpg,images/piebench_6_change_attribute_color_40_611000000003/first_only/final/pair_03_pos.jpg,3.5,Change the bunny from white to pink.,3,1.0,,1000.0,,pair_03_pos,1,0.8773242235183716,0.9607923030853271,0.9660137891769409,966.0137939453125,piebench_6_change_attribute_color_40_611000000003,0.7,10,appearance_like,first_only
20260845,6_change_attribute_color_40,0,images/piebench_6_change_attribute_color_40_611000000003/first_only/early/pair_03_neg.jpg,images/piebench_6_change_attribute_color_40_611000000003/first_only/final/pair_03_neg.jpg,3.5,Change the bunny from white to pink.,3,1.0,,1000.0,,pair_03_neg,-1,0.8892514109611511,0.9998822808265686,0.9660137891769409,966.0137939453125,piebench_6_change_attribute_color_40_611000000003,0.7,10,appearance_like,first_only
20260845,6_change_attribute_color_40,0,images/piebench_6_change_attribute_color_40_611000000003/first_only/early/pair_04_pos.jpg,images/piebench_6_change_attribute_color_40_611000000003/first_only/final/pair_04_pos.jpg,3.5,Change the bunny from white to pink.,4,1.0,,1000.0,,pair_04_pos,1,0.8450635075569153,0.9941451549530029,0.9660137891769409,966.0137939453125,piebench_6_change_attribute_color_40_611000000003,0.7,10,appearance_like,first_only
20260845,6_change_attribute_color_40,0,images/piebench_6_change_attribute_color_40_611000000003/first_only/early/pair_04_neg.jpg,images/piebench_6_change_attribute_color_40_611000000003/first_only/final/pair_04_neg.jpg,3.5,Change the bunny from white to pink.,4,1.0,,1000.0,,pair_04_neg,-1,0.9129723310470581,0.9508183002471924,0.9660137891769409,966.0137939453125,piebench_6_change_attribute_color_40_611000000003,0.7,10,appearance_like,first_only
20260845,6_change_attribute_color_40,0,images/piebench_6_change_attribute_color_40_611000000003/first_only/early/pair_05_pos.jpg,images/piebench_6_change_attribute_color_40_611000000003/first_only/final/pair_05_pos.jpg,3.5,Change the bunny from white to pink.,5,1.0,,1000.0,,pair_05_pos,1,0.8782309293746948,1.041831612586975,0.9660137891769409,966.0137939453125,piebench_6_change_attribute_color_40_611000000003,0.7,10,appearance_like,first_only
20260845,6_change_attribute_color_40,0,images/piebench_6_change_attribute_color_40_611000000003/first_only/early/pair_05_neg.jpg,images/piebench_6_change_attribute_color_40_611000000003/first_only/final/pair_05_neg.jpg,3.5,Change the bunny from white to pink.,5,1.0,,1000.0,,pair_05_neg,-1,0.8449264764785767,0.9158400297164917,0.9660137891769409,966.0137939453125,piebench_6_change_attribute_color_40_611000000003,0.7,10,appearance_like,first_only
20260845,6_change_attribute_color_40,0,images/piebench_6_change_attribute_color_40_611000000003/first_only/early/pair_06_pos.jpg,images/piebench_6_change_attribute_color_40_611000000003/first_only/final/pair_06_pos.jpg,3.5,Change the bunny from white to pink.,6,1.0,,1000.0,,pair_06_pos,1,0.8922253847122192,0.9684465527534485,0.9660137891769409,966.0137939453125,piebench_6_change_attribute_color_40_611000000003,0.7,10,appearance_like,first_only
20260845,6_change_attribute_color_40,0,images/piebench_6_change_attribute_color_40_611000000003/first_only/early/pair_06_neg.jpg,images/piebench_6_change_attribute_color_40_611000000003/first_only/final/pair_06_neg.jpg,3.5,Change the bunny from white to pink.,6,1.0,,1000.0,,pair_06_neg,-1,0.8648345470428467,1.033093810081482,0.9660137891769409,966.0137939453125,piebench_6_change_attribute_color_40_611000000003,0.7,10,appearance_like,first_only
20260845,6_change_attribute_color_40,0,images/piebench_6_change_attribute_color_40_611000000003/first_only/early/pair_07_pos.jpg,images/piebench_6_change_attribute_color_40_611000000003/first_only/final/pair_07_pos.jpg,3.5,Change the bunny from white to pink.,7,1.0,,1000.0,,pair_07_pos,1,0.8149707317352295,0.9931225776672363,0.9660137891769409,966.0137939453125,piebench_6_change_attribute_color_40_611000000003,0.7,10,appearance_like,first_only
20260845,6_change_attribute_color_40,0,images/piebench_6_change_attribute_color_40_611000000003/first_only/early/pair_07_neg.jpg,images/piebench_6_change_attribute_color_40_611000000003/first_only/final/pair_07_neg.jpg,3.5,Change the bunny from white to pink.,7,1.0,,1000.0,,pair_07_neg,-1,0.8843012452125549,0.9968744516372681,0.9660137891769409,966.0137939453125,piebench_6_change_attribute_color_40_611000000003,0.7,10,appearance_like,first_only
20260845,6_change_attribute_color_40,0,images/piebench_6_change_attribute_color_40_611000000003/first_only/early/pair_08_pos.jpg,images/piebench_6_change_attribute_color_40_611000000003/first_only/final/pair_08_pos.jpg,3.5,Change the bunny from white to pink.,8,1.0,,1000.0,,pair_08_pos,1,0.8036397099494934,0.9556416273117065,0.9660137891769409,966.0137939453125,piebench_6_change_attribute_color_40_611000000003,0.7,10,appearance_like,first_only
20260845,6_change_attribute_color_40,0,images/piebench_6_change_attribute_color_40_611000000003/first_only/early/pair_08_neg.jpg,images/piebench_6_change_attribute_color_40_611000000003/first_only/final/pair_08_neg.jpg,3.5,Change the bunny from white to pink.,8,1.0,,1000.0,,pair_08_neg,-1,0.9507655501365662,1.0113598108291626,0.9660137891769409,966.0137939453125,piebench_6_change_attribute_color_40_611000000003,0.7,10,appearance_like,first_only
20260845,6_change_attribute_color_40,0,images/piebench_6_change_attribute_color_40_611000000003/first_only/early/pair_09_pos.jpg,images/piebench_6_change_attribute_color_40_611000000003/first_only/final/pair_09_pos.jpg,3.5,Change the bunny from white to pink.,9,1.0,,1000.0,,pair_09_pos,1,0.8929732441902161,0.9765961766242981,0.9660137891769409,966.0137939453125,piebench_6_change_attribute_color_40_611000000003,0.7,10,appearance_like,first_only
20260845,6_change_attribute_color_40,0,images/piebench_6_change_attribute_color_40_611000000003/first_only/early/pair_09_neg.jpg,images/piebench_6_change_attribute_color_40_611000000003/first_only/final/pair_09_neg.jpg,3.5,Change the bunny from white to pink.,9,1.0,,1000.0,,pair_09_neg,-1,0.8334209322929382,0.9480280876159668,0.9660137891769409,966.0137939453125,piebench_6_change_attribute_color_40_611000000003,0.7,10,appearance_like,first_only
20260845,6_change_attribute_color_40,0,images/piebench_6_change_attribute_color_40_611000000003/first_only/early/pair_10_pos.jpg,images/piebench_6_change_attribute_color_40_611000000003/first_only/final/pair_10_pos.jpg,3.5,Change the bunny from white to pink.,10,1.0,,1000.0,,pair_10_pos,1,0.9166232943534851,1.0586448907852173,0.9660137891769409,966.0137939453125,piebench_6_change_attribute_color_40_611000000003,0.7,10,appearance_like,first_only
20260845,6_change_attribute_color_40,0,images/piebench_6_change_attribute_color_40_611000000003/first_only/early/pair_10_neg.jpg,images/piebench_6_change_attribute_color_40_611000000003/first_only/final/pair_10_neg.jpg,3.5,Change the bunny from white to pink.,10,1.0,,1000.0,,pair_10_neg,-1,0.7977721095085144,0.910559356212616,0.9660137891769409,966.0137939453125,piebench_6_change_attribute_color_40_611000000003,0.7,10,appearance_like,first_only
20260845,6_change_attribute_color_40,0,images/piebench_6_change_attribute_color_40_611000000003/first_only/early/pair_11_pos.jpg,images/piebench_6_change_attribute_color_40_611000000003/first_only/final/pair_11_pos.jpg,3.5,Change the bunny from white to pink.,11,1.0,,1000.0,,pair_11_pos,1,0.895970344543457,1.0397802591323853,0.9660137891769409,966.0137939453125,piebench_6_change_attribute_color_40_611000000003,0.7,10,appearance_like,first_only
20260845,6_change_attribute_color_40,0,images/piebench_6_change_attribute_color_40_611000000003/first_only/early/pair_11_neg.jpg,images/piebench_6_change_attribute_color_40_611000000003/first_only/final/pair_11_neg.jpg,3.5,Change the bunny from white to pink.,11,1.0,,1000.0,,pair_11_neg,-1,0.841987669467926,0.9643962383270264,0.9660137891769409,966.0137939453125,piebench_6_change_attribute_color_40_611000000003,0.7,10,appearance_like,first_only
20260845,6_change_attribute_color_40,0,images/piebench_6_change_attribute_color_40_611000000003/first_only/early/pair_12_pos.jpg,images/piebench_6_change_attribute_color_40_611000000003/first_only/final/pair_12_pos.jpg,3.5,Change the bunny from white to pink.,12,1.0,,1000.0,,pair_12_pos,1,0.9603471755981445,1.0953898429870605,0.9660137891769409,966.0137939453125,piebench_6_change_attribute_color_40_611000000003,0.7,10,appearance_like,first_only
20260845,6_change_attribute_color_40,0,images/piebench_6_change_attribute_color_40_611000000003/first_only/early/pair_12_neg.jpg,images/piebench_6_change_attribute_color_40_611000000003/first_only/final/pair_12_neg.jpg,3.5,Change the bunny from white to pink.,12,1.0,,1000.0,,pair_12_neg,-1,0.8223845958709717,0.9644359946250916,0.9660137891769409,966.0137939453125,piebench_6_change_attribute_color_40_611000000003,0.7,10,appearance_like,first_only
20260845,6_change_attribute_color_40,0,images/piebench_6_change_attribute_color_40_611000000003/first_only/early/pair_13_pos.jpg,images/piebench_6_change_attribute_color_40_611000000003/first_only/final/pair_13_pos.jpg,3.5,Change the bunny from white to pink.,13,1.0,,1000.0,,pair_13_pos,1,0.8456441164016724,1.0023947954177856,0.9660137891769409,966.0137939453125,piebench_6_change_attribute_color_40_611000000003,0.7,10,appearance_like,first_only
20260845,6_change_attribute_color_40,0,images/piebench_6_change_attribute_color_40_611000000003/first_only/early/pair_13_neg.jpg,images/piebench_6_change_attribute_color_40_611000000003/first_only/final/pair_13_neg.jpg,3.5,Change the bunny from white to pink.,13,1.0,,1000.0,,pair_13_neg,-1,0.9153671264648438,1.0275156497955322,0.9660137891769409,966.0137939453125,piebench_6_change_attribute_color_40_611000000003,0.7,10,appearance_like,first_only
20260845,6_change_attribute_color_40,0,images/piebench_6_change_attribute_color_40_611000000003/first_only/early/pair_14_pos.jpg,images/piebench_6_change_attribute_color_40_611000000003/first_only/final/pair_14_pos.jpg,3.5,Change the bunny from white to pink.,14,1.0,,1000.0,,pair_14_pos,1,0.8979751467704773,1.0049543380737305,0.9660137891769409,966.0137939453125,piebench_6_change_attribute_color_40_611000000003,0.7,10,appearance_like,first_only
20260845,6_change_attribute_color_40,0,images/piebench_6_change_attribute_color_40_611000000003/first_only/early/pair_14_neg.jpg,images/piebench_6_change_attribute_color_40_611000000003/first_only/final/pair_14_neg.jpg,3.5,Change the bunny from white to pink.,14,1.0,,1000.0,,pair_14_neg,-1,0.8077117204666138,0.962099015712738,0.9660137891769409,966.0137939453125,piebench_6_change_attribute_color_40_611000000003,0.7,10,appearance_like,first_only
20260845,6_change_attribute_color_40,0,images/piebench_6_change_attribute_color_40_611000000003/first_only/early/pair_15_pos.jpg,images/piebench_6_change_attribute_color_40_611000000003/first_only/final/pair_15_pos.jpg,3.5,Change the bunny from white to pink.,15,1.0,,1000.0,,pair_15_pos,1,0.8475671410560608,0.9050050973892212,0.9660137891769409,966.0137939453125,piebench_6_change_attribute_color_40_611000000003,0.7,10,appearance_like,first_only
20260845,6_change_attribute_color_40,0,images/piebench_6_change_attribute_color_40_611000000003/first_only/early/pair_15_neg.jpg,images/piebench_6_change_attribute_color_40_611000000003/first_only/final/pair_15_neg.jpg,3.5,Change the bunny from white to pink.,15,1.0,,1000.0,,pair_15_neg,-1,0.9689388871192932,1.0159344673156738,0.9660137891769409,966.0137939453125,piebench_6_change_attribute_color_40_611000000003,0.7,10,appearance_like,first_only
20260845,6_change_attribute_color_40,0,images/piebench_6_change_attribute_color_40_611000000003/first_two/early/pair_00_pos.jpg,images/piebench_6_change_attribute_color_40_611000000003/first_two/final/pair_00_pos.jpg,3.5,Change the bunny from white to pink.,0,1.0,0.9660137891769409,1000.0,966.0137939453125,pair_00_pos,1,0.865590512752533,0.8944305181503296,0.9266473650932312,926.6473388671875,piebench_6_change_attribute_color_40_611000000003,0.7,10,appearance_like,first_two
20260845,6_change_attribute_color_40,0,images/piebench_6_change_attribute_color_40_611000000003/first_two/early/pair_00_neg.jpg,images/piebench_6_change_attribute_color_40_611000000003/first_two/final/pair_00_neg.jpg,3.5,Change the bunny from white to pink.,0,1.0,0.9660137891769409,1000.0,966.0137939453125,pair_00_neg,-1,0.8688480854034424,0.9882598519325256,0.9266473650932312,926.6473388671875,piebench_6_change_attribute_color_40_611000000003,0.7,10,appearance_like,first_two
20260845,6_change_attribute_color_40,0,images/piebench_6_change_attribute_color_40_611000000003/first_two/early/pair_01_pos.jpg,images/piebench_6_change_attribute_color_40_611000000003/first_two/final/pair_01_pos.jpg,3.5,Change the bunny from white to pink.,1,1.0,0.9660137891769409,1000.0,966.0137939453125,pair_01_pos,1,0.9405273795127869,1.0543972253799438,0.9266473650932312,926.6473388671875,piebench_6_change_attribute_color_40_611000000003,0.7,10,appearance_like,first_two
20260845,6_change_attribute_color_40,0,images/piebench_6_change_attribute_color_40_611000000003/first_two/early/pair_01_neg.jpg,images/piebench_6_change_attribute_color_40_611000000003/first_two/final/pair_01_neg.jpg,3.5,Change the bunny from white to pink.,1,1.0,0.9660137891769409,1000.0,966.0137939453125,pair_01_neg,-1,0.862593412399292,0.9206979870796204,0.9266473650932312,926.6473388671875,piebench_6_change_attribute_color_40_611000000003,0.7,10,appearance_like,first_two
20260845,6_change_attribute_color_40,0,images/piebench_6_change_attribute_color_40_611000000003/first_two/early/pair_02_pos.jpg,images/piebench_6_change_attribute_color_40_611000000003/first_two/final/pair_02_pos.jpg,3.5,Change the bunny from white to pink.,2,1.0,0.9660137891769409,1000.0,966.0137939453125,pair_02_pos,1,0.9050099849700928,0.9827380776405334,0.9266473650932312,926.6473388671875,piebench_6_change_attribute_color_40_611000000003,0.7,10,appearance_like,first_two
20260845,6_change_attribute_color_40,0,images/piebench_6_change_attribute_color_40_611000000003/first_two/early/pair_02_neg.jpg,images/piebench_6_change_attribute_color_40_611000000003/first_two/final/pair_02_neg.jpg,3.5,Change the bunny from white to pink.,2,1.0,0.9660137891769409,1000.0,966.0137939453125,pair_02_neg,-1,0.907617449760437,0.9634340405464172,0.9266473650932312,926.6473388671875,piebench_6_change_attribute_color_40_611000000003,0.7,10,appearance_like,first_two
20260845,6_change_attribute_color_40,0,images/piebench_6_change_attribute_color_40_611000000003/first_two/early/pair_03_pos.jpg,images/piebench_6_change_attribute_color_40_611000000003/first_two/final/pair_03_pos.jpg,3.5,Change the bunny from white to pink.,3,1.0,0.9660137891769409,1000.0,966.0137939453125,pair_03_pos,1,0.8749630451202393,0.8944780826568604,0.9266473650932312,926.6473388671875,piebench_6_change_attribute_color_40_611000000003,0.7,10,appearance_like,first_two
20260845,6_change_attribute_color_40,0,images/piebench_6_change_attribute_color_40_611000000003/first_two/early/pair_03_neg.jpg,images/piebench_6_change_attribute_color_40_611000000003/first_two/final/pair_03_neg.jpg,3.5,Change the bunny from white to pink.,3,1.0,0.9660137891769409,1000.0,966.0137939453125,pair_03_neg,-1,0.9015576243400574,1.0013625621795654,0.9266473650932312,926.6473388671875,piebench_6_change_attribute_color_40_611000000003,0.7,10,appearance_like,first_two
20260845,6_change_attribute_color_40,0,images/piebench_6_change_attribute_color_40_611000000003/first_two/early/pair_04_pos.jpg,images/piebench_6_change_attribute_color_40_611000000003/first_two/final/pair_04_pos.jpg,3.5,Change the bunny from white to pink.,4,1.0,0.9660137891769409,1000.0,966.0137939453125,pair_04_pos,1,0.9121872186660767,0.9778909087181091,0.9266473650932312,926.6473388671875,piebench_6_change_attribute_color_40_611000000003,0.7,10,appearance_like,first_two
20260845,6_change_attribute_color_40,0,images/piebench_6_change_attribute_color_40_611000000003/first_two/early/pair_04_neg.jpg,images/piebench_6_change_attribute_color_40_611000000003/first_two/final/pair_04_neg.jpg,3.5,Change the bunny from white to pink.,4,1.0,0.9660137891769409,1000.0,966.0137939453125,pair_04_neg,-1,0.8654557466506958,0.926817774772644,0.9266473650932312,926.6473388671875,piebench_6_change_attribute_color_40_611000000003,0.7,10,appearance_like,first_two
20260845,6_change_attribute_color_40,0,images/piebench_6_change_attribute_color_40_611000000003/first_two/early/pair_05_pos.jpg,images/piebench_6_change_attribute_color_40_611000000003/first_two/final/pair_05_pos.jpg,3.5,Change the bunny from white to pink.,5,1.0,0.9660137891769409,1000.0,966.0137939453125,pair_05_pos,1,0.9714024066925049,1.0435802936553955,0.9266473650932312,926.6473388671875,piebench_6_change_attribute_color_40_611000000003,0.7,10,appearance_like,first_two
20260845,6_change_attribute_color_40,0,images/piebench_6_change_attribute_color_40_611000000003/first_two/early/pair_05_neg.jpg,images/piebench_6_change_attribute_color_40_611000000003/first_two/final/pair_05_neg.jpg,3.5,Change the bunny from white to pink.,5,1.0,0.9660137891769409,1000.0,966.0137939453125,pair_05_neg,-1,0.8375992178916931,0.9004948139190674,0.9266473650932312,926.6473388671875,piebench_6_change_attribute_color_40_611000000003,0.7,10,appearance_like,first_two
20260845,6_change_attribute_color_40,0,images/piebench_6_change_attribute_color_40_611000000003/first_two/early/pair_06_pos.jpg,images/piebench_6_change_attribute_color_40_611000000003/first_two/final/pair_06_pos.jpg,3.5,Change the bunny from white to pink.,6,1.0,0.9660137891769409,1000.0,966.0137939453125,pair_06_pos,1,0.9294751882553101,0.9334325194358826,0.9266473650932312,926.6473388671875,piebench_6_change_attribute_color_40_611000000003,0.7,10,appearance_like,first_two
20260845,6_change_attribute_color_40,0,images/piebench_6_change_attribute_color_40_611000000003/first_two/early/pair_06_neg.jpg,images/piebench_6_change_attribute_color_40_611000000003/first_two/final/pair_06_neg.jpg,3.5,Change the bunny from white to pink.,6,1.0,0.9660137891769409,1000.0,966.0137939453125,pair_06_neg,-1,0.9004102945327759,0.9992560744285583,0.9266473650932312,926.6473388671875,piebench_6_change_attribute_color_40_611000000003,0.7,10,appearance_like,first_two
20260845,6_change_attribute_color_40,0,images/piebench_6_change_attribute_color_40_611000000003/first_two/early/pair_07_pos.jpg,images/piebench_6_change_attribute_color_40_611000000003/first_two/final/pair_07_pos.jpg,3.5,Change the bunny from white to pink.,7,1.0,0.9660137891769409,1000.0,966.0137939453125,pair_07_pos,1,0.8906382322311401,0.9503363370895386,0.9266473650932312,926.6473388671875,piebench_6_change_attribute_color_40_611000000003,0.7,10,appearance_like,first_two
20260845,6_change_attribute_color_40,0,images/piebench_6_change_attribute_color_40_611000000003/first_two/early/pair_07_neg.jpg,images/piebench_6_change_attribute_color_40_611000000003/first_two/final/pair_07_neg.jpg,3.5,Change the bunny from white to pink.,7,1.0,0.9660137891769409,1000.0,966.0137939453125,pair_07_neg,-1,0.8952977061271667,0.9770578145980835,0.9266473650932312,926.6473388671875,piebench_6_change_attribute_color_40_611000000003,0.7,10,appearance_like,first_two
20260845,6_change_attribute_color_40,0,images/piebench_6_change_attribute_color_40_611000000003/first_two/early/pair_08_pos.jpg,images/piebench_6_change_attribute_color_40_611000000003/first_two/final/pair_08_pos.jpg,3.5,Change the bunny from white to pink.,8,1.0,0.9660137891769409,1000.0,966.0137939453125,pair_08_pos,1,0.895958662033081,0.9446370601654053,0.9266473650932312,926.6473388671875,piebench_6_change_attribute_color_40_611000000003,0.7,10,appearance_like,first_two
20260845,6_change_attribute_color_40,0,images/piebench_6_change_attribute_color_40_611000000003/first_two/early/pair_08_neg.jpg,images/piebench_6_change_attribute_color_40_611000000003/first_two/final/pair_08_neg.jpg,3.5,Change the bunny from white to pink.,8,1.0,0.9660137891769409,1000.0,966.0137939453125,pair_08_neg,-1,0.8809462785720825,0.9897916316986084,0.9266473650932312,926.6473388671875,piebench_6_change_attribute_color_40_611000000003,0.7,10,appearance_like,first_two
20260845,6_change_attribute_color_40,0,images/piebench_6_change_attribute_color_40_611000000003/first_two/early/pair_09_pos.jpg,images/piebench_6_change_attribute_color_40_611000000003/first_two/final/pair_09_pos.jpg,3.5,Change the bunny from white to pink.,9,1.0,0.9660137891769409,1000.0,966.0137939453125,pair_09_pos,1,0.9384132623672485,1.0031781196594238,0.9266473650932312,926.6473388671875,piebench_6_change_attribute_color_40_611000000003,0.7,10,appearance_like,first_two
20260845,6_change_attribute_color_40,0,images/piebench_6_change_attribute_color_40_611000000003/first_two/early/pair_09_neg.jpg,images/piebench_6_change_attribute_color_40_611000000003/first_two/final/pair_09_neg.jpg,3.5,Change the bunny from white to pink.,9,1.0,0.9660137891769409,1000.0,966.0137939453125,pair_09_neg,-1,0.8758036494255066,0.8797670006752014,0.9266473650932312,926.6473388671875,piebench_6_change_attribute_color_40_611000000003,0.7,10,appearance_like,first_two
20260845,6_change_attribute_color_40,0,images/piebench_6_change_attribute_color_40_611000000003/first_two/early/pair_10_pos.jpg,images/piebench_6_change_attribute_color_40_611000000003/first_two/final/pair_10_pos.jpg,3.5,Change the bunny from white to pink.,10,1.0,0.9660137891769409,1000.0,966.0137939453125,pair_10_pos,1,0.969321608543396,1.0685131549835205,0.9266473650932312,926.6473388671875,piebench_6_change_attribute_color_40_611000000003,0.7,10,appearance_like,first_two
20260845,6_change_attribute_color_40,0,images/piebench_6_change_attribute_color_40_611000000003/first_two/early/pair_10_neg.jpg,images/piebench_6_change_attribute_color_40_611000000003/first_two/final/pair_10_neg.jpg,3.5,Change the bunny from white to pink.,10,1.0,0.9660137891769409,1000.0,966.0137939453125,pair_10_neg,-1,0.7832371592521667,0.8480503559112549,0.9266473650932312,926.6473388671875,piebench_6_change_attribute_color_40_611000000003,0.7,10,appearance_like,first_two
20260845,6_change_attribute_color_40,0,images/piebench_6_change_attribute_color_40_611000000003/first_two/early/pair_11_pos.jpg,images/piebench_6_change_attribute_color_40_611000000003/first_two/final/pair_11_pos.jpg,3.5,Change the bunny from white to pink.,11,1.0,0.9660137891769409,1000.0,966.0137939453125,pair_11_pos,1,0.935735821723938,0.9748942255973816,0.9266473650932312,926.6473388671875,piebench_6_change_attribute_color_40_611000000003,0.7,10,appearance_like,first_two
20260845,6_change_attribute_color_40,0,images/piebench_6_change_attribute_color_40_611000000003/first_two/early/pair_11_neg.jpg,images/piebench_6_change_attribute_color_40_611000000003/first_two/final/pair_11_neg.jpg,3.5,Change the bunny from white to pink.,11,1.0,0.9660137891769409,1000.0,966.0137939453125,pair_11_neg,-1,0.8988220691680908,0.9276357293128967,0.9266473650932312,926.6473388671875,piebench_6_change_attribute_color_40_611000000003,0.7,10,appearance_like,first_two
20260845,6_change_attribute_color_40,0,images/piebench_6_change_attribute_color_40_611000000003/first_two/early/pair_12_pos.jpg,images/piebench_6_change_attribute_color_40_611000000003/first_two/final/pair_12_pos.jpg,3.5,Change the bunny from white to pink.,12,1.0,0.9660137891769409,1000.0,966.0137939453125,pair_12_pos,1,0.9845251441001892,1.0780142545700073,0.9266473650932312,926.6473388671875,piebench_6_change_attribute_color_40_611000000003,0.7,10,appearance_like,first_two
20260845,6_change_attribute_color_40,0,images/piebench_6_change_attribute_color_40_611000000003/first_two/early/pair_12_neg.jpg,images/piebench_6_change_attribute_color_40_611000000003/first_two/final/pair_12_neg.jpg,3.5,Change the bunny from white to pink.,12,1.0,0.9660137891769409,1000.0,966.0137939453125,pair_12_neg,-1,0.8202700018882751,0.9522815942764282,0.9266473650932312,926.6473388671875,piebench_6_change_attribute_color_40_611000000003,0.7,10,appearance_like,first_two
20260845,6_change_attribute_color_40,0,images/piebench_6_change_attribute_color_40_611000000003/first_two/early/pair_13_pos.jpg,images/piebench_6_change_attribute_color_40_611000000003/first_two/final/pair_13_pos.jpg,3.5,Change the bunny from white to pink.,13,1.0,0.9660137891769409,1000.0,966.0137939453125,pair_13_pos,1,0.8686140179634094,0.9963550567626953,0.9266473650932312,926.6473388671875,piebench_6_change_attribute_color_40_611000000003,0.7,10,appearance_like,first_two
20260845,6_change_attribute_color_40,0,images/piebench_6_change_attribute_color_40_611000000003/first_two/early/pair_13_neg.jpg,images/piebench_6_change_attribute_color_40_611000000003/first_two/final/pair_13_neg.jpg,3.5,Change the bunny from white to pink.,13,1.0,0.9660137891769409,1000.0,966.0137939453125,pair_13_neg,-1,0.8581787347793579,0.9480009078979492,0.9266473650932312,926.6473388671875,piebench_6_change_attribute_color_40_611000000003,0.7,10,appearance_like,first_two
20260845,6_change_attribute_color_40,0,images/piebench_6_change_attribute_color_40_611000000003/first_two/early/pair_14_pos.jpg,images/piebench_6_change_attribute_color_40_611000000003/first_two/final/pair_14_pos.jpg,3.5,Change the bunny from white to pink.,14,1.0,0.9660137891769409,1000.0,966.0137939453125,pair_14_pos,1,0.9565786719322205,1.0553514957427979,0.9266473650932312,926.6473388671875,piebench_6_change_attribute_color_40_611000000003,0.7,10,appearance_like,first_two
20260845,6_change_attribute_color_40,0,images/piebench_6_change_attribute_color_40_611000000003/first_two/early/pair_14_neg.jpg,images/piebench_6_change_attribute_color_40_611000000003/first_two/final/pair_14_neg.jpg,3.5,Change the bunny from white to pink.,14,1.0,0.9660137891769409,1000.0,966.0137939453125,pair_14_neg,-1,0.8439164757728577,0.9528437256813049,0.9266473650932312,926.6473388671875,piebench_6_change_attribute_color_40_611000000003,0.7,10,appearance_like,first_two
20260845,6_change_attribute_color_40,0,images/piebench_6_change_attribute_color_40_611000000003/first_two/early/pair_15_pos.jpg,images/piebench_6_change_attribute_color_40_611000000003/first_two/final/pair_15_pos.jpg,3.5,Change the bunny from white to pink.,15,1.0,0.9660137891769409,1000.0,966.0137939453125,pair_15_pos,1,0.8231033086776733,0.8484246134757996,0.9266473650932312,926.6473388671875,piebench_6_change_attribute_color_40_611000000003,0.7,10,appearance_like,first_two
20260845,6_change_attribute_color_40,0,images/piebench_6_change_attribute_color_40_611000000003/first_two/early/pair_15_neg.jpg,images/piebench_6_change_attribute_color_40_611000000003/first_two/final/pair_15_neg.jpg,3.5,Change the bunny from white to pink.,15,1.0,0.9660137891769409,1000.0,966.0137939453125,pair_15_neg,-1,0.9346796274185181,1.0465872287750244,0.9266473650932312,926.6473388671875,piebench_6_change_attribute_color_40_611000000003,0.7,10,appearance_like,first_two
20260862,7_change_attribute_material_40,0,images/piebench_7_change_attribute_material_40_711000000000/first_only/early/pair_00_pos.jpg,images/piebench_7_change_attribute_material_40_711000000000/first_only/final/pair_00_pos.jpg,3.5,Turn the brown bear into a knitted toy.,0,1.0,,1000.0,,pair_00_pos,1,0.721741259098053,0.9878273606300354,0.9660137891769409,966.0137939453125,piebench_7_change_attribute_material_40_711000000000,0.7,10,appearance_like,first_only
20260862,7_change_attribute_material_40,0,images/piebench_7_change_attribute_material_40_711000000000/first_only/early/pair_00_neg.jpg,images/piebench_7_change_attribute_material_40_711000000000/first_only/final/pair_00_neg.jpg,3.5,Turn the brown bear into a knitted toy.,0,1.0,,1000.0,,pair_00_neg,-1,0.7044149041175842,0.9498619437217712,0.9660137891769409,966.0137939453125,piebench_7_change_attribute_material_40_711000000000,0.7,10,appearance_like,first_only
20260862,7_change_attribute_material_40,0,images/piebench_7_change_attribute_material_40_711000000000/first_only/early/pair_01_pos.jpg,images/piebench_7_change_attribute_material_40_711000000000/first_only/final/pair_01_pos.jpg,3.5,Turn the brown bear into a knitted toy.,1,1.0,,1000.0,,pair_01_pos,1,0.7104036211967468,0.9912344217300415,0.9660137891769409,966.0137939453125,piebench_7_change_attribute_material_40_711000000000,0.7,10,appearance_like,first_only
20260862,7_change_attribute_material_40,0,images/piebench_7_change_attribute_material_40_711000000000/first_only/early/pair_01_neg.jpg,images/piebench_7_change_attribute_material_40_711000000000/first_only/final/pair_01_neg.jpg,3.5,Turn the brown bear into a knitted toy.,1,1.0,,1000.0,,pair_01_neg,-1,0.675098717212677,0.9829152226448059,0.9660137891769409,966.0137939453125,piebench_7_change_attribute_material_40_711000000000,0.7,10,appearance_like,first_only
20260862,7_change_attribute_material_40,0,images/piebench_7_change_attribute_material_40_711000000000/first_only/early/pair_02_pos.jpg,images/piebench_7_change_attribute_material_40_711000000000/first_only/final/pair_02_pos.jpg,3.5,Turn the brown bear into a knitted toy.,2,1.0,,1000.0,,pair_02_pos,1,0.6951661109924316,0.9734742641448975,0.9660137891769409,966.0137939453125,piebench_7_change_attribute_material_40_711000000000,0.7,10,appearance_like,first_only
20260862,7_change_attribute_material_40,0,images/piebench_7_change_attribute_material_40_711000000000/first_only/early/pair_02_neg.jpg,images/piebench_7_change_attribute_material_40_711000000000/first_only/final/pair_02_neg.jpg,3.5,Turn the brown bear into a knitted toy.,2,1.0,,1000.0,,pair_02_neg,-1,0.7389395833015442,0.9787843227386475,0.9660137891769409,966.0137939453125,piebench_7_change_attribute_material_40_711000000000,0.7,10,appearance_like,first_only
20260862,7_change_attribute_material_40,0,images/piebench_7_change_attribute_material_40_711000000000/first_only/early/pair_03_pos.jpg,images/piebench_7_change_attribute_material_40_711000000000/first_only/final/pair_03_pos.jpg,3.5,Turn the brown bear into a knitted toy.,3,1.0,,1000.0,,pair_03_pos,1,0.6999961733818054,0.9927335977554321,0.9660137891769409,966.0137939453125,piebench_7_change_attribute_material_40_711000000000,0.7,10,appearance_like,first_only
20260862,7_change_attribute_material_40,0,images/piebench_7_change_attribute_material_40_711000000000/first_only/early/pair_03_neg.jpg,images/piebench_7_change_attribute_material_40_711000000000/first_only/final/pair_03_neg.jpg,3.5,Turn the brown bear into a knitted toy.,3,1.0,,1000.0,,pair_03_neg,-1,0.7398392558097839,0.9677605628967285,0.9660137891769409,966.0137939453125,piebench_7_change_attribute_material_40_711000000000,0.7,10,appearance_like,first_only
20260862,7_change_attribute_material_40,0,images/piebench_7_change_attribute_material_40_711000000000/first_only/early/pair_04_pos.jpg,images/piebench_7_change_attribute_material_40_711000000000/first_only/final/pair_04_pos.jpg,3.5,Turn the brown bear into a knitted toy.,4,1.0,,1000.0,,pair_04_pos,1,0.7160619497299194,1.008758544921875,0.9660137891769409,966.0137939453125,piebench_7_change_attribute_material_40_711000000000,0.7,10,appearance_like,first_only
20260862,7_change_attribute_material_40,0,images/piebench_7_change_attribute_material_40_711000000000/first_only/early/pair_04_neg.jpg,images/piebench_7_change_attribute_material_40_711000000000/first_only/final/pair_04_neg.jpg,3.5,Turn the brown bear into a knitted toy.,4,1.0,,1000.0,,pair_04_neg,-1,0.7136625647544861,0.9729028344154358,0.9660137891769409,966.0137939453125,piebench_7_change_attribute_material_40_711000000000,0.7,10,appearance_like,first_only
20260862,7_change_attribute_material_40,0,images/piebench_7_change_attribute_material_40_711000000000/first_only/early/pair_05_pos.jpg,images/piebench_7_change_attribute_material_40_711000000000/first_only/final/pair_05_pos.jpg,3.5,Turn the brown bear into a knitted toy.,5,1.0,,1000.0,,pair_05_pos,1,0.7401000261306763,0.957401692867279,0.9660137891769409,966.0137939453125,piebench_7_change_attribute_material_40_711000000000,0.7,10,appearance_like,first_only
20260862,7_change_attribute_material_40,0,images/piebench_7_change_attribute_material_40_711000000000/first_only/early/pair_05_neg.jpg,images/piebench_7_change_attribute_material_40_711000000000/first_only/final/pair_05_neg.jpg,3.5,Turn the brown bear into a knitted toy.,5,1.0,,1000.0,,pair_05_neg,-1,0.7259397506713867,0.9696245193481445,0.9660137891769409,966.0137939453125,piebench_7_change_attribute_material_40_711000000000,0.7,10,appearance_like,first_only
20260862,7_change_attribute_material_40,0,images/piebench_7_change_attribute_material_40_711000000000/first_only/early/pair_06_pos.jpg,images/piebench_7_change_attribute_material_40_711000000000/first_only/final/pair_06_pos.jpg,3.5,Turn the brown bear into a knitted toy.,6,1.0,,1000.0,,pair_06_pos,1,0.7341904640197754,0.9833307266235352,0.9660137891769409,966.0137939453125,piebench_7_change_attribute_material_40_711000000000,0.7,10,appearance_like,first_only
20260862,7_change_attribute_material_40,0,images/piebench_7_change_attribute_material_40_711000000000/first_only/early/pair_06_neg.jpg,images/piebench_7_change_attribute_material_40_711000000000/first_only/final/pair_06_neg.jpg,3.5,Turn the brown bear into a knitted toy.,6,1.0,,1000.0,,pair_06_neg,-1,0.7485498785972595,0.9691476225852966,0.9660137891769409,966.0137939453125,piebench_7_change_attribute_material_40_711000000000,0.7,10,appearance_like,first_only
20260862,7_change_attribute_material_40,0,images/piebench_7_change_attribute_material_40_711000000000/first_only/early/pair_07_pos.jpg,images/piebench_7_change_attribute_material_40_711000000000/first_only/final/pair_07_pos.jpg,3.5,Turn the brown bear into a knitted toy.,7,1.0,,1000.0,,pair_07_pos,1,0.693001925945282,0.9542936682701111,0.9660137891769409,966.0137939453125,piebench_7_change_attribute_material_40_711000000000,0.7,10,appearance_like,first_only
20260862,7_change_attribute_material_40,0,images/piebench_7_change_attribute_material_40_711000000000/first_only/early/pair_07_neg.jpg,images/piebench_7_change_attribute_material_40_711000000000/first_only/final/pair_07_neg.jpg,3.5,Turn the brown bear into a knitted toy.,7,1.0,,1000.0,,pair_07_neg,-1,0.7133302092552185,0.9479256868362427,0.9660137891769409,966.0137939453125,piebench_7_change_attribute_material_40_711000000000,0.7,10,appearance_like,first_only
20260862,7_change_attribute_material_40,0,images/piebench_7_change_attribute_material_40_711000000000/first_only/early/pair_08_pos.jpg,images/piebench_7_change_attribute_material_40_711000000000/first_only/final/pair_08_pos.jpg,3.5,Turn the brown bear into a knitted toy.,8,1.0,,1000.0,,pair_08_pos,1,0.7408244609832764,0.9677592515945435,0.9660137891769409,966.0137939453125,piebench_7_change_attribute_material_40_711000000000,0.7,10,appearance_like,first_only
20260862,7_change_attribute_material_40,0,images/piebench_7_change_attribute_material_40_711000000000/first_only/early/pair_08_neg.jpg,images/piebench_7_change_attribute_material_40_711000000000/first_only/final/pair_08_neg.jpg,3.5,Turn the brown bear into a knitted toy.,8,1.0,,1000.0,,pair_08_neg,-1,0.7221397757530212,0.9780790209770203,0.9660137891769409,966.0137939453125,piebench_7_change_attribute_material_40_711000000000,0.7,10,appearance_like,first_only
20260862,7_change_attribute_material_40,0,images/piebench_7_change_attribute_material_40_711000000000/first_only/early/pair_09_pos.jpg,images/piebench_7_change_attribute_material_40_711000000000/first_only/final/pair_09_pos.jpg,3.5,Turn the brown bear into a knitted toy.,9,1.0,,1000.0,,pair_09_pos,1,0.7629740238189697,0.9864868521690369,0.9660137891769409,966.0137939453125,piebench_7_change_attribute_material_40_711000000000,0.7,10,appearance_like,first_only
20260862,7_change_attribute_material_40,0,images/piebench_7_change_attribute_material_40_711000000000/first_only/early/pair_09_neg.jpg,images/piebench_7_change_attribute_material_40_711000000000/first_only/final/pair_09_neg.jpg,3.5,Turn the brown bear into a knitted toy.,9,1.0,,1000.0,,pair_09_neg,-1,0.6878401041030884,0.8930530548095703,0.9660137891769409,966.0137939453125,piebench_7_change_attribute_material_40_711000000000,0.7,10,appearance_like,first_only
20260862,7_change_attribute_material_40,0,images/piebench_7_change_attribute_material_40_711000000000/first_only/early/pair_10_pos.jpg,images/piebench_7_change_attribute_material_40_711000000000/first_only/final/pair_10_pos.jpg,3.5,Turn the brown bear into a knitted toy.,10,1.0,,1000.0,,pair_10_pos,1,0.699147641658783,0.9547619819641113,0.9660137891769409,966.0137939453125,piebench_7_change_attribute_material_40_711000000000,0.7,10,appearance_like,first_only
20260862,7_change_attribute_material_40,0,images/piebench_7_change_attribute_material_40_711000000000/first_only/early/pair_10_neg.jpg,images/piebench_7_change_attribute_material_40_711000000000/first_only/final/pair_10_neg.jpg,3.5,Turn the brown bear into a knitted toy.,10,1.0,,1000.0,,pair_10_neg,-1,0.757773220539093,1.001550316810608,0.9660137891769409,966.0137939453125,piebench_7_change_attribute_material_40_711000000000,0.7,10,appearance_like,first_only
20260862,7_change_attribute_material_40,0,images/piebench_7_change_attribute_material_40_711000000000/first_only/early/pair_11_pos.jpg,images/piebench_7_change_attribute_material_40_711000000000/first_only/final/pair_11_pos.jpg,3.5,Turn the brown bear into a knitted toy.,11,1.0,,1000.0,,pair_11_pos,1,0.7195016145706177,0.9859100580215454,0.9660137891769409,966.0137939453125,piebench_7_change_attribute_material_40_711000000000,0.7,10,appearance_like,first_only
20260862,7_change_attribute_material_40,0,images/piebench_7_change_attribute_material_40_711000000000/first_only/early/pair_11_neg.jpg,images/piebench_7_change_attribute_material_40_711000000000/first_only/final/pair_11_neg.jpg,3.5,Turn the brown bear into a knitted toy.,11,1.0,,1000.0,,pair_11_neg,-1,0.7066207528114319,0.9604021906852722,0.9660137891769409,966.0137939453125,piebench_7_change_attribute_material_40_711000000000,0.7,10,appearance_like,first_only
20260862,7_change_attribute_material_40,0,images/piebench_7_change_attribute_material_40_711000000000/first_only/early/pair_12_pos.jpg,images/piebench_7_change_attribute_material_40_711000000000/first_only/final/pair_12_pos.jpg,3.5,Turn the brown bear into a knitted toy.,12,1.0,,1000.0,,pair_12_pos,1,0.7533309459686279,0.9480025768280029,0.9660137891769409,966.0137939453125,piebench_7_change_attribute_material_40_711000000000,0.7,10,appearance_like,first_only
20260862,7_change_attribute_material_40,0,images/piebench_7_change_attribute_material_40_711000000000/first_only/early/pair_12_neg.jpg,images/piebench_7_change_attribute_material_40_711000000000/first_only/final/pair_12_neg.jpg,3.5,Turn the brown bear into a knitted toy.,12,1.0,,1000.0,,pair_12_neg,-1,0.6962617039680481,0.9522823691368103,0.9660137891769409,966.0137939453125,piebench_7_change_attribute_material_40_711000000000,0.7,10,appearance_like,first_only
20260862,7_change_attribute_material_40,0,images/piebench_7_change_attribute_material_40_711000000000/first_only/early/pair_13_pos.jpg,images/piebench_7_change_attribute_material_40_711000000000/first_only/final/pair_13_pos.jpg,3.5,Turn the brown bear into a knitted toy.,13,1.0,,1000.0,,pair_13_pos,1,0.7595278024673462,1.0014605522155762,0.9660137891769409,966.0137939453125,piebench_7_change_attribute_material_40_711000000000,0.7,10,appearance_like,first_only
20260862,7_change_attribute_material_40,0,images/piebench_7_change_attribute_material_40_711000000000/first_only/early/pair_13_neg.jpg,images/piebench_7_change_attribute_material_40_711000000000/first_only/final/pair_13_neg.jpg,3.5,Turn the brown bear into a knitted toy.,13,1.0,,1000.0,,pair_13_neg,-1,0.674970269203186,0.9783177971839905,0.9660137891769409,966.0137939453125,piebench_7_change_attribute_material_40_711000000000,0.7,10,appearance_like,first_only
20260862,7_change_attribute_material_40,0,images/piebench_7_change_attribute_material_40_711000000000/first_only/early/pair_14_pos.jpg,images/piebench_7_change_attribute_material_40_711000000000/first_only/final/pair_14_pos.jpg,3.5,Turn the brown bear into a knitted toy.,14,1.0,,1000.0,,pair_14_pos,1,0.7667686343193054,0.9880525469779968,0.9660137891769409,966.0137939453125,piebench_7_change_attribute_material_40_711000000000,0.7,10,appearance_like,first_only
20260862,7_change_attribute_material_40,0,images/piebench_7_change_attribute_material_40_711000000000/first_only/early/pair_14_neg.jpg,images/piebench_7_change_attribute_material_40_711000000000/first_only/final/pair_14_neg.jpg,3.5,Turn the brown bear into a knitted toy.,14,1.0,,1000.0,,pair_14_neg,-1,0.7248297929763794,0.9673171043395996,0.9660137891769409,966.0137939453125,piebench_7_change_attribute_material_40_711000000000,0.7,10,appearance_like,first_only
20260862,7_change_attribute_material_40,0,images/piebench_7_change_attribute_material_40_711000000000/first_only/early/pair_15_pos.jpg,images/piebench_7_change_attribute_material_40_711000000000/first_only/final/pair_15_pos.jpg,3.5,Turn the brown bear into a knitted toy.,15,1.0,,1000.0,,pair_15_pos,1,0.6739934682846069,0.9704087972640991,0.9660137891769409,966.0137939453125,piebench_7_change_attribute_material_40_711000000000,0.7,10,appearance_like,first_only
20260862,7_change_attribute_material_40,0,images/piebench_7_change_attribute_material_40_711000000000/first_only/early/pair_15_neg.jpg,images/piebench_7_change_attribute_material_40_711000000000/first_only/final/pair_15_neg.jpg,3.5,Turn the brown bear into a knitted toy.,15,1.0,,1000.0,,pair_15_neg,-1,0.7269214987754822,0.9825958013534546,0.9660137891769409,966.0137939453125,piebench_7_change_attribute_material_40_711000000000,0.7,10,appearance_like,first_only
20260862,7_change_attribute_material_40,0,images/piebench_7_change_attribute_material_40_711000000000/first_two/early/pair_00_pos.jpg,images/piebench_7_change_attribute_material_40_711000000000/first_two/final/pair_00_pos.jpg,3.5,Turn the brown bear into a knitted toy.,0,1.0,0.9660137891769409,1000.0,966.0137939453125,pair_00_pos,1,0.7937195301055908,0.9711184501647949,0.9266473650932312,926.6473388671875,piebench_7_change_attribute_material_40_711000000000,0.7,10,appearance_like,first_two
20260862,7_change_attribute_material_40,0,images/piebench_7_change_attribute_material_40_711000000000/first_two/early/pair_00_neg.jpg,images/piebench_7_change_attribute_material_40_711000000000/first_two/final/pair_00_neg.jpg,3.5,Turn the brown bear into a knitted toy.,0,1.0,0.9660137891769409,1000.0,966.0137939453125,pair_00_neg,-1,0.7587689161300659,0.9727626442909241,0.9266473650932312,926.6473388671875,piebench_7_change_attribute_material_40_711000000000,0.7,10,appearance_like,first_two
20260862,7_change_attribute_material_40,0,images/piebench_7_change_attribute_material_40_711000000000/first_two/early/pair_01_pos.jpg,images/piebench_7_change_attribute_material_40_711000000000/first_two/final/pair_01_pos.jpg,3.5,Turn the brown bear into a knitted toy.,1,1.0,0.9660137891769409,1000.0,966.0137939453125,pair_01_pos,1,0.817882239818573,0.9751093983650208,0.9266473650932312,926.6473388671875,piebench_7_change_attribute_material_40_711000000000,0.7,10,appearance_like,first_two
20260862,7_change_attribute_material_40,0,images/piebench_7_change_attribute_material_40_711000000000/first_two/early/pair_01_neg.jpg,images/piebench_7_change_attribute_material_40_711000000000/first_two/final/pair_01_neg.jpg,3.5,Turn the brown bear into a knitted toy.,1,1.0,0.9660137891769409,1000.0,966.0137939453125,pair_01_neg,-1,0.7731106281280518,0.9608466625213623,0.9266473650932312,926.6473388671875,piebench_7_change_attribute_material_40_711000000000,0.7,10,appearance_like,first_two
20260862,7_change_attribute_material_40,0,images/piebench_7_change_attribute_material_40_711000000000/first_two/early/pair_02_pos.jpg,images/piebench_7_change_attribute_material_40_711000000000/first_two/final/pair_02_pos.jpg,3.5,Turn the brown bear into a knitted toy.,2,1.0,0.9660137891769409,1000.0,966.0137939453125,pair_02_pos,1,0.7835161685943604,0.9777804017066956,0.9266473650932312,926.6473388671875,piebench_7_change_attribute_material_40_711000000000,0.7,10,appearance_like,first_two
20260862,7_change_attribute_material_40,0,images/piebench_7_change_attribute_material_40_711000000000/first_two/early/pair_02_neg.jpg,images/piebench_7_change_attribute_material_40_711000000000/first_two/final/pair_02_neg.jpg,3.5,Turn the brown bear into a knitted toy.,2,1.0,0.9660137891769409,1000.0,966.0137939453125,pair_02_neg,-1,0.8447641134262085,0.9834112524986267,0.9266473650932312,926.6473388671875,piebench_7_change_attribute_material_40_711000000000,0.7,10,appearance_like,first_two
20260862,7_change_attribute_material_40,0,images/piebench_7_change_attribute_material_40_711000000000/first_two/early/pair_03_pos.jpg,images/piebench_7_change_attribute_material_40_711000000000/first_two/final/pair_03_pos.jpg,3.5,Turn the brown bear into a knitted toy.,3,1.0,0.9660137891769409,1000.0,966.0137939453125,pair_03_pos,1,0.8712950348854065,0.9859818816184998,0.9266473650932312,926.6473388671875,piebench_7_change_attribute_material_40_711000000000,0.7,10,appearance_like,first_two
20260862,7_change_attribute_material_40,0,images/piebench_7_change_attribute_material_40_711000000000/first_two/early/pair_03_neg.jpg,images/piebench_7_change_attribute_material_40_711000000000/first_two/final/pair_03_neg.jpg,3.5,Turn the brown bear into a knitted toy.,3,1.0,0.9660137891769409,1000.0,966.0137939453125,pair_03_neg,-1,0.750258207321167,0.9652860164642334,0.9266473650932312,926.6473388671875,piebench_7_change_attribute_material_40_711000000000,0.7,10,appearance_like,first_two
20260862,7_change_attribute_material_40,0,images/piebench_7_change_attribute_material_40_711000000000/first_two/early/pair_04_pos.jpg,images/piebench_7_change_attribute_material_40_711000000000/first_two/final/pair_04_pos.jpg,3.5,Turn the brown bear into a knitted toy.,4,1.0,0.9660137891769409,1000.0,966.0137939453125,pair_04_pos,1,0.8509339094161987,0.9868860840797424,0.9266473650932312,926.6473388671875,piebench_7_change_attribute_material_40_711000000000,0.7,10,appearance_like,first_two
20260862,7_change_attribute_material_40,0,images/piebench_7_change_attribute_material_40_711000000000/first_two/early/pair_04_neg.jpg,images/piebench_7_change_attribute_material_40_711000000000/first_two/final/pair_04_neg.jpg,3.5,Turn the brown bear into a knitted toy.,4,1.0,0.9660137891769409,1000.0,966.0137939453125,pair_04_neg,-1,0.7937164306640625,0.9877778887748718,0.9266473650932312,926.6473388671875,piebench_7_change_attribute_material_40_711000000000,0.7,10,appearance_like,first_two
20260862,7_change_attribute_material_40,0,images/piebench_7_change_attribute_material_40_711000000000/first_two/early/pair_05_pos.jpg,images/piebench_7_change_attribute_material_40_711000000000/first_two/final/pair_05_pos.jpg,3.5,Turn the brown bear into a knitted toy.,5,1.0,0.9660137891769409,1000.0,966.0137939453125,pair_05_pos,1,0.7933064699172974,0.9931416511535645,0.9266473650932312,926.6473388671875,piebench_7_change_attribute_material_40_711000000000,0.7,10,appearance_like,first_two
20260862,7_change_attribute_material_40,0,images/piebench_7_change_attribute_material_40_711000000000/first_two/early/pair_05_neg.jpg,images/piebench_7_change_attribute_material_40_711000000000/first_two/final/pair_05_neg.jpg,3.5,Turn the brown bear into a knitted toy.,5,1.0,0.9660137891769409,1000.0,966.0137939453125,pair_05_neg,-1,0.7712402939796448,0.9289580583572388,0.9266473650932312,926.6473388671875,piebench_7_change_attribute_material_40_711000000000,0.7,10,appearance_like,first_two
20260862,7_change_attribute_material_40,0,images/piebench_7_change_attribute_material_40_711000000000/first_two/early/pair_06_pos.jpg,images/piebench_7_change_attribute_material_40_711000000000/first_two/final/pair_06_pos.jpg,3.5,Turn the brown bear into a knitted toy.,6,1.0,0.9660137891769409,1000.0,966.0137939453125,pair_06_pos,1,0.7679088115692139,0.9766727685928345,0.9266473650932312,926.6473388671875,piebench_7_change_attribute_material_40_711000000000,0.7,10,appearance_like,first_two
20260862,7_change_attribute_material_40,0,images/piebench_7_change_attribute_material_40_711000000000/first_two/early/pair_06_neg.jpg,images/piebench_7_change_attribute_material_40_711000000000/first_two/final/pair_06_neg.jpg,3.5,Turn the brown bear into a knitted toy.,6,1.0,0.9660137891769409,1000.0,966.0137939453125,pair_06_neg,-1,0.8620514273643494,0.9558472633361816,0.9266473650932312,926.6473388671875,piebench_7_change_attribute_material_40_711000000000,0.7,10,appearance_like,first_two
20260862,7_change_attribute_material_40,0,images/piebench_7_change_attribute_material_40_711000000000/first_two/early/pair_07_pos.jpg,images/piebench_7_change_attribute_material_40_711000000000/first_two/final/pair_07_pos.jpg,3.5,Turn the brown bear into a knitted toy.,7,1.0,0.9660137891769409,1000.0,966.0137939453125,pair_07_pos,1,0.7921357750892639,0.957347571849823,0.9266473650932312,926.6473388671875,piebench_7_change_attribute_material_40_711000000000,0.7,10,appearance_like,first_two
20260862,7_change_attribute_material_40,0,images/piebench_7_change_attribute_material_40_711000000000/first_two/early/pair_07_neg.jpg,images/piebench_7_change_attribute_material_40_711000000000/first_two/final/pair_07_neg.jpg,3.5,Turn the brown bear into a knitted toy.,7,1.0,0.9660137891769409,1000.0,966.0137939453125,pair_07_neg,-1,0.7994514107704163,0.9340066313743591,0.9266473650932312,926.6473388671875,piebench_7_change_attribute_material_40_711000000000,0.7,10,appearance_like,first_two
20260862,7_change_attribute_material_40,0,images/piebench_7_change_attribute_material_40_711000000000/first_two/early/pair_08_pos.jpg,images/piebench_7_change_attribute_material_40_711000000000/first_two/final/pair_08_pos.jpg,3.5,Turn the brown bear into a knitted toy.,8,1.0,0.9660137891769409,1000.0,966.0137939453125,pair_08_pos,1,0.8302141427993774,0.9490122199058533,0.9266473650932312,926.6473388671875,piebench_7_change_attribute_material_40_711000000000,0.7,10,appearance_like,first_two
20260862,7_change_attribute_material_40,0,images/piebench_7_change_attribute_material_40_711000000000/first_two/early/pair_08_neg.jpg,images/piebench_7_change_attribute_material_40_711000000000/first_two/final/pair_08_neg.jpg,3.5,Turn the brown bear into a knitted toy.,8,1.0,0.9660137891769409,1000.0,966.0137939453125,pair_08_neg,-1,0.7486611008644104,0.9489279985427856,0.9266473650932312,926.6473388671875,piebench_7_change_attribute_material_40_711000000000,0.7,10,appearance_like,first_two
20260862,7_change_attribute_material_40,0,images/piebench_7_change_attribute_material_40_711000000000/first_two/early/pair_09_pos.jpg,images/piebench_7_change_attribute_material_40_711000000000/first_two/final/pair_09_pos.jpg,3.5,Turn the brown bear into a knitted toy.,9,1.0,0.9660137891769409,1000.0,966.0137939453125,pair_09_pos,1,0.8416127562522888,0.9562540650367737,0.9266473650932312,926.6473388671875,piebench_7_change_attribute_material_40_711000000000,0.7,10,appearance_like,first_two
20260862,7_change_attribute_material_40,0,images/piebench_7_change_attribute_material_40_711000000000/first_two/early/pair_09_neg.jpg,images/piebench_7_change_attribute_material_40_711000000000/first_two/final/pair_09_neg.jpg,3.5,Turn the brown bear into a knitted toy.,9,1.0,0.9660137891769409,1000.0,966.0137939453125,pair_09_neg,-1,0.7695191502571106,0.9543874263763428,0.9266473650932312,926.6473388671875,piebench_7_change_attribute_material_40_711000000000,0.7,10,appearance_like,first_two
20260862,7_change_attribute_material_40,0,images/piebench_7_change_attribute_material_40_711000000000/first_two/early/pair_10_pos.jpg,images/piebench_7_change_attribute_material_40_711000000000/first_two/final/pair_10_pos.jpg,3.5,Turn the brown bear into a knitted toy.,10,1.0,0.9660137891769409,1000.0,966.0137939453125,pair_10_pos,1,0.755843460559845,0.9563645124435425,0.9266473650932312,926.6473388671875,piebench_7_change_attribute_material_40_711000000000,0.7,10,appearance_like,first_two
20260862,7_change_attribute_material_40,0,images/piebench_7_change_attribute_material_40_711000000000/first_two/early/pair_10_neg.jpg,images/piebench_7_change_attribute_material_40_711000000000/first_two/final/pair_10_neg.jpg,3.5,Turn the brown bear into a knitted toy.,10,1.0,0.9660137891769409,1000.0,966.0137939453125,pair_10_neg,-1,0.8101068139076233,0.98562091588974,0.9266473650932312,926.6473388671875,piebench_7_change_attribute_material_40_711000000000,0.7,10,appearance_like,first_two
20260862,7_change_attribute_material_40,0,images/piebench_7_change_attribute_material_40_711000000000/first_two/early/pair_11_pos.jpg,images/piebench_7_change_attribute_material_40_711000000000/first_two/final/pair_11_pos.jpg,3.5,Turn the brown bear into a knitted toy.,11,1.0,0.9660137891769409,1000.0,966.0137939453125,pair_11_pos,1,0.7774180173873901,0.9694476127624512,0.9266473650932312,926.6473388671875,piebench_7_change_attribute_material_40_711000000000,0.7,10,appearance_like,first_two
20260862,7_change_attribute_material_40,0,images/piebench_7_change_attribute_material_40_711000000000/first_two/early/pair_11_neg.jpg,images/piebench_7_change_attribute_material_40_711000000000/first_two/final/pair_11_neg.jpg,3.5,Turn the brown bear into a knitted toy.,11,1.0,0.9660137891769409,1000.0,966.0137939453125,pair_11_neg,-1,0.7616189122200012,0.960796058177948,0.9266473650932312,926.6473388671875,piebench_7_change_attribute_material_40_711000000000,0.7,10,appearance_like,first_two
20260862,7_change_attribute_material_40,0,images/piebench_7_change_attribute_material_40_711000000000/first_two/early/pair_12_pos.jpg,images/piebench_7_change_attribute_material_40_711000000000/first_two/final/pair_12_pos.jpg,3.5,Turn the brown bear into a knitted toy.,12,1.0,0.9660137891769409,1000.0,966.0137939453125,pair_12_pos,1,0.8220841288566589,0.9597645401954651,0.9266473650932312,926.6473388671875,piebench_7_change_attribute_material_40_711000000000,0.7,10,appearance_like,first_two
20260862,7_change_attribute_material_40,0,images/piebench_7_change_attribute_material_40_711000000000/first_two/early/pair_12_neg.jpg,images/piebench_7_change_attribute_material_40_711000000000/first_two/final/pair_12_neg.jpg,3.5,Turn the brown bear into a knitted toy.,12,1.0,0.9660137891769409,1000.0,966.0137939453125,pair_12_neg,-1,0.780938446521759,0.9783564805984497,0.9266473650932312,926.6473388671875,piebench_7_change_attribute_material_40_711000000000,0.7,10,appearance_like,first_two
20260862,7_change_attribute_material_40,0,images/piebench_7_change_attribute_material_40_711000000000/first_two/early/pair_13_pos.jpg,images/piebench_7_change_attribute_material_40_711000000000/first_two/final/pair_13_pos.jpg,3.5,Turn the brown bear into a knitted toy.,13,1.0,0.9660137891769409,1000.0,966.0137939453125,pair_13_pos,1,0.8420915007591248,0.9899547100067139,0.9266473650932312,926.6473388671875,piebench_7_change_attribute_material_40_711000000000,0.7,10,appearance_like,first_two
20260862,7_change_attribute_material_40,0,images/piebench_7_change_attribute_material_40_711000000000/first_two/early/pair_13_neg.jpg,images/piebench_7_change_attribute_material_40_711000000000/first_two/final/pair_13_neg.jpg,3.5,Turn the brown bear into a knitted toy.,13,1.0,0.9660137891769409,1000.0,966.0137939453125,pair_13_neg,-1,0.7742928266525269,0.9586338996887207,0.9266473650932312,926.6473388671875,piebench_7_change_attribute_material_40_711000000000,0.7,10,appearance_like,first_two
20260862,7_change_attribute_material_40,0,images/piebench_7_change_attribute_material_40_711000000000/first_two/early/pair_14_pos.jpg,images/piebench_7_change_attribute_material_40_711000000000/first_two/final/pair_14_pos.jpg,3.5,Turn the brown bear into a knitted toy.,14,1.0,0.9660137891769409,1000.0,966.0137939453125,pair_14_pos,1,0.7806346416473389,0.9765035510063171,0.9266473650932312,926.6473388671875,piebench_7_change_attribute_material_40_711000000000,0.7,10,appearance_like,first_two
20260862,7_change_attribute_material_40,0,images/piebench_7_change_attribute_material_40_711000000000/first_two/early/pair_14_neg.jpg,images/piebench_7_change_attribute_material_40_711000000000/first_two/final/pair_14_neg.jpg,3.5,Turn the brown bear into a knitted toy.,14,1.0,0.9660137891769409,1000.0,966.0137939453125,pair_14_neg,-1,0.7959779500961304,0.9633457064628601,0.9266473650932312,926.6473388671875,piebench_7_change_attribute_material_40_711000000000,0.7,10,appearance_like,first_two
20260862,7_change_attribute_material_40,0,images/piebench_7_change_attribute_material_40_711000000000/first_two/early/pair_15_pos.jpg,images/piebench_7_change_attribute_material_40_711000000000/first_two/final/pair_15_pos.jpg,3.5,Turn the brown bear into a knitted toy.,15,1.0,0.9660137891769409,1000.0,966.0137939453125,pair_15_pos,1,0.8208855390548706,0.9703049063682556,0.9266473650932312,926.6473388671875,piebench_7_change_attribute_material_40_711000000000,0.7,10,appearance_like,first_two
20260862,7_change_attribute_material_40,0,images/piebench_7_change_attribute_material_40_711000000000/first_two/early/pair_15_neg.jpg,images/piebench_7_change_attribute_material_40_711000000000/first_two/final/pair_15_neg.jpg,3.5,Turn the brown bear into a knitted toy.,15,1.0,0.9660137891769409,1000.0,966.0137939453125,pair_15_neg,-1,0.7745295166969299,0.9587570428848267,0.9266473650932312,926.6473388671875,piebench_7_change_attribute_material_40_711000000000,0.7,10,appearance_like,first_two
20260866,7_change_attribute_material_40,0,images/piebench_7_change_attribute_material_40_711000000004/first_only/early/pair_00_pos.jpg,images/piebench_7_change_attribute_material_40_711000000004/first_only/final/pair_00_pos.jpg,3.5,Turn the kitten into a golden sculpture.,0,1.0,,1000.0,,pair_00_pos,1,0.8659393787384033,0.9977619647979736,0.9660137891769409,966.0137939453125,piebench_7_change_attribute_material_40_711000000004,0.7,10,appearance_like,first_only
20260866,7_change_attribute_material_40,0,images/piebench_7_change_attribute_material_40_711000000004/first_only/early/pair_00_neg.jpg,images/piebench_7_change_attribute_material_40_711000000004/first_only/final/pair_00_neg.jpg,3.5,Turn the kitten into a golden sculpture.,0,1.0,,1000.0,,pair_00_neg,-1,1.0170656442642212,0.9819080829620361,0.9660137891769409,966.0137939453125,piebench_7_change_attribute_material_40_711000000004,0.7,10,appearance_like,first_only
20260866,7_change_attribute_material_40,0,images/piebench_7_change_attribute_material_40_711000000004/first_only/early/pair_01_pos.jpg,images/piebench_7_change_attribute_material_40_711000000004/first_only/final/pair_01_pos.jpg,3.5,Turn the kitten into a golden sculpture.,1,1.0,,1000.0,,pair_01_pos,1,0.9510292410850525,0.9915621280670166,0.9660137891769409,966.0137939453125,piebench_7_change_attribute_material_40_711000000004,0.7,10,appearance_like,first_only
20260866,7_change_attribute_material_40,0,images/piebench_7_change_attribute_material_40_711000000004/first_only/early/pair_01_neg.jpg,images/piebench_7_change_attribute_material_40_711000000004/first_only/final/pair_01_neg.jpg,3.5,Turn the kitten into a golden sculpture.,1,1.0,,1000.0,,pair_01_neg,-1,0.899825930595398,0.9391887784004211,0.9660137891769409,966.0137939453125,piebench_7_change_attribute_material_40_711000000004,0.7,10,appearance_like,first_only
20260866,7_change_attribute_material_40,0,images/piebench_7_change_attribute_material_40_711000000004/first_only/early/pair_02_pos.jpg,images/piebench_7_change_attribute_material_40_711000000004/first_only/final/pair_02_pos.jpg,3.5,Turn the kitten into a golden sculpture.,2,1.0,,1000.0,,pair_02_pos,1,0.926501452922821,0.9704118967056274,0.9660137891769409,966.0137939453125,piebench_7_change_attribute_material_40_711000000004,0.7,10,appearance_like,first_only
20260866,7_change_attribute_material_40,0,images/piebench_7_change_attribute_material_40_711000000004/first_only/early/pair_02_neg.jpg,images/piebench_7_change_attribute_material_40_711000000004/first_only/final/pair_02_neg.jpg,3.5,Turn the kitten into a golden sculpture.,2,1.0,,1000.0,,pair_02_neg,-1,0.9484830498695374,0.9797474145889282,0.9660137891769409,966.0137939453125,piebench_7_change_attribute_material_40_711000000004,0.7,10,appearance_like,first_only
20260866,7_change_attribute_material_40,0,images/piebench_7_change_attribute_material_40_711000000004/first_only/early/pair_03_pos.jpg,images/piebench_7_change_attribute_material_40_711000000004/first_only/final/pair_03_pos.jpg,3.5,Turn the kitten into a golden sculpture.,3,1.0,,1000.0,,pair_03_pos,1,0.948738694190979,0.9666218757629395,0.9660137891769409,966.0137939453125,piebench_7_change_attribute_material_40_711000000004,0.7,10,appearance_like,first_only
20260866,7_change_attribute_material_40,0,images/piebench_7_change_attribute_material_40_711000000004/first_only/early/pair_03_neg.jpg,images/piebench_7_change_attribute_material_40_711000000004/first_only/final/pair_03_neg.jpg,3.5,Turn the kitten into a golden sculpture.,3,1.0,,1000.0,,pair_03_neg,-1,0.9231931567192078,1.040412425994873,0.9660137891769409,966.0137939453125,piebench_7_change_attribute_material_40_711000000004,0.7,10,appearance_like,first_only
20260866,7_change_attribute_material_40,0,images/piebench_7_change_attribute_material_40_711000000004/first_only/early/pair_04_pos.jpg,images/piebench_7_change_attribute_material_40_711000000004/first_only/final/pair_04_pos.jpg,3.5,Turn the kitten into a golden sculpture.,4,1.0,,1000.0,,pair_04_pos,1,0.916869580745697,0.9546597599983215,0.9660137891769409,966.0137939453125,piebench_7_change_attribute_material_40_711000000004,0.7,10,appearance_like,first_only
20260866,7_change_attribute_material_40,0,images/piebench_7_change_attribute_material_40_711000000004/first_only/early/pair_04_neg.jpg,images/piebench_7_change_attribute_material_40_711000000004/first_only/final/pair_04_neg.jpg,3.5,Turn the kitten into a golden sculpture.,4,1.0,,1000.0,,pair_04_neg,-1,0.925525426864624,1.057223916053772,0.9660137891769409,966.0137939453125,piebench_7_change_attribute_material_40_711000000004,0.7,10,appearance_like,first_only
20260866,7_change_attribute_material_40,0,images/piebench_7_change_attribute_material_40_711000000004/first_only/early/pair_05_pos.jpg,images/piebench_7_change_attribute_material_40_711000000004/first_only/final/pair_05_pos.jpg,3.5,Turn the kitten into a golden sculpture.,5,1.0,,1000.0,,pair_05_pos,1,0.9846208691596985,1.00729501247406,0.9660137891769409,966.0137939453125,piebench_7_change_attribute_material_40_711000000004,0.7,10,appearance_like,first_only
20260866,7_change_attribute_material_40,0,images/piebench_7_change_attribute_material_40_711000000004/first_only/early/pair_05_neg.jpg,images/piebench_7_change_attribute_material_40_711000000004/first_only/final/pair_05_neg.jpg,3.5,Turn the kitten into a golden sculpture.,5,1.0,,1000.0,,pair_05_neg,-1,0.9046953320503235,0.9968742728233337,0.9660137891769409,966.0137939453125,piebench_7_change_attribute_material_40_711000000004,0.7,10,appearance_like,first_only
20260866,7_change_attribute_material_40,0,images/piebench_7_change_attribute_material_40_711000000004/first_only/early/pair_06_pos.jpg,images/piebench_7_change_attribute_material_40_711000000004/first_only/final/pair_06_pos.jpg,3.5,Turn the kitten into a golden sculpture.,6,1.0,,1000.0,,pair_06_pos,1,0.9325997233390808,1.034654140472412,0.9660137891769409,966.0137939453125,piebench_7_change_attribute_material_40_711000000004,0.7,10,appearance_like,first_only
20260866,7_change_attribute_material_40,0,images/piebench_7_change_attribute_material_40_711000000004/first_only/early/pair_06_neg.jpg,images/piebench_7_change_attribute_material_40_711000000004/first_only/final/pair_06_neg.jpg,3.5,Turn the kitten into a golden sculpture.,6,1.0,,1000.0,,pair_06_neg,-1,0.9563694000244141,0.9707319736480713,0.9660137891769409,966.0137939453125,piebench_7_change_attribute_material_40_711000000004,0.7,10,appearance_like,first_only
20260866,7_change_attribute_material_40,0,images/piebench_7_change_attribute_material_40_711000000004/first_only/early/pair_07_pos.jpg,images/piebench_7_change_attribute_material_40_711000000004/first_only/final/pair_07_pos.jpg,3.5,Turn the kitten into a golden sculpture.,7,1.0,,1000.0,,pair_07_pos,1,0.9516092538833618,0.9427472949028015,0.9660137891769409,966.0137939453125,piebench_7_change_attribute_material_40_711000000004,0.7,10,appearance_like,first_only
20260866,7_change_attribute_material_40,0,images/piebench_7_change_attribute_material_40_711000000004/first_only/early/pair_07_neg.jpg,images/piebench_7_change_attribute_material_40_711000000004/first_only/final/pair_07_neg.jpg,3.5,Turn the kitten into a golden sculpture.,7,1.0,,1000.0,,pair_07_neg,-1,0.8743816614151001,0.984687328338623,0.9660137891769409,966.0137939453125,piebench_7_change_attribute_material_40_711000000004,0.7,10,appearance_like,first_only
20260866,7_change_attribute_material_40,0,images/piebench_7_change_attribute_material_40_711000000004/first_only/early/pair_08_pos.jpg,images/piebench_7_change_attribute_material_40_711000000004/first_only/final/pair_08_pos.jpg,3.5,Turn the kitten into a golden sculpture.,8,1.0,,1000.0,,pair_08_pos,1,0.9796043038368225,1.0116597414016724,0.9660137891769409,966.0137939453125,piebench_7_change_attribute_material_40_711000000004,0.7,10,appearance_like,first_only
20260866,7_change_attribute_material_40,0,images/piebench_7_change_attribute_material_40_711000000004/first_only/early/pair_08_neg.jpg,images/piebench_7_change_attribute_material_40_711000000004/first_only/final/pair_08_neg.jpg,3.5,Turn the kitten into a golden sculpture.,8,1.0,,1000.0,,pair_08_neg,-1,0.8653397560119629,0.8743138909339905,0.9660137891769409,966.0137939453125,piebench_7_change_attribute_material_40_711000000004,0.7,10,appearance_like,first_only
20260866,7_change_attribute_material_40,0,images/piebench_7_change_attribute_material_40_711000000004/first_only/early/pair_09_pos.jpg,images/piebench_7_change_attribute_material_40_711000000004/first_only/final/pair_09_pos.jpg,3.5,Turn the kitten into a golden sculpture.,9,1.0,,1000.0,,pair_09_pos,1,0.8829701542854309,0.9608845114707947,0.9660137891769409,966.0137939453125,piebench_7_change_attribute_material_40_711000000004,0.7,10,appearance_like,first_only
20260866,7_change_attribute_material_40,0,images/piebench_7_change_attribute_material_40_711000000004/first_only/early/pair_09_neg.jpg,images/piebench_7_change_attribute_material_40_711000000004/first_only/final/pair_09_neg.jpg,3.5,Turn the kitten into a golden sculpture.,9,1.0,,1000.0,,pair_09_neg,-1,0.9223812818527222,1.0410540103912354,0.9660137891769409,966.0137939453125,piebench_7_change_attribute_material_40_711000000004,0.7,10,appearance_like,first_only
20260866,7_change_attribute_material_40,0,images/piebench_7_change_attribute_material_40_711000000004/first_only/early/pair_10_pos.jpg,images/piebench_7_change_attribute_material_40_711000000004/first_only/final/pair_10_pos.jpg,3.5,Turn the kitten into a golden sculpture.,10,1.0,,1000.0,,pair_10_pos,1,0.9841636419296265,1.0535131692886353,0.9660137891769409,966.0137939453125,piebench_7_change_attribute_material_40_711000000004,0.7,10,appearance_like,first_only
20260866,7_change_attribute_material_40,0,images/piebench_7_change_attribute_material_40_711000000004/first_only/early/pair_10_neg.jpg,images/piebench_7_change_attribute_material_40_711000000004/first_only/final/pair_10_neg.jpg,3.5,Turn the kitten into a golden sculpture.,10,1.0,,1000.0,,pair_10_neg,-1,0.9193834066390991,0.9710310101509094,0.9660137891769409,966.0137939453125,piebench_7_change_attribute_material_40_711000000004,0.7,10,appearance_like,first_only
20260866,7_change_attribute_material_40,0,images/piebench_7_change_attribute_material_40_711000000004/first_only/early/pair_11_pos.jpg,images/piebench_7_change_attribute_material_40_711000000004/first_only/final/pair_11_pos.jpg,3.5,Turn the kitten into a golden sculpture.,11,1.0,,1000.0,,pair_11_pos,1,0.8387892246246338,0.9497802257537842,0.9660137891769409,966.0137939453125,piebench_7_change_attribute_material_40_711000000004,0.7,10,appearance_like,first_only
20260866,7_change_attribute_material_40,0,images/piebench_7_change_attribute_material_40_711000000004/first_only/early/pair_11_neg.jpg,images/piebench_7_change_attribute_material_40_711000000004/first_only/final/pair_11_neg.jpg,3.5,Turn the kitten into a golden sculpture.,11,1.0,,1000.0,,pair_11_neg,-1,0.9213566780090332,0.9940716028213501,0.9660137891769409,966.0137939453125,piebench_7_change_attribute_material_40_711000000004,0.7,10,appearance_like,first_only
20260866,7_change_attribute_material_40,0,images/piebench_7_change_attribute_material_40_711000000004/first_only/early/pair_12_pos.jpg,images/piebench_7_change_attribute_material_40_711000000004/first_only/final/pair_12_pos.jpg,3.5,Turn the kitten into a golden sculpture.,12,1.0,,1000.0,,pair_12_pos,1,0.978328287601471,1.0212925672531128,0.9660137891769409,966.0137939453125,piebench_7_change_attribute_material_40_711000000004,0.7,10,appearance_like,first_only
20260866,7_change_attribute_material_40,0,images/piebench_7_change_attribute_material_40_711000000004/first_only/early/pair_12_neg.jpg,images/piebench_7_change_attribute_material_40_711000000004/first_only/final/pair_12_neg.jpg,3.5,Turn the kitten into a golden sculpture.,12,1.0,,1000.0,,pair_12_neg,-1,0.9504039883613586,1.077918529510498,0.9660137891769409,966.0137939453125,piebench_7_change_attribute_material_40_711000000004,0.7,10,appearance_like,first_only
20260866,7_change_attribute_material_40,0,images/piebench_7_change_attribute_material_40_711000000004/first_only/early/pair_13_pos.jpg,images/piebench_7_change_attribute_material_40_711000000004/first_only/final/pair_13_pos.jpg,3.5,Turn the kitten into a golden sculpture.,13,1.0,,1000.0,,pair_13_pos,1,0.9600321054458618,0.9510805606842041,0.9660137891769409,966.0137939453125,piebench_7_change_attribute_material_40_711000000004,0.7,10,appearance_like,first_only
20260866,7_change_attribute_material_40,0,images/piebench_7_change_attribute_material_40_711000000004/first_only/early/pair_13_neg.jpg,images/piebench_7_change_attribute_material_40_711000000004/first_only/final/pair_13_neg.jpg,3.5,Turn the kitten into a golden sculpture.,13,1.0,,1000.0,,pair_13_neg,-1,0.9275771379470825,1.0220072269439697,0.9660137891769409,966.0137939453125,piebench_7_change_attribute_material_40_711000000004,0.7,10,appearance_like,first_only
20260866,7_change_attribute_material_40,0,images/piebench_7_change_attribute_material_40_711000000004/first_only/early/pair_14_pos.jpg,images/piebench_7_change_attribute_material_40_711000000004/first_only/final/pair_14_pos.jpg,3.5,Turn the kitten into a golden sculpture.,14,1.0,,1000.0,,pair_14_pos,1,0.9419784545898438,1.0293524265289307,0.9660137891769409,966.0137939453125,piebench_7_change_attribute_material_40_711000000004,0.7,10,appearance_like,first_only
20260866,7_change_attribute_material_40,0,images/piebench_7_change_attribute_material_40_711000000004/first_only/early/pair_14_neg.jpg,images/piebench_7_change_attribute_material_40_711000000004/first_only/final/pair_14_neg.jpg,3.5,Turn the kitten into a golden sculpture.,14,1.0,,1000.0,,pair_14_neg,-1,0.9566019177436829,1.0301073789596558,0.9660137891769409,966.0137939453125,piebench_7_change_attribute_material_40_711000000004,0.7,10,appearance_like,first_only
20260866,7_change_attribute_material_40,0,images/piebench_7_change_attribute_material_40_711000000004/first_only/early/pair_15_pos.jpg,images/piebench_7_change_attribute_material_40_711000000004/first_only/final/pair_15_pos.jpg,3.5,Turn the kitten into a golden sculpture.,15,1.0,,1000.0,,pair_15_pos,1,0.9118411540985107,0.9948993921279907,0.9660137891769409,966.0137939453125,piebench_7_change_attribute_material_40_711000000004,0.7,10,appearance_like,first_only
20260866,7_change_attribute_material_40,0,images/piebench_7_change_attribute_material_40_711000000004/first_only/early/pair_15_neg.jpg,images/piebench_7_change_attribute_material_40_711000000004/first_only/final/pair_15_neg.jpg,3.5,Turn the kitten into a golden sculpture.,15,1.0,,1000.0,,pair_15_neg,-1,0.9198538064956665,1.0318458080291748,0.9660137891769409,966.0137939453125,piebench_7_change_attribute_material_40_711000000004,0.7,10,appearance_like,first_only
20260866,7_change_attribute_material_40,0,images/piebench_7_change_attribute_material_40_711000000004/first_two/early/pair_00_pos.jpg,images/piebench_7_change_attribute_material_40_711000000004/first_two/final/pair_00_pos.jpg,3.5,Turn the kitten into a golden sculpture.,0,1.0,0.9660137891769409,1000.0,966.0137939453125,pair_00_pos,1,0.9082934260368347,0.964983344078064,0.9266473650932312,926.6473388671875,piebench_7_change_attribute_material_40_711000000004,0.7,10,appearance_like,first_two
20260866,7_change_attribute_material_40,0,images/piebench_7_change_attribute_material_40_711000000004/first_two/early/pair_00_neg.jpg,images/piebench_7_change_attribute_material_40_711000000004/first_two/final/pair_00_neg.jpg,3.5,Turn the kitten into a golden sculpture.,0,1.0,0.9660137891769409,1000.0,966.0137939453125,pair_00_neg,-1,1.0206454992294312,0.9945330619812012,0.9266473650932312,926.6473388671875,piebench_7_change_attribute_material_40_711000000004,0.7,10,appearance_like,first_two
20260866,7_change_attribute_material_40,0,images/piebench_7_change_attribute_material_40_711000000004/first_two/early/pair_01_pos.jpg,images/piebench_7_change_attribute_material_40_711000000004/first_two/final/pair_01_pos.jpg,3.5,Turn the kitten into a golden sculpture.,1,1.0,0.9660137891769409,1000.0,966.0137939453125,pair_01_pos,1,0.9820294976234436,0.9294119477272034,0.9266473650932312,926.6473388671875,piebench_7_change_attribute_material_40_711000000004,0.7,10,appearance_like,first_two
20260866,7_change_attribute_material_40,0,images/piebench_7_change_attribute_material_40_711000000004/first_two/early/pair_01_neg.jpg,images/piebench_7_change_attribute_material_40_711000000004/first_two/final/pair_01_neg.jpg,3.5,Turn the kitten into a golden sculpture.,1,1.0,0.9660137891769409,1000.0,966.0137939453125,pair_01_neg,-1,0.9107703566551208,0.8967068791389465,0.9266473650932312,926.6473388671875,piebench_7_change_attribute_material_40_711000000004,0.7,10,appearance_like,first_two
20260866,7_change_attribute_material_40,0,images/piebench_7_change_attribute_material_40_711000000004/first_two/early/pair_02_pos.jpg,images/piebench_7_change_attribute_material_40_711000000004/first_two/final/pair_02_pos.jpg,3.5,Turn the kitten into a golden sculpture.,2,1.0,0.9660137891769409,1000.0,966.0137939453125,pair_02_pos,1,0.9165577292442322,0.93354332447052,0.9266473650932312,926.6473388671875,piebench_7_change_attribute_material_40_711000000004,0.7,10,appearance_like,first_two
20260866,7_change_attribute_material_40,0,images/piebench_7_change_attribute_material_40_711000000004/first_two/early/pair_02_neg.jpg,images/piebench_7_change_attribute_material_40_711000000004/first_two/final/pair_02_neg.jpg,3.5,Turn the kitten into a golden sculpture.,2,1.0,0.9660137891769409,1000.0,966.0137939453125,pair_02_neg,-1,0.949320912361145,1.006350040435791,0.9266473650932312,926.6473388671875,piebench_7_change_attribute_material_40_711000000004,0.7,10,appearance_like,first_two
20260866,7_change_attribute_material_40,0,images/piebench_7_change_attribute_material_40_711000000004/first_two/early/pair_03_pos.jpg,images/piebench_7_change_attribute_material_40_711000000004/first_two/final/pair_03_pos.jpg,3.5,Turn the kitten into a golden sculpture.,3,1.0,0.9660137891769409,1000.0,966.0137939453125,pair_03_pos,1,1.0287915468215942,0.9986833930015564,0.9266473650932312,926.6473388671875,piebench_7_change_attribute_material_40_711000000004,0.7,10,appearance_like,first_two
20260866,7_change_attribute_material_40,0,images/piebench_7_change_attribute_material_40_711000000004/first_two/early/pair_03_neg.jpg,images/piebench_7_change_attribute_material_40_711000000004/first_two/final/pair_03_neg.jpg,3.5,Turn the kitten into a golden sculpture.,3,1.0,0.9660137891769409,1000.0,966.0137939453125,pair_03_neg,-1,0.9968759417533875,1.0387415885925293,0.9266473650932312,926.6473388671875,piebench_7_change_attribute_material_40_711000000004,0.7,10,appearance_like,first_two
20260866,7_change_attribute_material_40,0,images/piebench_7_change_attribute_material_40_711000000004/first_two/early/pair_04_pos.jpg,images/piebench_7_change_attribute_material_40_711000000004/first_two/final/pair_04_pos.jpg,3.5,Turn the kitten into a golden sculpture.,4,1.0,0.9660137891769409,1000.0,966.0137939453125,pair_04_pos,1,0.885230302810669,0.9304726719856262,0.9266473650932312,926.6473388671875,piebench_7_change_attribute_material_40_711000000004,0.7,10,appearance_like,first_two
20260866,7_change_attribute_material_40,0,images/piebench_7_change_attribute_material_40_711000000004/first_two/early/pair_04_neg.jpg,images/piebench_7_change_attribute_material_40_711000000004/first_two/final/pair_04_neg.jpg,3.5,Turn the kitten into a golden sculpture.,4,1.0,0.9660137891769409,1000.0,966.0137939453125,pair_04_neg,-1,1.0730754137039185,1.063306450843811,0.9266473650932312,926.6473388671875,piebench_7_change_attribute_material_40_711000000004,0.7,10,appearance_like,first_two
20260866,7_change_attribute_material_40,0,images/piebench_7_change_attribute_material_40_711000000004/first_two/early/pair_05_pos.jpg,images/piebench_7_change_attribute_material_40_711000000004/first_two/final/pair_05_pos.jpg,3.5,Turn the kitten into a golden sculpture.,5,1.0,0.9660137891769409,1000.0,966.0137939453125,pair_05_pos,1,1.061692476272583,1.0244956016540527,0.9266473650932312,926.6473388671875,piebench_7_change_attribute_material_40_711000000004,0.7,10,appearance_like,first_two
20260866,7_change_attribute_material_40,0,images/piebench_7_change_attribute_material_40_711000000004/first_two/early/pair_05_neg.jpg,images/piebench_7_change_attribute_material_40_711000000004/first_two/final/pair_05_neg.jpg,3.5,Turn the kitten into a golden sculpture.,5,1.0,0.9660137891769409,1000.0,966.0137939453125,pair_05_neg,-1,0.911746084690094,0.9108436107635498,0.9266473650932312,926.6473388671875,piebench_7_change_attribute_material_40_711000000004,0.7,10,appearance_like,first_two
20260866,7_change_attribute_material_40,0,images/piebench_7_change_attribute_material_40_711000000004/first_two/early/pair_06_pos.jpg,images/piebench_7_change_attribute_material_40_711000000004/first_two/final/pair_06_pos.jpg,3.5,Turn the kitten into a golden sculpture.,6,1.0,0.9660137891769409,1000.0,966.0137939453125,pair_06_pos,1,0.9603456258773804,1.042273759841919,0.9266473650932312,926.6473388671875,piebench_7_change_attribute_material_40_711000000004,0.7,10,appearance_like,first_two
20260866,7_change_attribute_material_40,0,images/piebench_7_change_attribute_material_40_711000000004/first_two/early/pair_06_neg.jpg,images/piebench_7_change_attribute_material_40_711000000004/first_two/final/pair_06_neg.jpg,3.5,Turn the kitten into a golden sculpture.,6,1.0,0.9660137891769409,1000.0,966.0137939453125,pair_06_neg,-1,0.9763383865356445,0.9187650680541992,0.9266473650932312,926.6473388671875,piebench_7_change_attribute_material_40_711000000004,0.7,10,appearance_like,first_two
20260866,7_change_attribute_material_40,0,images/piebench_7_change_attribute_material_40_711000000004/first_two/early/pair_07_pos.jpg,images/piebench_7_change_attribute_material_40_711000000004/first_two/final/pair_07_pos.jpg,3.5,Turn the kitten into a golden sculpture.,7,1.0,0.9660137891769409,1000.0,966.0137939453125,pair_07_pos,1,0.8913916945457458,0.9320468902587891,0.9266473650932312,926.6473388671875,piebench_7_change_attribute_material_40_711000000004,0.7,10,appearance_like,first_two
20260866,7_change_attribute_material_40,0,images/piebench_7_change_attribute_material_40_711000000004/first_two/early/pair_07_neg.jpg,images/piebench_7_change_attribute_material_40_711000000004/first_two/final/pair_07_neg.jpg,3.5,Turn the kitten into a golden sculpture.,7,1.0,0.9660137891769409,1000.0,966.0137939453125,pair_07_neg,-1,0.9918836951255798,0.9819052815437317,0.9266473650932312,926.6473388671875,piebench_7_change_attribute_material_40_711000000004,0.7,10,appearance_like,first_two
20260866,7_change_attribute_material_40,0,images/piebench_7_change_attribute_material_40_711000000004/first_two/early/pair_08_pos.jpg,images/piebench_7_change_attribute_material_40_711000000004/first_two/final/pair_08_pos.jpg,3.5,Turn the kitten into a golden sculpture.,8,1.0,0.9660137891769409,1000.0,966.0137939453125,pair_08_pos,1,1.0273116827011108,1.0568619966506958,0.9266473650932312,926.6473388671875,piebench_7_change_attribute_material_40_711000000004,0.7,10,appearance_like,first_two
20260866,7_change_attribute_material_40,0,images/piebench_7_change_attribute_material_40_711000000004/first_two/early/pair_08_neg.jpg,images/piebench_7_change_attribute_material_40_711000000004/first_two/final/pair_08_neg.jpg,3.5,Turn the kitten into a golden sculpture.,8,1.0,0.9660137891769409,1000.0,966.0137939453125,pair_08_neg,-1,0.9153514504432678,0.8995255827903748,0.9266473650932312,926.6473388671875,piebench_7_change_attribute_material_40_711000000004,0.7,10,appearance_like,first_two
20260866,7_change_attribute_material_40,0,images/piebench_7_change_attribute_material_40_711000000004/first_two/early/pair_09_pos.jpg,images/piebench_7_change_attribute_material_40_711000000004/first_two/final/pair_09_pos.jpg,3.5,Turn the kitten into a golden sculpture.,9,1.0,0.9660137891769409,1000.0,966.0137939453125,pair_09_pos,1,0.9172171354293823,0.9487149715423584,0.9266473650932312,926.6473388671875,piebench_7_change_attribute_material_40_711000000004,0.7,10,appearance_like,first_two
20260866,7_change_attribute_material_40,0,images/piebench_7_change_attribute_material_40_711000000004/first_two/early/pair_09_neg.jpg,images/piebench_7_change_attribute_material_40_711000000004/first_two/final/pair_09_neg.jpg,3.5,Turn the kitten into a golden sculpture.,9,1.0,0.9660137891769409,1000.0,966.0137939453125,pair_09_neg,-1,1.0069266557693481,0.9581143856048584,0.9266473650932312,926.6473388671875,piebench_7_change_attribute_material_40_711000000004,0.7,10,appearance_like,first_two
20260866,7_change_attribute_material_40,0,images/piebench_7_change_attribute_material_40_711000000004/first_two/early/pair_10_pos.jpg,images/piebench_7_change_attribute_material_40_711000000004/first_two/final/pair_10_pos.jpg,3.5,Turn the kitten into a golden sculpture.,10,1.0,0.9660137891769409,1000.0,966.0137939453125,pair_10_pos,1,0.962368369102478,1.0199609994888306,0.9266473650932312,926.6473388671875,piebench_7_change_attribute_material_40_711000000004,0.7,10,appearance_like,first_two
20260866,7_change_attribute_material_40,0,images/piebench_7_change_attribute_material_40_711000000004/first_two/early/pair_10_neg.jpg,images/piebench_7_change_attribute_material_40_711000000004/first_two/final/pair_10_neg.jpg,3.5,Turn the kitten into a golden sculpture.,10,1.0,0.9660137891769409,1000.0,966.0137939453125,pair_10_neg,-1,1.0325244665145874,0.9961262941360474,0.9266473650932312,926.6473388671875,piebench_7_change_attribute_material_40_711000000004,0.7,10,appearance_like,first_two
20260866,7_change_attribute_material_40,0,images/piebench_7_change_attribute_material_40_711000000004/first_two/early/pair_11_pos.jpg,images/piebench_7_change_attribute_material_40_711000000004/first_two/final/pair_11_pos.jpg,3.5,Turn the kitten into a golden sculpture.,11,1.0,0.9660137891769409,1000.0,966.0137939453125,pair_11_pos,1,0.9904170036315918,0.9578455686569214,0.9266473650932312,926.6473388671875,piebench_7_change_attribute_material_40_711000000004,0.7,10,appearance_like,first_two
20260866,7_change_attribute_material_40,0,images/piebench_7_change_attribute_material_40_711000000004/first_two/early/pair_11_neg.jpg,images/piebench_7_change_attribute_material_40_711000000004/first_two/final/pair_11_neg.jpg,3.5,Turn the kitten into a golden sculpture.,11,1.0,0.9660137891769409,1000.0,966.0137939453125,pair_11_neg,-1,0.9763609170913696,1.0037490129470825,0.9266473650932312,926.6473388671875,piebench_7_change_attribute_material_40_711000000004,0.7,10,appearance_like,first_two
20260866,7_change_attribute_material_40,0,images/piebench_7_change_attribute_material_40_711000000004/first_two/early/pair_12_pos.jpg,images/piebench_7_change_attribute_material_40_711000000004/first_two/final/pair_12_pos.jpg,3.5,Turn the kitten into a golden sculpture.,12,1.0,0.9660137891769409,1000.0,966.0137939453125,pair_12_pos,1,1.0284156799316406,1.0229748487472534,0.9266473650932312,926.6473388671875,piebench_7_change_attribute_material_40_711000000004,0.7,10,appearance_like,first_two
20260866,7_change_attribute_material_40,0,images/piebench_7_change_attribute_material_40_711000000004/first_two/early/pair_12_neg.jpg,images/piebench_7_change_attribute_material_40_711000000004/first_two/final/pair_12_neg.jpg,3.5,Turn the kitten into a golden sculpture.,12,1.0,0.9660137891769409,1000.0,966.0137939453125,pair_12_neg,-1,0.958821713924408,0.9977085590362549,0.9266473650932312,926.6473388671875,piebench_7_change_attribute_material_40_711000000004,0.7,10,appearance_like,first_two
20260866,7_change_attribute_material_40,0,images/piebench_7_change_attribute_material_40_711000000004/first_two/early/pair_13_pos.jpg,images/piebench_7_change_attribute_material_40_711000000004/first_two/final/pair_13_pos.jpg,3.5,Turn the kitten into a golden sculpture.,13,1.0,0.9660137891769409,1000.0,966.0137939453125,pair_13_pos,1,0.9955413341522217,0.9851288795471191,0.9266473650932312,926.6473388671875,piebench_7_change_attribute_material_40_711000000004,0.7,10,appearance_like,first_two
20260866,7_change_attribute_material_40,0,images/piebench_7_change_attribute_material_40_711000000004/first_two/early/pair_13_neg.jpg,images/piebench_7_change_attribute_material_40_711000000004/first_two/final/pair_13_neg.jpg,3.5,Turn the kitten into a golden sculpture.,13,1.0,0.9660137891769409,1000.0,966.0137939453125,pair_13_neg,-1,0.9484214782714844,0.9708722829818726,0.9266473650932312,926.6473388671875,piebench_7_change_attribute_material_40_711000000004,0.7,10,appearance_like,first_two
20260866,7_change_attribute_material_40,0,images/piebench_7_change_attribute_material_40_711000000004/first_two/early/pair_14_pos.jpg,images/piebench_7_change_attribute_material_40_711000000004/first_two/final/pair_14_pos.jpg,3.5,Turn the kitten into a golden sculpture.,14,1.0,0.9660137891769409,1000.0,966.0137939453125,pair_14_pos,1,1.0124289989471436,1.0179413557052612,0.9266473650932312,926.6473388671875,piebench_7_change_attribute_material_40_711000000004,0.7,10,appearance_like,first_two
20260866,7_change_attribute_material_40,0,images/piebench_7_change_attribute_material_40_711000000004/first_two/early/pair_14_neg.jpg,images/piebench_7_change_attribute_material_40_711000000004/first_two/final/pair_14_neg.jpg,3.5,Turn the kitten into a golden sculpture.,14,1.0,0.9660137891769409,1000.0,966.0137939453125,pair_14_neg,-1,1.013840675354004,1.0144305229187012,0.9266473650932312,926.6473388671875,piebench_7_change_attribute_material_40_711000000004,0.7,10,appearance_like,first_two
20260866,7_change_attribute_material_40,0,images/piebench_7_change_attribute_material_40_711000000004/first_two/early/pair_15_pos.jpg,images/piebench_7_change_attribute_material_40_711000000004/first_two/final/pair_15_pos.jpg,3.5,Turn the kitten into a golden sculpture.,15,1.0,0.9660137891769409,1000.0,966.0137939453125,pair_15_pos,1,1.023571491241455,0.9890186190605164,0.9266473650932312,926.6473388671875,piebench_7_change_attribute_material_40_711000000004,0.7,10,appearance_like,first_two
20260866,7_change_attribute_material_40,0,images/piebench_7_change_attribute_material_40_711000000004/first_two/early/pair_15_neg.jpg,images/piebench_7_change_attribute_material_40_711000000004/first_two/final/pair_15_neg.jpg,3.5,Turn the kitten into a golden sculpture.,15,1.0,0.9660137891769409,1000.0,966.0137939453125,pair_15_neg,-1,0.9903290271759033,1.0351190567016602,0.9266473650932312,926.6473388671875,piebench_7_change_attribute_material_40_711000000004,0.7,10,appearance_like,first_two
20260885,8_change_background_80,0,images/piebench_8_change_background_80_811000000003/first_only/early/pair_00_pos.jpg,images/piebench_8_change_background_80_811000000003/first_only/final/pair_00_pos.jpg,3.5,Change the background from yellow to blue.,0,1.0,,1000.0,,pair_00_pos,1,0.6650232076644897,0.8582391142845154,0.9660137891769409,966.0137939453125,piebench_8_change_background_80_811000000003,0.7,10,appearance_like,first_only
20260885,8_change_background_80,0,images/piebench_8_change_background_80_811000000003/first_only/early/pair_00_neg.jpg,images/piebench_8_change_background_80_811000000003/first_only/final/pair_00_neg.jpg,3.5,Change the background from yellow to blue.,0,1.0,,1000.0,,pair_00_neg,-1,0.8464051485061646,0.9189400672912598,0.9660137891769409,966.0137939453125,piebench_8_change_background_80_811000000003,0.7,10,appearance_like,first_only
20260885,8_change_background_80,0,images/piebench_8_change_background_80_811000000003/first_only/early/pair_01_pos.jpg,images/piebench_8_change_background_80_811000000003/first_only/final/pair_01_pos.jpg,3.5,Change the background from yellow to blue.,1,1.0,,1000.0,,pair_01_pos,1,0.7570140361785889,0.9324777722358704,0.9660137891769409,966.0137939453125,piebench_8_change_background_80_811000000003,0.7,10,appearance_like,first_only
20260885,8_change_background_80,0,images/piebench_8_change_background_80_811000000003/first_only/early/pair_01_neg.jpg,images/piebench_8_change_background_80_811000000003/first_only/final/pair_01_neg.jpg,3.5,Change the background from yellow to blue.,1,1.0,,1000.0,,pair_01_neg,-1,0.7787365317344666,0.9740870594978333,0.9660137891769409,966.0137939453125,piebench_8_change_background_80_811000000003,0.7,10,appearance_like,first_only
20260885,8_change_background_80,0,images/piebench_8_change_background_80_811000000003/first_only/early/pair_02_pos.jpg,images/piebench_8_change_background_80_811000000003/first_only/final/pair_02_pos.jpg,3.5,Change the background from yellow to blue.,2,1.0,,1000.0,,pair_02_pos,1,0.8393805027008057,0.8769496083259583,0.9660137891769409,966.0137939453125,piebench_8_change_background_80_811000000003,0.7,10,appearance_like,first_only
20260885,8_change_background_80,0,images/piebench_8_change_background_80_811000000003/first_only/early/pair_02_neg.jpg,images/piebench_8_change_background_80_811000000003/first_only/final/pair_02_neg.jpg,3.5,Change the background from yellow to blue.,2,1.0,,1000.0,,pair_02_neg,-1,0.7649503350257874,0.9368705153465271,0.9660137891769409,966.0137939453125,piebench_8_change_background_80_811000000003,0.7,10,appearance_like,first_only
20260885,8_change_background_80,0,images/piebench_8_change_background_80_811000000003/first_only/early/pair_03_pos.jpg,images/piebench_8_change_background_80_811000000003/first_only/final/pair_03_pos.jpg,3.5,Change the background from yellow to blue.,3,1.0,,1000.0,,pair_03_pos,1,0.743095874786377,0.7464053630828857,0.9660137891769409,966.0137939453125,piebench_8_change_background_80_811000000003,0.7,10,appearance_like,first_only
20260885,8_change_background_80,0,images/piebench_8_change_background_80_811000000003/first_only/early/pair_03_neg.jpg,images/piebench_8_change_background_80_811000000003/first_only/final/pair_03_neg.jpg,3.5,Change the background from yellow to blue.,3,1.0,,1000.0,,pair_03_neg,-1,0.7962152361869812,1.0669729709625244,0.9660137891769409,966.0137939453125,piebench_8_change_background_80_811000000003,0.7,10,appearance_like,first_only
20260885,8_change_background_80,0,images/piebench_8_change_background_80_811000000003/first_only/early/pair_04_pos.jpg,images/piebench_8_change_background_80_811000000003/first_only/final/pair_04_pos.jpg,3.5,Change the background from yellow to blue.,4,1.0,,1000.0,,pair_04_pos,1,0.7765939831733704,1.0168300867080688,0.9660137891769409,966.0137939453125,piebench_8_change_background_80_811000000003,0.7,10,appearance_like,first_only
20260885,8_change_background_80,0,images/piebench_8_change_background_80_811000000003/first_only/early/pair_04_neg.jpg,images/piebench_8_change_background_80_811000000003/first_only/final/pair_04_neg.jpg,3.5,Change the background from yellow to blue.,4,1.0,,1000.0,,pair_04_neg,-1,0.7460041642189026,0.7221925854682922,0.9660137891769409,966.0137939453125,piebench_8_change_background_80_811000000003,0.7,10,appearance_like,first_only
20260885,8_change_background_80,0,images/piebench_8_change_background_80_811000000003/first_only/early/pair_05_pos.jpg,images/piebench_8_change_background_80_811000000003/first_only/final/pair_05_pos.jpg,3.5,Change the background from yellow to blue.,5,1.0,,1000.0,,pair_05_pos,1,0.6943933963775635,0.7523584365844727,0.9660137891769409,966.0137939453125,piebench_8_change_background_80_811000000003,0.7,10,appearance_like,first_only
20260885,8_change_background_80,0,images/piebench_8_change_background_80_811000000003/first_only/early/pair_05_neg.jpg,images/piebench_8_change_background_80_811000000003/first_only/final/pair_05_neg.jpg,3.5,Change the background from yellow to blue.,5,1.0,,1000.0,,pair_05_neg,-1,0.8356631994247437,0.9420855045318604,0.9660137891769409,966.0137939453125,piebench_8_change_background_80_811000000003,0.7,10,appearance_like,first_only
20260885,8_change_background_80,0,images/piebench_8_change_background_80_811000000003/first_only/early/pair_06_pos.jpg,images/piebench_8_change_background_80_811000000003/first_only/final/pair_06_pos.jpg,3.5,Change the background from yellow to blue.,6,1.0,,1000.0,,pair_06_pos,1,0.7245783805847168,0.9943402409553528,0.9660137891769409,966.0137939453125,piebench_8_change_background_80_811000000003,0.7,10,appearance_like,first_only
20260885,8_change_background_80,0,images/piebench_8_change_background_80_811000000003/first_only/early/pair_06_neg.jpg,images/piebench_8_change_background_80_811000000003/first_only/final/pair_06_neg.jpg,3.5,Change the background from yellow to blue.,6,1.0,,1000.0,,pair_06_neg,-1,0.7430645227432251,0.8833893537521362,0.9660137891769409,966.0137939453125,piebench_8_change_background_80_811000000003,0.7,10,appearance_like,first_only
20260885,8_change_background_80,0,images/piebench_8_change_background_80_811000000003/first_only/early/pair_07_pos.jpg,images/piebench_8_change_background_80_811000000003/first_only/final/pair_07_pos.jpg,3.5,Change the background from yellow to blue.,7,1.0,,1000.0,,pair_07_pos,1,0.8812370300292969,0.9914616346359253,0.9660137891769409,966.0137939453125,piebench_8_change_background_80_811000000003,0.7,10,appearance_like,first_only
20260885,8_change_background_80,0,images/piebench_8_change_background_80_811000000003/first_only/early/pair_07_neg.jpg,images/piebench_8_change_background_80_811000000003/first_only/final/pair_07_neg.jpg,3.5,Change the background from yellow to blue.,7,1.0,,1000.0,,pair_07_neg,-1,0.6782001256942749,0.9613710641860962,0.9660137891769409,966.0137939453125,piebench_8_change_background_80_811000000003,0.7,10,appearance_like,first_only
20260885,8_change_background_80,0,images/piebench_8_change_background_80_811000000003/first_only/early/pair_08_pos.jpg,images/piebench_8_change_background_80_811000000003/first_only/final/pair_08_pos.jpg,3.5,Change the background from yellow to blue.,8,1.0,,1000.0,,pair_08_pos,1,0.7904160022735596,0.9834704399108887,0.9660137891769409,966.0137939453125,piebench_8_change_background_80_811000000003,0.7,10,appearance_like,first_only
20260885,8_change_background_80,0,images/piebench_8_change_background_80_811000000003/first_only/early/pair_08_neg.jpg,images/piebench_8_change_background_80_811000000003/first_only/final/pair_08_neg.jpg,3.5,Change the background from yellow to blue.,8,1.0,,1000.0,,pair_08_neg,-1,0.7618820667266846,0.8155045509338379,0.9660137891769409,966.0137939453125,piebench_8_change_background_80_811000000003,0.7,10,appearance_like,first_only
20260885,8_change_background_80,0,images/piebench_8_change_background_80_811000000003/first_only/early/pair_09_pos.jpg,images/piebench_8_change_background_80_811000000003/first_only/final/pair_09_pos.jpg,3.5,Change the background from yellow to blue.,9,1.0,,1000.0,,pair_09_pos,1,0.7858182787895203,0.8436865210533142,0.9660137891769409,966.0137939453125,piebench_8_change_background_80_811000000003,0.7,10,appearance_like,first_only
20260885,8_change_background_80,0,images/piebench_8_change_background_80_811000000003/first_only/early/pair_09_neg.jpg,images/piebench_8_change_background_80_811000000003/first_only/final/pair_09_neg.jpg,3.5,Change the background from yellow to blue.,9,1.0,,1000.0,,pair_09_neg,-1,0.8005154132843018,0.7753635048866272,0.9660137891769409,966.0137939453125,piebench_8_change_background_80_811000000003,0.7,10,appearance_like,first_only
20260885,8_change_background_80,0,images/piebench_8_change_background_80_811000000003/first_only/early/pair_10_pos.jpg,images/piebench_8_change_background_80_811000000003/first_only/final/pair_10_pos.jpg,3.5,Change the background from yellow to blue.,10,1.0,,1000.0,,pair_10_pos,1,0.7678874731063843,1.089670181274414,0.9660137891769409,966.0137939453125,piebench_8_change_background_80_811000000003,0.7,10,appearance_like,first_only
20260885,8_change_background_80,0,images/piebench_8_change_background_80_811000000003/first_only/early/pair_10_neg.jpg,images/piebench_8_change_background_80_811000000003/first_only/final/pair_10_neg.jpg,3.5,Change the background from yellow to blue.,10,1.0,,1000.0,,pair_10_neg,-1,0.7334234714508057,0.8833814859390259,0.9660137891769409,966.0137939453125,piebench_8_change_background_80_811000000003,0.7,10,appearance_like,first_only
20260885,8_change_background_80,0,images/piebench_8_change_background_80_811000000003/first_only/early/pair_11_pos.jpg,images/piebench_8_change_background_80_811000000003/first_only/final/pair_11_pos.jpg,3.5,Change the background from yellow to blue.,11,1.0,,1000.0,,pair_11_pos,1,0.7271870970726013,1.0245932340621948,0.9660137891769409,966.0137939453125,piebench_8_change_background_80_811000000003,0.7,10,appearance_like,first_only
20260885,8_change_background_80,0,images/piebench_8_change_background_80_811000000003/first_only/early/pair_11_neg.jpg,images/piebench_8_change_background_80_811000000003/first_only/final/pair_11_neg.jpg,3.5,Change the background from yellow to blue.,11,1.0,,1000.0,,pair_11_neg,-1,0.7230122685432434,0.820216953754425,0.9660137891769409,966.0137939453125,piebench_8_change_background_80_811000000003,0.7,10,appearance_like,first_only
20260885,8_change_background_80,0,images/piebench_8_change_background_80_811000000003/first_only/early/pair_12_pos.jpg,images/piebench_8_change_background_80_811000000003/first_only/final/pair_12_pos.jpg,3.5,Change the background from yellow to blue.,12,1.0,,1000.0,,pair_12_pos,1,0.8919706344604492,1.0478416681289673,0.9660137891769409,966.0137939453125,piebench_8_change_background_80_811000000003,0.7,10,appearance_like,first_only
20260885,8_change_background_80,0,images/piebench_8_change_background_80_811000000003/first_only/early/pair_12_neg.jpg,images/piebench_8_change_background_80_811000000003/first_only/final/pair_12_neg.jpg,3.5,Change the background from yellow to blue.,12,1.0,,1000.0,,pair_12_neg,-1,0.6761481165885925,0.755642831325531,0.9660137891769409,966.0137939453125,piebench_8_change_background_80_811000000003,0.7,10,appearance_like,first_only
20260885,8_change_background_80,0,images/piebench_8_change_background_80_811000000003/first_only/early/pair_13_pos.jpg,images/piebench_8_change_background_80_811000000003/first_only/final/pair_13_pos.jpg,3.5,Change the background from yellow to blue.,13,1.0,,1000.0,,pair_13_pos,1,0.7636039853096008,0.9848937392234802,0.9660137891769409,966.0137939453125,piebench_8_change_background_80_811000000003,0.7,10,appearance_like,first_only
20260885,8_change_background_80,0,images/piebench_8_change_background_80_811000000003/first_only/early/pair_13_neg.jpg,images/piebench_8_change_background_80_811000000003/first_only/final/pair_13_neg.jpg,3.5,Change the background from yellow to blue.,13,1.0,,1000.0,,pair_13_neg,-1,0.7282254099845886,0.703472912311554,0.9660137891769409,966.0137939453125,piebench_8_change_background_80_811000000003,0.7,10,appearance_like,first_only
20260885,8_change_background_80,0,images/piebench_8_change_background_80_811000000003/first_only/early/pair_14_pos.jpg,images/piebench_8_change_background_80_811000000003/first_only/final/pair_14_pos.jpg,3.5,Change the background from yellow to blue.,14,1.0,,1000.0,,pair_14_pos,1,0.7969722747802734,0.990248441696167,0.9660137891769409,966.0137939453125,piebench_8_change_background_80_811000000003,0.7,10,appearance_like,first_only
20260885,8_change_background_80,0,images/piebench_8_change_background_80_811000000003/first_only/early/pair_14_neg.jpg,images/piebench_8_change_background_80_811000000003/first_only/final/pair_14_neg.jpg,3.5,Change the background from yellow to blue.,14,1.0,,1000.0,,pair_14_neg,-1,0.7873066067695618,0.9092318415641785,0.9660137891769409,966.0137939453125,piebench_8_change_background_80_811000000003,0.7,10,appearance_like,first_only
20260885,8_change_background_80,0,images/piebench_8_change_background_80_811000000003/first_only/early/pair_15_pos.jpg,images/piebench_8_change_background_80_811000000003/first_only/final/pair_15_pos.jpg,3.5,Change the background from yellow to blue.,15,1.0,,1000.0,,pair_15_pos,1,0.630984902381897,0.7337134480476379,0.9660137891769409,966.0137939453125,piebench_8_change_background_80_811000000003,0.7,10,appearance_like,first_only
20260885,8_change_background_80,0,images/piebench_8_change_background_80_811000000003/first_only/early/pair_15_neg.jpg,images/piebench_8_change_background_80_811000000003/first_only/final/pair_15_neg.jpg,3.5,Change the background from yellow to blue.,15,1.0,,1000.0,,pair_15_neg,-1,0.824781060218811,1.071829080581665,0.9660137891769409,966.0137939453125,piebench_8_change_background_80_811000000003,0.7,10,appearance_like,first_only
20260885,8_change_background_80,0,images/piebench_8_change_background_80_811000000003/first_two/early/pair_00_pos.jpg,images/piebench_8_change_background_80_811000000003/first_two/final/pair_00_pos.jpg,3.5,Change the background from yellow to blue.,0,1.0,0.9660137891769409,1000.0,966.0137939453125,pair_00_pos,1,0.7429667115211487,0.8220540285110474,0.9266473650932312,926.6473388671875,piebench_8_change_background_80_811000000003,0.7,10,appearance_like,first_two
20260885,8_change_background_80,0,images/piebench_8_change_background_80_811000000003/first_two/early/pair_00_neg.jpg,images/piebench_8_change_background_80_811000000003/first_two/final/pair_00_neg.jpg,3.5,Change the background from yellow to blue.,0,1.0,0.9660137891769409,1000.0,966.0137939453125,pair_00_neg,-1,0.9882488250732422,0.8739685416221619,0.9266473650932312,926.6473388671875,piebench_8_change_background_80_811000000003,0.7,10,appearance_like,first_two
20260885,8_change_background_80,0,images/piebench_8_change_background_80_811000000003/first_two/early/pair_01_pos.jpg,images/piebench_8_change_background_80_811000000003/first_two/final/pair_01_pos.jpg,3.5,Change the background from yellow to blue.,1,1.0,0.9660137891769409,1000.0,966.0137939453125,pair_01_pos,1,0.8337948322296143,0.8867418169975281,0.9266473650932312,926.6473388671875,piebench_8_change_background_80_811000000003,0.7,10,appearance_like,first_two
20260885,8_change_background_80,0,images/piebench_8_change_background_80_811000000003/first_two/early/pair_01_neg.jpg,images/piebench_8_change_background_80_811000000003/first_two/final/pair_01_neg.jpg,3.5,Change the background from yellow to blue.,1,1.0,0.9660137891769409,1000.0,966.0137939453125,pair_01_neg,-1,0.9554403424263,0.9532215595245361,0.9266473650932312,926.6473388671875,piebench_8_change_background_80_811000000003,0.7,10,appearance_like,first_two
20260885,8_change_background_80,0,images/piebench_8_change_background_80_811000000003/first_two/early/pair_02_pos.jpg,images/piebench_8_change_background_80_811000000003/first_two/final/pair_02_pos.jpg,3.5,Change the background from yellow to blue.,2,1.0,0.9660137891769409,1000.0,966.0137939453125,pair_02_pos,1,0.959682047367096,0.977596640586853,0.9266473650932312,926.6473388671875,piebench_8_change_background_80_811000000003,0.7,10,appearance_like,first_two
20260885,8_change_background_80,0,images/piebench_8_change_background_80_811000000003/first_two/early/pair_02_neg.jpg,images/piebench_8_change_background_80_811000000003/first_two/final/pair_02_neg.jpg,3.5,Change the background from yellow to blue.,2,1.0,0.9660137891769409,1000.0,966.0137939453125,pair_02_neg,-1,0.8619547486305237,0.8919802308082581,0.9266473650932312,926.6473388671875,piebench_8_change_background_80_811000000003,0.7,10,appearance_like,first_two
20260885,8_change_background_80,0,images/piebench_8_change_background_80_811000000003/first_two/early/pair_03_pos.jpg,images/piebench_8_change_background_80_811000000003/first_two/final/pair_03_pos.jpg,3.5,Change the background from yellow to blue.,3,1.0,0.9660137891769409,1000.0,966.0137939453125,pair_03_pos,1,0.7852414846420288,0.8442875742912292,0.9266473650932312,926.6473388671875,piebench_8_change_background_80_811000000003,0.7,10,appearance_like,first_two
20260885,8_change_background_80,0,images/piebench_8_change_background_80_811000000003/first_two/early/pair_03_neg.jpg,images/piebench_8_change_background_80_811000000003/first_two/final/pair_03_neg.jpg,3.5,Change the background from yellow to blue.,3,1.0,0.9660137891769409,1000.0,966.0137939453125,pair_03_neg,-1,0.9412842392921448,1.042635440826416,0.9266473650932312,926.6473388671875,piebench_8_change_background_80_811000000003,0.7,10,appearance_like,first_two
20260885,8_change_background_80,0,images/piebench_8_change_background_80_811000000003/first_two/early/pair_04_pos.jpg,images/piebench_8_change_background_80_811000000003/first_two/final/pair_04_pos.jpg,3.5,Change the background from yellow to blue.,4,1.0,0.9660137891769409,1000.0,966.0137939453125,pair_04_pos,1,0.9189693927764893,0.9956830739974976,0.9266473650932312,926.6473388671875,piebench_8_change_background_80_811000000003,0.7,10,appearance_like,first_two
20260885,8_change_background_80,0,images/piebench_8_change_background_80_811000000003/first_two/early/pair_04_neg.jpg,images/piebench_8_change_background_80_811000000003/first_two/final/pair_04_neg.jpg,3.5,Change the background from yellow to blue.,4,1.0,0.9660137891769409,1000.0,966.0137939453125,pair_04_neg,-1,0.8183345794677734,0.7234942317008972,0.9266473650932312,926.6473388671875,piebench_8_change_background_80_811000000003,0.7,10,appearance_like,first_two
20260885,8_change_background_80,0,images/piebench_8_change_background_80_811000000003/first_two/early/pair_05_pos.jpg,images/piebench_8_change_background_80_811000000003/first_two/final/pair_05_pos.jpg,3.5,Change the background from yellow to blue.,5,1.0,0.9660137891769409,1000.0,966.0137939453125,pair_05_pos,1,0.8641738891601562,0.7293994426727295,0.9266473650932312,926.6473388671875,piebench_8_change_background_80_811000000003,0.7,10,appearance_like,first_two
20260885,8_change_background_80,0,images/piebench_8_change_background_80_811000000003/first_two/early/pair_05_neg.jpg,images/piebench_8_change_background_80_811000000003/first_two/final/pair_05_neg.jpg,3.5,Change the background from yellow to blue.,5,1.0,0.9660137891769409,1000.0,966.0137939453125,pair_05_neg,-1,0.9502323269844055,0.9686840772628784,0.9266473650932312,926.6473388671875,piebench_8_change_background_80_811000000003,0.7,10,appearance_like,first_two
20260885,8_change_background_80,0,images/piebench_8_change_background_80_811000000003/first_two/early/pair_06_pos.jpg,images/piebench_8_change_background_80_811000000003/first_two/final/pair_06_pos.jpg,3.5,Change the background from yellow to blue.,6,1.0,0.9660137891769409,1000.0,966.0137939453125,pair_06_pos,1,0.8614935874938965,0.9355469942092896,0.9266473650932312,926.6473388671875,piebench_8_change_background_80_811000000003,0.7,10,appearance_like,first_two
20260885,8_change_background_80,0,images/piebench_8_change_background_80_811000000003/first_two/early/pair_06_neg.jpg,images/piebench_8_change_background_80_811000000003/first_two/final/pair_06_neg.jpg,3.5,Change the background from yellow to blue.,6,1.0,0.9660137891769409,1000.0,966.0137939453125,pair_06_neg,-1,0.9489043354988098,0.8955234885215759,0.9266473650932312,926.6473388671875,piebench_8_change_background_80_811000000003,0.7,10,appearance_like,first_two
20260885,8_change_background_80,0,images/piebench_8_change_background_80_811000000003/first_two/early/pair_07_pos.jpg,images/piebench_8_change_background_80_811000000003/first_two/final/pair_07_pos.jpg,3.5,Change the background from yellow to blue.,7,1.0,0.9660137891769409,1000.0,966.0137939453125,pair_07_pos,1,1.0659910440444946,1.0040229558944702,0.9266473650932312,926.6473388671875,piebench_8_change_background_80_811000000003,0.7,10,appearance_like,first_two
20260885,8_change_background_80,0,images/piebench_8_change_background_80_811000000003/first_two/early/pair_07_neg.jpg,images/piebench_8_change_background_80_811000000003/first_two/final/pair_07_neg.jpg,3.5,Change the background from yellow to blue.,7,1.0,0.9660137891769409,1000.0,966.0137939453125,pair_07_neg,-1,0.77764892578125,0.9301794171333313,0.9266473650932312,926.6473388671875,piebench_8_change_background_80_811000000003,0.7,10,appearance_like,first_two
20260885,8_change_background_80,0,images/piebench_8_change_background_80_811000000003/first_two/early/pair_08_pos.jpg,images/piebench_8_change_background_80_811000000003/first_two/final/pair_08_pos.jpg,3.5,Change the background from yellow to blue.,8,1.0,0.9660137891769409,1000.0,966.0137939453125,pair_08_pos,1,0.9733912944793701,0.9899433851242065,0.9266473650932312,926.6473388671875,piebench_8_change_background_80_811000000003,0.7,10,appearance_like,first_two
20260885,8_change_background_80,0,images/piebench_8_change_background_80_811000000003/first_two/early/pair_08_neg.jpg,images/piebench_8_change_background_80_811000000003/first_two/final/pair_08_neg.jpg,3.5,Change the background from yellow to blue.,8,1.0,0.9660137891769409,1000.0,966.0137939453125,pair_08_neg,-1,0.9426791667938232,0.7151791453361511,0.9266473650932312,926.6473388671875,piebench_8_change_background_80_811000000003,0.7,10,appearance_like,first_two
20260885,8_change_background_80,0,images/piebench_8_change_background_80_811000000003/first_two/early/pair_09_pos.jpg,images/piebench_8_change_background_80_811000000003/first_two/final/pair_09_pos.jpg,3.5,Change the background from yellow to blue.,9,1.0,0.9660137891769409,1000.0,966.0137939453125,pair_09_pos,1,0.7966460585594177,0.7726340889930725,0.9266473650932312,926.6473388671875,piebench_8_change_background_80_811000000003,0.7,10,appearance_like,first_two
20260885,8_change_background_80,0,images/piebench_8_change_background_80_811000000003/first_two/early/pair_09_neg.jpg,images/piebench_8_change_background_80_811000000003/first_two/final/pair_09_neg.jpg,3.5,Change the background from yellow to blue.,9,1.0,0.9660137891769409,1000.0,966.0137939453125,pair_09_neg,-1,0.7353699207305908,0.8144782185554504,0.9266473650932312,926.6473388671875,piebench_8_change_background_80_811000000003,0.7,10,appearance_like,first_two
20260885,8_change_background_80,0,images/piebench_8_change_background_80_811000000003/first_two/early/pair_10_pos.jpg,images/piebench_8_change_background_80_811000000003/first_two/final/pair_10_pos.jpg,3.5,Change the background from yellow to blue.,10,1.0,0.9660137891769409,1000.0,966.0137939453125,pair_10_pos,1,0.8866673707962036,0.898698091506958,0.9266473650932312,926.6473388671875,piebench_8_change_background_80_811000000003,0.7,10,appearance_like,first_two
20260885,8_change_background_80,0,images/piebench_8_change_background_80_811000000003/first_two/early/pair_10_neg.jpg,images/piebench_8_change_background_80_811000000003/first_two/final/pair_10_neg.jpg,3.5,Change the background from yellow to blue.,10,1.0,0.9660137891769409,1000.0,966.0137939453125,pair_10_neg,-1,0.9814676642417908,0.9847421646118164,0.9266473650932312,926.6473388671875,piebench_8_change_background_80_811000000003,0.7,10,appearance_like,first_two
20260885,8_change_background_80,0,images/piebench_8_change_background_80_811000000003/first_two/early/pair_11_pos.jpg,images/piebench_8_change_background_80_811000000003/first_two/final/pair_11_pos.jpg,3.5,Change the background from yellow to blue.,11,1.0,0.9660137891769409,1000.0,966.0137939453125,pair_11_pos,1,0.9085195660591125,0.9833009243011475,0.9266473650932312,926.6473388671875,piebench_8_change_background_80_811000000003,0.7,10,appearance_like,first_two
20260885,8_change_background_80,0,images/piebench_8_change_background_80_811000000003/first_two/early/pair_11_neg.jpg,images/piebench_8_change_background_80_811000000003/first_two/final/pair_11_neg.jpg,3.5,Change the background from yellow to blue.,11,1.0,0.9660137891769409,1000.0,966.0137939453125,pair_11_neg,-1,0.7282054424285889,0.8357450366020203,0.9266473650932312,926.6473388671875,piebench_8_change_background_80_811000000003,0.7,10,appearance_like,first_two
20260885,8_change_background_80,0,images/piebench_8_change_background_80_811000000003/first_two/early/pair_12_pos.jpg,images/piebench_8_change_background_80_811000000003/first_two/final/pair_12_pos.jpg,3.5,Change the background from yellow to blue.,12,1.0,0.9660137891769409,1000.0,966.0137939453125,pair_12_pos,1,0.9790926575660706,1.068271279335022,0.9266473650932312,926.6473388671875,piebench_8_change_background_80_811000000003,0.7,10,appearance_like,first_two
20260885,8_change_background_80,0,images/piebench_8_change_background_80_811000000003/first_two/early/pair_12_neg.jpg,images/piebench_8_change_background_80_811000000003/first_two/final/pair_12_neg.jpg,3.5,Change the background from yellow to blue.,12,1.0,0.9660137891769409,1000.0,966.0137939453125,pair_12_neg,-1,0.7354485392570496,0.7148996591567993,0.9266473650932312,926.6473388671875,piebench_8_change_background_80_811000000003,0.7,10,appearance_like,first_two
20260885,8_change_background_80,0,images/piebench_8_change_background_80_811000000003/first_two/early/pair_13_pos.jpg,images/piebench_8_change_background_80_811000000003/first_two/final/pair_13_pos.jpg,3.5,Change the background from yellow to blue.,13,1.0,0.9660137891769409,1000.0,966.0137939453125,pair_13_pos,1,0.8526094555854797,0.9633582234382629,0.9266473650932312,926.6473388671875,piebench_8_change_background_80_811000000003,0.7,10,appearance_like,first_two
20260885,8_change_background_80,0,images/piebench_8_change_background_80_811000000003/first_two/early/pair_13_neg.jpg,images/piebench_8_change_background_80_811000000003/first_two/final/pair_13_neg.jpg,3.5,Change the background from yellow to blue.,13,1.0,0.9660137891769409,1000.0,966.0137939453125,pair_13_neg,-1,0.810929536819458,0.7380661368370056,0.9266473650932312,926.6473388671875,piebench_8_change_background_80_811000000003,0.7,10,appearance_like,first_two
20260885,8_change_background_80,0,images/piebench_8_change_background_80_811000000003/first_two/early/pair_14_pos.jpg,images/piebench_8_change_background_80_811000000003/first_two/final/pair_14_pos.jpg,3.5,Change the background from yellow to blue.,14,1.0,0.9660137891769409,1000.0,966.0137939453125,pair_14_pos,1,0.8684728741645813,0.9543176293373108,0.9266473650932312,926.6473388671875,piebench_8_change_background_80_811000000003,0.7,10,appearance_like,first_two
20260885,8_change_background_80,0,images/piebench_8_change_background_80_811000000003/first_two/early/pair_14_neg.jpg,images/piebench_8_change_background_80_811000000003/first_two/final/pair_14_neg.jpg,3.5,Change the background from yellow to blue.,14,1.0,0.9660137891769409,1000.0,966.0137939453125,pair_14_neg,-1,1.0330395698547363,0.9888666868209839,0.9266473650932312,926.6473388671875,piebench_8_change_background_80_811000000003,0.7,10,appearance_like,first_two
20260885,8_change_background_80,0,images/piebench_8_change_background_80_811000000003/first_two/early/pair_15_pos.jpg,images/piebench_8_change_background_80_811000000003/first_two/final/pair_15_pos.jpg,3.5,Change the background from yellow to blue.,15,1.0,0.9660137891769409,1000.0,966.0137939453125,pair_15_pos,1,0.7430888414382935,0.7554563879966736,0.9266473650932312,926.6473388671875,piebench_8_change_background_80_811000000003,0.7,10,appearance_like,first_two
20260885,8_change_background_80,0,images/piebench_8_change_background_80_811000000003/first_two/early/pair_15_neg.jpg,images/piebench_8_change_background_80_811000000003/first_two/final/pair_15_neg.jpg,3.5,Change the background from yellow to blue.,15,1.0,0.9660137891769409,1000.0,966.0137939453125,pair_15_neg,-1,1.0060181617736816,1.060542106628418,0.9266473650932312,926.6473388671875,piebench_8_change_background_80_811000000003,0.7,10,appearance_like,first_two
20260914,9_change_style_80,0,images/piebench_9_change_style_80_912000000002/first_only/early/pair_00_pos.jpg,images/piebench_9_change_style_80_912000000002/first_only/final/pair_00_pos.jpg,3.5,Render the image as a Chinese watercolor painting.,0,1.0,,1000.0,,pair_00_pos,1,0.8019899129867554,0.9403326511383057,0.9660137891769409,966.0137939453125,piebench_9_change_style_80_912000000002,0.7,10,appearance_like,first_only
20260914,9_change_style_80,0,images/piebench_9_change_style_80_912000000002/first_only/early/pair_00_neg.jpg,images/piebench_9_change_style_80_912000000002/first_only/final/pair_00_neg.jpg,3.5,Render the image as a Chinese watercolor painting.,0,1.0,,1000.0,,pair_00_neg,-1,0.7956794500350952,0.8674333095550537,0.9660137891769409,966.0137939453125,piebench_9_change_style_80_912000000002,0.7,10,appearance_like,first_only
20260914,9_change_style_80,0,images/piebench_9_change_style_80_912000000002/first_only/early/pair_01_pos.jpg,images/piebench_9_change_style_80_912000000002/first_only/final/pair_01_pos.jpg,3.5,Render the image as a Chinese watercolor painting.,1,1.0,,1000.0,,pair_01_pos,1,0.7559005618095398,0.9222351312637329,0.9660137891769409,966.0137939453125,piebench_9_change_style_80_912000000002,0.7,10,appearance_like,first_only
20260914,9_change_style_80,0,images/piebench_9_change_style_80_912000000002/first_only/early/pair_01_neg.jpg,images/piebench_9_change_style_80_912000000002/first_only/final/pair_01_neg.jpg,3.5,Render the image as a Chinese watercolor painting.,1,1.0,,1000.0,,pair_01_neg,-1,0.9016933441162109,1.0065077543258667,0.9660137891769409,966.0137939453125,piebench_9_change_style_80_912000000002,0.7,10,appearance_like,first_only
20260914,9_change_style_80,0,images/piebench_9_change_style_80_912000000002/first_only/early/pair_02_pos.jpg,images/piebench_9_change_style_80_912000000002/first_only/final/pair_02_pos.jpg,3.5,Render the image as a Chinese watercolor painting.,2,1.0,,1000.0,,pair_02_pos,1,0.7717293500900269,0.9253688454627991,0.9660137891769409,966.0137939453125,piebench_9_change_style_80_912000000002,0.7,10,appearance_like,first_only
20260914,9_change_style_80,0,images/piebench_9_change_style_80_912000000002/first_only/early/pair_02_neg.jpg,images/piebench_9_change_style_80_912000000002/first_only/final/pair_02_neg.jpg,3.5,Render the image as a Chinese watercolor painting.,2,1.0,,1000.0,,pair_02_neg,-1,0.7956481575965881,0.9166848659515381,0.9660137891769409,966.0137939453125,piebench_9_change_style_80_912000000002,0.7,10,appearance_like,first_only
20260914,9_change_style_80,0,images/piebench_9_change_style_80_912000000002/first_only/early/pair_03_pos.jpg,images/piebench_9_change_style_80_912000000002/first_only/final/pair_03_pos.jpg,3.5,Render the image as a Chinese watercolor painting.,3,1.0,,1000.0,,pair_03_pos,1,0.7479893565177917,0.9145453572273254,0.9660137891769409,966.0137939453125,piebench_9_change_style_80_912000000002,0.7,10,appearance_like,first_only
20260914,9_change_style_80,0,images/piebench_9_change_style_80_912000000002/first_only/early/pair_03_neg.jpg,images/piebench_9_change_style_80_912000000002/first_only/final/pair_03_neg.jpg,3.5,Render the image as a Chinese watercolor painting.,3,1.0,,1000.0,,pair_03_neg,-1,0.8993988633155823,0.9521342515945435,0.9660137891769409,966.0137939453125,piebench_9_change_style_80_912000000002,0.7,10,appearance_like,first_only
20260914,9_change_style_80,0,images/piebench_9_change_style_80_912000000002/first_only/early/pair_04_pos.jpg,images/piebench_9_change_style_80_912000000002/first_only/final/pair_04_pos.jpg,3.5,Render the image as a Chinese watercolor painting.,4,1.0,,1000.0,,pair_04_pos,1,0.8952791690826416,0.9143953919410706,0.9660137891769409,966.0137939453125,piebench_9_change_style_80_912000000002,0.7,10,appearance_like,first_only
20260914,9_change_style_80,0,images/piebench_9_change_style_80_912000000002/first_only/early/pair_04_neg.jpg,images/piebench_9_change_style_80_912000000002/first_only/final/pair_04_neg.jpg,3.5,Render the image as a Chinese watercolor painting.,4,1.0,,1000.0,,pair_04_neg,-1,0.8149452209472656,0.9091690182685852,0.9660137891769409,966.0137939453125,piebench_9_change_style_80_912000000002,0.7,10,appearance_like,first_only
20260914,9_change_style_80,0,images/piebench_9_change_style_80_912000000002/first_only/early/pair_05_pos.jpg,images/piebench_9_change_style_80_912000000002/first_only/final/pair_05_pos.jpg,3.5,Render the image as a Chinese watercolor painting.,5,1.0,,1000.0,,pair_05_pos,1,0.8799355626106262,0.9407395720481873,0.9660137891769409,966.0137939453125,piebench_9_change_style_80_912000000002,0.7,10,appearance_like,first_only
20260914,9_change_style_80,0,images/piebench_9_change_style_80_912000000002/first_only/early/pair_05_neg.jpg,images/piebench_9_change_style_80_912000000002/first_only/final/pair_05_neg.jpg,3.5,Render the image as a Chinese watercolor painting.,5,1.0,,1000.0,,pair_05_neg,-1,0.685922384262085,0.8794875741004944,0.9660137891769409,966.0137939453125,piebench_9_change_style_80_912000000002,0.7,10,appearance_like,first_only
20260914,9_change_style_80,0,images/piebench_9_change_style_80_912000000002/first_only/early/pair_06_pos.jpg,images/piebench_9_change_style_80_912000000002/first_only/final/pair_06_pos.jpg,3.5,Render the image as a Chinese watercolor painting.,6,1.0,,1000.0,,pair_06_pos,1,0.8330012559890747,0.8745781779289246,0.9660137891769409,966.0137939453125,piebench_9_change_style_80_912000000002,0.7,10,appearance_like,first_only
20260914,9_change_style_80,0,images/piebench_9_change_style_80_912000000002/first_only/early/pair_06_neg.jpg,images/piebench_9_change_style_80_912000000002/first_only/final/pair_06_neg.jpg,3.5,Render the image as a Chinese watercolor painting.,6,1.0,,1000.0,,pair_06_neg,-1,0.8145597577095032,0.9485865235328674,0.9660137891769409,966.0137939453125,piebench_9_change_style_80_912000000002,0.7,10,appearance_like,first_only
20260914,9_change_style_80,0,images/piebench_9_change_style_80_912000000002/first_only/early/pair_07_pos.jpg,images/piebench_9_change_style_80_912000000002/first_only/final/pair_07_pos.jpg,3.5,Render the image as a Chinese watercolor painting.,7,1.0,,1000.0,,pair_07_pos,1,0.9013845920562744,0.916571319103241,0.9660137891769409,966.0137939453125,piebench_9_change_style_80_912000000002,0.7,10,appearance_like,first_only
20260914,9_change_style_80,0,images/piebench_9_change_style_80_912000000002/first_only/early/pair_07_neg.jpg,images/piebench_9_change_style_80_912000000002/first_only/final/pair_07_neg.jpg,3.5,Render the image as a Chinese watercolor painting.,7,1.0,,1000.0,,pair_07_neg,-1,0.7266740202903748,0.9284981489181519,0.9660137891769409,966.0137939453125,piebench_9_change_style_80_912000000002,0.7,10,appearance_like,first_only
20260914,9_change_style_80,0,images/piebench_9_change_style_80_912000000002/first_only/early/pair_08_pos.jpg,images/piebench_9_change_style_80_912000000002/first_only/final/pair_08_pos.jpg,3.5,Render the image as a Chinese watercolor painting.,8,1.0,,1000.0,,pair_08_pos,1,0.7598738074302673,0.9124749898910522,0.9660137891769409,966.0137939453125,piebench_9_change_style_80_912000000002,0.7,10,appearance_like,first_only
20260914,9_change_style_80,0,images/piebench_9_change_style_80_912000000002/first_only/early/pair_08_neg.jpg,images/piebench_9_change_style_80_912000000002/first_only/final/pair_08_neg.jpg,3.5,Render the image as a Chinese watercolor painting.,8,1.0,,1000.0,,pair_08_neg,-1,0.8983867764472961,0.9400717616081238,0.9660137891769409,966.0137939453125,piebench_9_change_style_80_912000000002,0.7,10,appearance_like,first_only
20260914,9_change_style_80,0,images/piebench_9_change_style_80_912000000002/first_only/early/pair_09_pos.jpg,images/piebench_9_change_style_80_912000000002/first_only/final/pair_09_pos.jpg,3.5,Render the image as a Chinese watercolor painting.,9,1.0,,1000.0,,pair_09_pos,1,0.8841767311096191,0.9380339980125427,0.9660137891769409,966.0137939453125,piebench_9_change_style_80_912000000002,0.7,10,appearance_like,first_only
20260914,9_change_style_80,0,images/piebench_9_change_style_80_912000000002/first_only/early/pair_09_neg.jpg,images/piebench_9_change_style_80_912000000002/first_only/final/pair_09_neg.jpg,3.5,Render the image as a Chinese watercolor painting.,9,1.0,,1000.0,,pair_09_neg,-1,0.7291890382766724,0.9080526828765869,0.9660137891769409,966.0137939453125,piebench_9_change_style_80_912000000002,0.7,10,appearance_like,first_only
20260914,9_change_style_80,0,images/piebench_9_change_style_80_912000000002/first_only/early/pair_10_pos.jpg,images/piebench_9_change_style_80_912000000002/first_only/final/pair_10_pos.jpg,3.5,Render the image as a Chinese watercolor painting.,10,1.0,,1000.0,,pair_10_pos,1,0.7047480344772339,0.9012397527694702,0.9660137891769409,966.0137939453125,piebench_9_change_style_80_912000000002,0.7,10,appearance_like,first_only
20260914,9_change_style_80,0,images/piebench_9_change_style_80_912000000002/first_only/early/pair_10_neg.jpg,images/piebench_9_change_style_80_912000000002/first_only/final/pair_10_neg.jpg,3.5,Render the image as a Chinese watercolor painting.,10,1.0,,1000.0,,pair_10_neg,-1,0.9221646189689636,0.9613320231437683,0.9660137891769409,966.0137939453125,piebench_9_change_style_80_912000000002,0.7,10,appearance_like,first_only
20260914,9_change_style_80,0,images/piebench_9_change_style_80_912000000002/first_only/early/pair_11_pos.jpg,images/piebench_9_change_style_80_912000000002/first_only/final/pair_11_pos.jpg,3.5,Render the image as a Chinese watercolor painting.,11,1.0,,1000.0,,pair_11_pos,1,0.9392847418785095,0.9436534643173218,0.9660137891769409,966.0137939453125,piebench_9_change_style_80_912000000002,0.7,10,appearance_like,first_only
20260914,9_change_style_80,0,images/piebench_9_change_style_80_912000000002/first_only/early/pair_11_neg.jpg,images/piebench_9_change_style_80_912000000002/first_only/final/pair_11_neg.jpg,3.5,Render the image as a Chinese watercolor painting.,11,1.0,,1000.0,,pair_11_neg,-1,0.7357780933380127,0.9033843874931335,0.9660137891769409,966.0137939453125,piebench_9_change_style_80_912000000002,0.7,10,appearance_like,first_only
20260914,9_change_style_80,0,images/piebench_9_change_style_80_912000000002/first_only/early/pair_12_pos.jpg,images/piebench_9_change_style_80_912000000002/first_only/final/pair_12_pos.jpg,3.5,Render the image as a Chinese watercolor painting.,12,1.0,,1000.0,,pair_12_pos,1,0.7853057980537415,0.9214509129524231,0.9660137891769409,966.0137939453125,piebench_9_change_style_80_912000000002,0.7,10,appearance_like,first_only
20260914,9_change_style_80,0,images/piebench_9_change_style_80_912000000002/first_only/early/pair_12_neg.jpg,images/piebench_9_change_style_80_912000000002/first_only/final/pair_12_neg.jpg,3.5,Render the image as a Chinese watercolor painting.,12,1.0,,1000.0,,pair_12_neg,-1,0.861316978931427,0.803028404712677,0.9660137891769409,966.0137939453125,piebench_9_change_style_80_912000000002,0.7,10,appearance_like,first_only
20260914,9_change_style_80,0,images/piebench_9_change_style_80_912000000002/first_only/early/pair_13_pos.jpg,images/piebench_9_change_style_80_912000000002/first_only/final/pair_13_pos.jpg,3.5,Render the image as a Chinese watercolor painting.,13,1.0,,1000.0,,pair_13_pos,1,0.7621556520462036,0.9773389101028442,0.9660137891769409,966.0137939453125,piebench_9_change_style_80_912000000002,0.7,10,appearance_like,first_only
20260914,9_change_style_80,0,images/piebench_9_change_style_80_912000000002/first_only/early/pair_13_neg.jpg,images/piebench_9_change_style_80_912000000002/first_only/final/pair_13_neg.jpg,3.5,Render the image as a Chinese watercolor painting.,13,1.0,,1000.0,,pair_13_neg,-1,0.8580530285835266,0.9271255731582642,0.9660137891769409,966.0137939453125,piebench_9_change_style_80_912000000002,0.7,10,appearance_like,first_only
20260914,9_change_style_80,0,images/piebench_9_change_style_80_912000000002/first_only/early/pair_14_pos.jpg,images/piebench_9_change_style_80_912000000002/first_only/final/pair_14_pos.jpg,3.5,Render the image as a Chinese watercolor painting.,14,1.0,,1000.0,,pair_14_pos,1,0.7753031253814697,0.8808188438415527,0.9660137891769409,966.0137939453125,piebench_9_change_style_80_912000000002,0.7,10,appearance_like,first_only
20260914,9_change_style_80,0,images/piebench_9_change_style_80_912000000002/first_only/early/pair_14_neg.jpg,images/piebench_9_change_style_80_912000000002/first_only/final/pair_14_neg.jpg,3.5,Render the image as a Chinese watercolor painting.,14,1.0,,1000.0,,pair_14_neg,-1,0.8966606259346008,1.0337908267974854,0.9660137891769409,966.0137939453125,piebench_9_change_style_80_912000000002,0.7,10,appearance_like,first_only
20260914,9_change_style_80,0,images/piebench_9_change_style_80_912000000002/first_only/early/pair_15_pos.jpg,images/piebench_9_change_style_80_912000000002/first_only/final/pair_15_pos.jpg,3.5,Render the image as a Chinese watercolor painting.,15,1.0,,1000.0,,pair_15_pos,1,0.8594259023666382,0.9575417041778564,0.9660137891769409,966.0137939453125,piebench_9_change_style_80_912000000002,0.7,10,appearance_like,first_only
20260914,9_change_style_80,0,images/piebench_9_change_style_80_912000000002/first_only/early/pair_15_neg.jpg,images/piebench_9_change_style_80_912000000002/first_only/final/pair_15_neg.jpg,3.5,Render the image as a Chinese watercolor painting.,15,1.0,,1000.0,,pair_15_neg,-1,0.751558780670166,0.8938202857971191,0.9660137891769409,966.0137939453125,piebench_9_change_style_80_912000000002,0.7,10,appearance_like,first_only
20260914,9_change_style_80,0,images/piebench_9_change_style_80_912000000002/first_two/early/pair_00_pos.jpg,images/piebench_9_change_style_80_912000000002/first_two/final/pair_00_pos.jpg,3.5,Render the image as a Chinese watercolor painting.,0,1.0,0.9660137891769409,1000.0,966.0137939453125,pair_00_pos,1,0.7665156722068787,0.977427065372467,0.9266473650932312,926.6473388671875,piebench_9_change_style_80_912000000002,0.7,10,appearance_like,first_two
20260914,9_change_style_80,0,images/piebench_9_change_style_80_912000000002/first_two/early/pair_00_neg.jpg,images/piebench_9_change_style_80_912000000002/first_two/final/pair_00_neg.jpg,3.5,Render the image as a Chinese watercolor painting.,0,1.0,0.9660137891769409,1000.0,966.0137939453125,pair_00_neg,-1,0.8292707204818726,0.847892165184021,0.9266473650932312,926.6473388671875,piebench_9_change_style_80_912000000002,0.7,10,appearance_like,first_two
20260914,9_change_style_80,0,images/piebench_9_change_style_80_912000000002/first_two/early/pair_01_pos.jpg,images/piebench_9_change_style_80_912000000002/first_two/final/pair_01_pos.jpg,3.5,Render the image as a Chinese watercolor painting.,1,1.0,0.9660137891769409,1000.0,966.0137939453125,pair_01_pos,1,0.7628099918365479,0.9455912709236145,0.9266473650932312,926.6473388671875,piebench_9_change_style_80_912000000002,0.7,10,appearance_like,first_two
20260914,9_change_style_80,0,images/piebench_9_change_style_80_912000000002/first_two/early/pair_01_neg.jpg,images/piebench_9_change_style_80_912000000002/first_two/final/pair_01_neg.jpg,3.5,Render the image as a Chinese watercolor painting.,1,1.0,0.9660137891769409,1000.0,966.0137939453125,pair_01_neg,-1,0.8822484016418457,0.9490472078323364,0.9266473650932312,926.6473388671875,piebench_9_change_style_80_912000000002,0.7,10,appearance_like,first_two
20260914,9_change_style_80,0,images/piebench_9_change_style_80_912000000002/first_two/early/pair_02_pos.jpg,images/piebench_9_change_style_80_912000000002/first_two/final/pair_02_pos.jpg,3.5,Render the image as a Chinese watercolor painting.,2,1.0,0.9660137891769409,1000.0,966.0137939453125,pair_02_pos,1,0.7852195501327515,0.8685347437858582,0.9266473650932312,926.6473388671875,piebench_9_change_style_80_912000000002,0.7,10,appearance_like,first_two
20260914,9_change_style_80,0,images/piebench_9_change_style_80_912000000002/first_two/early/pair_02_neg.jpg,images/piebench_9_change_style_80_912000000002/first_two/final/pair_02_neg.jpg,3.5,Render the image as a Chinese watercolor painting.,2,1.0,0.9660137891769409,1000.0,966.0137939453125,pair_02_neg,-1,0.791138768196106,0.9424430131912231,0.9266473650932312,926.6473388671875,piebench_9_change_style_80_912000000002,0.7,10,appearance_like,first_two
20260914,9_change_style_80,0,images/piebench_9_change_style_80_912000000002/first_two/early/pair_03_pos.jpg,images/piebench_9_change_style_80_912000000002/first_two/final/pair_03_pos.jpg,3.5,Render the image as a Chinese watercolor painting.,3,1.0,0.9660137891769409,1000.0,966.0137939453125,pair_03_pos,1,0.8271276354789734,0.8592419624328613,0.9266473650932312,926.6473388671875,piebench_9_change_style_80_912000000002,0.7,10,appearance_like,first_two
20260914,9_change_style_80,0,images/piebench_9_change_style_80_912000000002/first_two/early/pair_03_neg.jpg,images/piebench_9_change_style_80_912000000002/first_two/final/pair_03_neg.jpg,3.5,Render the image as a Chinese watercolor painting.,3,1.0,0.9660137891769409,1000.0,966.0137939453125,pair_03_neg,-1,0.807712197303772,0.9565845131874084,0.9266473650932312,926.6473388671875,piebench_9_change_style_80_912000000002,0.7,10,appearance_like,first_two
20260914,9_change_style_80,0,images/piebench_9_change_style_80_912000000002/first_two/early/pair_04_pos.jpg,images/piebench_9_change_style_80_912000000002/first_two/final/pair_04_pos.jpg,3.5,Render the image as a Chinese watercolor painting.,4,1.0,0.9660137891769409,1000.0,966.0137939453125,pair_04_pos,1,0.850441575050354,0.8812976479530334,0.9266473650932312,926.6473388671875,piebench_9_change_style_80_912000000002,0.7,10,appearance_like,first_two
20260914,9_change_style_80,0,images/piebench_9_change_style_80_912000000002/first_two/early/pair_04_neg.jpg,images/piebench_9_change_style_80_912000000002/first_two/final/pair_04_neg.jpg,3.5,Render the image as a Chinese watercolor painting.,4,1.0,0.9660137891769409,1000.0,966.0137939453125,pair_04_neg,-1,0.8298729062080383,0.898527204990387,0.9266473650932312,926.6473388671875,piebench_9_change_style_80_912000000002,0.7,10,appearance_like,first_two
20260914,9_change_style_80,0,images/piebench_9_change_style_80_912000000002/first_two/early/pair_05_pos.jpg,images/piebench_9_change_style_80_912000000002/first_two/final/pair_05_pos.jpg,3.5,Render the image as a Chinese watercolor painting.,5,1.0,0.9660137891769409,1000.0,966.0137939453125,pair_05_pos,1,0.7309495806694031,0.9317407608032227,0.9266473650932312,926.6473388671875,piebench_9_change_style_80_912000000002,0.7,10,appearance_like,first_two
20260914,9_change_style_80,0,images/piebench_9_change_style_80_912000000002/first_two/early/pair_05_neg.jpg,images/piebench_9_change_style_80_912000000002/first_two/final/pair_05_neg.jpg,3.5,Render the image as a Chinese watercolor painting.,5,1.0,0.9660137891769409,1000.0,966.0137939453125,pair_05_neg,-1,0.7825182676315308,0.8704923391342163,0.9266473650932312,926.6473388671875,piebench_9_change_style_80_912000000002,0.7,10,appearance_like,first_two
20260914,9_change_style_80,0,images/piebench_9_change_style_80_912000000002/first_two/early/pair_06_pos.jpg,images/piebench_9_change_style_80_912000000002/first_two/final/pair_06_pos.jpg,3.5,Render the image as a Chinese watercolor painting.,6,1.0,0.9660137891769409,1000.0,966.0137939453125,pair_06_pos,1,0.9059597253799438,0.844822883605957,0.9266473650932312,926.6473388671875,piebench_9_change_style_80_912000000002,0.7,10,appearance_like,first_two
20260914,9_change_style_80,0,images/piebench_9_change_style_80_912000000002/first_two/early/pair_06_neg.jpg,images/piebench_9_change_style_80_912000000002/first_two/final/pair_06_neg.jpg,3.5,Render the image as a Chinese watercolor painting.,6,1.0,0.9660137891769409,1000.0,966.0137939453125,pair_06_neg,-1,0.9105730652809143,0.9730579257011414,0.9266473650932312,926.6473388671875,piebench_9_change_style_80_912000000002,0.7,10,appearance_like,first_two
20260914,9_change_style_80,0,images/piebench_9_change_style_80_912000000002/first_two/early/pair_07_pos.jpg,images/piebench_9_change_style_80_912000000002/first_two/final/pair_07_pos.jpg,3.5,Render the image as a Chinese watercolor painting.,7,1.0,0.9660137891769409,1000.0,966.0137939453125,pair_07_pos,1,0.889533281326294,0.9051867723464966,0.9266473650932312,926.6473388671875,piebench_9_change_style_80_912000000002,0.7,10,appearance_like,first_two
20260914,9_change_style_80,0,images/piebench_9_change_style_80_912000000002/first_two/early/pair_07_neg.jpg,images/piebench_9_change_style_80_912000000002/first_two/final/pair_07_neg.jpg,3.5,Render the image as a Chinese watercolor painting.,7,1.0,0.9660137891769409,1000.0,966.0137939453125,pair_07_neg,-1,0.7159937620162964,0.9139488935470581,0.9266473650932312,926.6473388671875,piebench_9_change_style_80_912000000002,0.7,10,appearance_like,first_two
20260914,9_change_style_80,0,images/piebench_9_change_style_80_912000000002/first_two/early/pair_08_pos.jpg,images/piebench_9_change_style_80_912000000002/first_two/final/pair_08_pos.jpg,3.5,Render the image as a Chinese watercolor painting.,8,1.0,0.9660137891769409,1000.0,966.0137939453125,pair_08_pos,1,0.8269222378730774,0.9316254258155823,0.9266473650932312,926.6473388671875,piebench_9_change_style_80_912000000002,0.7,10,appearance_like,first_two
20260914,9_change_style_80,0,images/piebench_9_change_style_80_912000000002/first_two/early/pair_08_neg.jpg,images/piebench_9_change_style_80_912000000002/first_two/final/pair_08_neg.jpg,3.5,Render the image as a Chinese watercolor painting.,8,1.0,0.9660137891769409,1000.0,966.0137939453125,pair_08_neg,-1,0.8476561903953552,0.9038242101669312,0.9266473650932312,926.6473388671875,piebench_9_change_style_80_912000000002,0.7,10,appearance_like,first_two
20260914,9_change_style_80,0,images/piebench_9_change_style_80_912000000002/first_two/early/pair_09_pos.jpg,images/piebench_9_change_style_80_912000000002/first_two/final/pair_09_pos.jpg,3.5,Render the image as a Chinese watercolor painting.,9,1.0,0.9660137891769409,1000.0,966.0137939453125,pair_09_pos,1,0.7628434300422668,0.9340042471885681,0.9266473650932312,926.6473388671875,piebench_9_change_style_80_912000000002,0.7,10,appearance_like,first_two
20260914,9_change_style_80,0,images/piebench_9_change_style_80_912000000002/first_two/early/pair_09_neg.jpg,images/piebench_9_change_style_80_912000000002/first_two/final/pair_09_neg.jpg,3.5,Render the image as a Chinese watercolor painting.,9,1.0,0.9660137891769409,1000.0,966.0137939453125,pair_09_neg,-1,0.8188847303390503,0.8807483911514282,0.9266473650932312,926.6473388671875,piebench_9_change_style_80_912000000002,0.7,10,appearance_like,first_two
20260914,9_change_style_80,0,images/piebench_9_change_style_80_912000000002/first_two/early/pair_10_pos.jpg,images/piebench_9_change_style_80_912000000002/first_two/final/pair_10_pos.jpg,3.5,Render the image as a Chinese watercolor painting.,10,1.0,0.9660137891769409,1000.0,966.0137939453125,pair_10_pos,1,0.7418584227561951,0.8574385643005371,0.9266473650932312,926.6473388671875,piebench_9_change_style_80_912000000002,0.7,10,appearance_like,first_two
20260914,9_change_style_80,0,images/piebench_9_change_style_80_912000000002/first_two/early/pair_10_neg.jpg,images/piebench_9_change_style_80_912000000002/first_two/final/pair_10_neg.jpg,3.5,Render the image as a Chinese watercolor painting.,10,1.0,0.9660137891769409,1000.0,966.0137939453125,pair_10_neg,-1,0.8945675492286682,0.9492350220680237,0.9266473650932312,926.6473388671875,piebench_9_change_style_80_912000000002,0.7,10,appearance_like,first_two
20260914,9_change_style_80,0,images/piebench_9_change_style_80_912000000002/first_two/early/pair_11_pos.jpg,images/piebench_9_change_style_80_912000000002/first_two/final/pair_11_pos.jpg,3.5,Render the image as a Chinese watercolor painting.,11,1.0,0.9660137891769409,1000.0,966.0137939453125,pair_11_pos,1,0.8524894118309021,0.8686560392379761,0.9266473650932312,926.6473388671875,piebench_9_change_style_80_912000000002,0.7,10,appearance_like,first_two
20260914,9_change_style_80,0,images/piebench_9_change_style_80_912000000002/first_two/early/pair_11_neg.jpg,images/piebench_9_change_style_80_912000000002/first_two/final/pair_11_neg.jpg,3.5,Render the image as a Chinese watercolor painting.,11,1.0,0.9660137891769409,1000.0,966.0137939453125,pair_11_neg,-1,0.7637468576431274,0.9121975302696228,0.9266473650932312,926.6473388671875,piebench_9_change_style_80_912000000002,0.7,10,appearance_like,first_two
20260914,9_change_style_80,0,images/piebench_9_change_style_80_912000000002/first_two/early/pair_12_pos.jpg,images/piebench_9_change_style_80_912000000002/first_two/final/pair_12_pos.jpg,3.5,Render the image as a Chinese watercolor painting.,12,1.0,0.9660137891769409,1000.0,966.0137939453125,pair_12_pos,1,0.7456150650978088,0.9424182176589966,0.9266473650932312,926.6473388671875,piebench_9_change_style_80_912000000002,0.7,10,appearance_like,first_two
20260914,9_change_style_80,0,images/piebench_9_change_style_80_912000000002/first_two/early/pair_12_neg.jpg,images/piebench_9_change_style_80_912000000002/first_two/final/pair_12_neg.jpg,3.5,Render the image as a Chinese watercolor painting.,12,1.0,0.9660137891769409,1000.0,966.0137939453125,pair_12_neg,-1,0.8529905676841736,0.7682650089263916,0.9266473650932312,926.6473388671875,piebench_9_change_style_80_912000000002,0.7,10,appearance_like,first_two
20260914,9_change_style_80,0,images/piebench_9_change_style_80_912000000002/first_two/early/pair_13_pos.jpg,images/piebench_9_change_style_80_912000000002/first_two/final/pair_13_pos.jpg,3.5,Render the image as a Chinese watercolor painting.,13,1.0,0.9660137891769409,1000.0,966.0137939453125,pair_13_pos,1,0.744958758354187,0.9268445372581482,0.9266473650932312,926.6473388671875,piebench_9_change_style_80_912000000002,0.7,10,appearance_like,first_two
20260914,9_change_style_80,0,images/piebench_9_change_style_80_912000000002/first_two/early/pair_13_neg.jpg,images/piebench_9_change_style_80_912000000002/first_two/final/pair_13_neg.jpg,3.5,Render the image as a Chinese watercolor painting.,13,1.0,0.9660137891769409,1000.0,966.0137939453125,pair_13_neg,-1,0.9022634029388428,0.885493814945221,0.9266473650932312,926.6473388671875,piebench_9_change_style_80_912000000002,0.7,10,appearance_like,first_two
20260914,9_change_style_80,0,images/piebench_9_change_style_80_912000000002/first_two/early/pair_14_pos.jpg,images/piebench_9_change_style_80_912000000002/first_two/final/pair_14_pos.jpg,3.5,Render the image as a Chinese watercolor painting.,14,1.0,0.9660137891769409,1000.0,966.0137939453125,pair_14_pos,1,0.7933591604232788,0.9398685693740845,0.9266473650932312,926.6473388671875,piebench_9_change_style_80_912000000002,0.7,10,appearance_like,first_two
20260914,9_change_style_80,0,images/piebench_9_change_style_80_912000000002/first_two/early/pair_14_neg.jpg,images/piebench_9_change_style_80_912000000002/first_two/final/pair_14_neg.jpg,3.5,Render the image as a Chinese watercolor painting.,14,1.0,0.9660137891769409,1000.0,966.0137939453125,pair_14_neg,-1,0.7908979654312134,0.948929488658905,0.9266473650932312,926.6473388671875,piebench_9_change_style_80_912000000002,0.7,10,appearance_like,first_two
20260914,9_change_style_80,0,images/piebench_9_change_style_80_912000000002/first_two/early/pair_15_pos.jpg,images/piebench_9_change_style_80_912000000002/first_two/final/pair_15_pos.jpg,3.5,Render the image as a Chinese watercolor painting.,15,1.0,0.9660137891769409,1000.0,966.0137939453125,pair_15_pos,1,0.7965829968452454,0.9136387705802917,0.9266473650932312,926.6473388671875,piebench_9_change_style_80_912000000002,0.7,10,appearance_like,first_two
20260914,9_change_style_80,0,images/piebench_9_change_style_80_912000000002/first_two/early/pair_15_neg.jpg,images/piebench_9_change_style_80_912000000002/first_two/final/pair_15_neg.jpg,3.5,Render the image as a Chinese watercolor painting.,15,1.0,0.9660137891769409,1000.0,966.0137939453125,pair_15_neg,-1,0.851293683052063,0.8950018286705017,0.9266473650932312,926.6473388671875,piebench_9_change_style_80_912000000002,0.7,10,appearance_like,first_two
